Location,Fault_type,Ik_kA,MVA_reported,MVA_recomputed,Rel_err,Check
F1,LLL,126.214141,4809.405,4809.4,0.0,PASS
F1,LG,0.007272,0.277,0.28,0.000362,PASS
F1,LL,109.251634,4163.046,4163.05,0.0,PASS
F1,LLG,109.253451,4163.116,4163.12,0.0,PASS
F2,LLL,126.214141,4809.405,4809.4,0.0,PASS
F2,LG,0.007272,0.277,0.28,0.000362,PASS
F2,LL,109.251634,4163.046,4163.05,0.0,PASS
F2,LLG,109.253451,4163.116,4163.12,0.0,PASS
F3,LLL,50.530885,20130.074,20130.07,0.0,PASS
F3,LG,45.737747,18220.623,18220.62,0.0,PASS
F3,LL,43.75886,17432.291,17432.29,0.0,PASS
F3,LLG,48.503662,19322.486,19322.49,0.0,PASS
F4,LLL,51.057596,20339.901,20339.9,0.0,PASS
F4,LG,46.117009,18371.711,18371.71,0.0,PASS
F4,LL,44.2151,17614.044,17614.04,0.0,PASS
F4,LLG,48.966335,19506.802,19506.8,0.0,PASS
F5,LLL,53.087007,21148.36,21148.36,0.0,PASS
F5,LG,48.466764,19307.787,19307.79,0.0,PASS
F5,LL,45.97258,18314.174,18314.17,0.0,PASS
F5,LLG,51.177498,20387.666,20387.67,0.0,PASS
F1,LG sanity,0.007272,0.277,7.27,,PASS
