fault_type,location,m,caseID,grid_dataset,XoR_P,zero_band,k0g,XdRole,NER_variant,GAT_variant,ZfMode,Zf_ohm,coupler,stage,unit,base,Irms_kA,Iang_deg,Iseq0_kA,Iseq1_kA,Iseq2_kA,r_kappa_ip,t_break_s,footnote,leg_GEN_kA,leg_GSUT_LV_kA,leg_GSUT_HV_kA,leg_UAT_kA,leg_GAT_HV_kA,leg_GAT_LV_kA,leg_LINE_total_kA,leg_LINE_B1_kA,leg_LINE_B2_kA,leg_GRID_kA,leg_NER_earth_kA,kcl_seq,kcl_ph,kcl_earth
LLL,F1,0.5,LF360_GAT_OUT,P,15,MID,1.5,sat,primary,H1,bolted,0,closed,Ikpp,kA,100MVA,126.21414119005,-110.669930009748,0,126.21414119005,0,348.255062723563,NaN,"bolted-baseline reference; ZfMode=bolted",55.0487096805279,72.1051542513644,72.1051542513644,0,NaN,NaN,72.1051542513644,NaN,NaN,72.1051542513643,NaN,7.38701334194669e-17,1.65178639832907e-16,NaN
LG,F1,0.5,LF360_GAT_OUT,P,15,MID,1.5,sat,primary,H1,bolted,0,closed,Ikpp,kA,100MVA,0.00727200442799167,-21.6515610520438,0.00242400147599722,0.00242400147599722,0.00242400147599722,0.0200652029504592,NaN,"bolted-baseline reference; ZfMode=bolted",8.41411669538933,8.01485161993916,8.015457382106,0.454431311393254,NaN,NaN,8.0154573821059,NaN,NaN,8.01545738210606,0.00242400147599719,8.36945864485871e-12,4.36056660542597e-12,5.03576031859122e-12
LL,F1,0.5,LF360_GAT_OUT,P,15,MID,1.5,sat,primary,H1,bolted,0,closed,Ikpp,kA,100MVA,109.251634191741,159.246106927685,0,63.0764604100081,63.0764604100081,301.45144085563,NaN,"bolted-baseline reference; ZfMode=bolted",8.3221405568171,8.12631746554141,29.0168211592792,0.227326429235986,NaN,NaN,29.0168211592796,NaN,NaN,29.0168211592788,NaN,1.65258798876285e-16,3.81648848068709e-16,NaN
LLG,F1,0.5,LF360_GAT_OUT,P,15,MID,1.5,sat,primary,H1,bolted,0,closed,Ikpp,kA,100MVA,109.253451365914,159.246093686566,0.00121259176813926,63.076468122751,63.076450935517,301.456454874658,NaN,"LLG single-earth path; bolted-baseline comparison; ZfMode=bolted",8.32144673193875,8.12562395340841,29.0174203926786,0.227326395090091,NaN,NaN,29.0174203926795,NaN,NaN,29.0174203926798,0.00121259176813921,3.69529862982672e-16,3.52028763025045e-16,2.945203019074e-12
LLL,F2,0.5,LF360_GAT_OUT,P,15,MID,1.5,sat,primary,H1,bolted,0,closed,Ikpp,kA,100MVA,126.21414119005,-110.669930009748,0,126.21414119005,0,348.255062723563,NaN,"bolted-baseline reference; ZfMode=bolted",55.0487096805279,72.1051542513644,72.1051542513644,0,NaN,NaN,72.1051542513644,NaN,NaN,72.1051542513643,NaN,7.38701334194669e-17,1.65178639832907e-16,NaN
LG,F2,0.5,LF360_GAT_OUT,P,15,MID,1.5,sat,primary,H1,bolted,0,closed,Ikpp,kA,100MVA,0.00727200442799167,-21.6515610520438,0.00242400147599722,0.00242400147599722,0.00242400147599722,0.0200652029504592,NaN,"bolted-baseline reference; ZfMode=bolted",8.41411669538933,8.01485161993916,8.015457382106,0.454431311393254,NaN,NaN,8.0154573821059,NaN,NaN,8.01545738210606,0.00242400147599719,8.36945864485871e-12,4.36056660542597e-12,5.03576031859122e-12
LL,F2,0.5,LF360_GAT_OUT,P,15,MID,1.5,sat,primary,H1,bolted,0,closed,Ikpp,kA,100MVA,109.251634191741,159.246106927685,0,63.0764604100081,63.0764604100081,301.45144085563,NaN,"bolted-baseline reference; ZfMode=bolted",8.3221405568171,8.12631746554141,29.0168211592792,0.227326429235986,NaN,NaN,29.0168211592796,NaN,NaN,29.0168211592788,NaN,1.65258798876285e-16,3.81648848068709e-16,NaN
LLG,F2,0.5,LF360_GAT_OUT,P,15,MID,1.5,sat,primary,H1,bolted,0,closed,Ikpp,kA,100MVA,109.253451365914,159.246093686566,0.00121259176813926,63.076468122751,63.076450935517,301.456454874658,NaN,"LLG single-earth path; bolted-baseline comparison; ZfMode=bolted",8.32144673193875,8.12562395340841,29.0174203926786,0.227326395090091,NaN,NaN,29.0174203926795,NaN,NaN,29.0174203926798,0.00121259176813921,3.69529862982672e-16,3.52028763025045e-16,2.945203019074e-12
LLL,F3,0.5,LF360_GAT_OUT,P,15,MID,1.5,sat,primary,H1,bolted,0,closed,Ikpp,kA,100MVA,50.5308851865359,-83.1124339013662,0,50.5308851865359,0,129.764659811708,NaN,"bolted-baseline reference; ZfMode=bolted",3.22851324750541,3.21840382095249,3.21840382095249,0.0172735916359758,NaN,NaN,47.3697866297748,NaN,NaN,47.3697866297748,NaN,1.76487860602243e-17,7.05951442408971e-17,NaN
LG,F3,0.5,LF360_GAT_OUT,P,15,MID,1.5,sat,primary,H1,bolted,0,closed,Ikpp,kA,100MVA,45.7377472846575,-83.1457682271016,15.2459157615525,15.2459157615525,15.2459157615525,117.455753942123,NaN,"bolted-baseline reference; ZfMode=bolted",2.15500463282079,2.12034497753438,5.17960192958267,0.0355186356399559,NaN,NaN,40.5828774652387,NaN,NaN,40.5828774652387,0,5.52095779496251e-15,2.3859463667493e-15,6.25163381401311e-16
LL,F3,0.5,LF360_GAT_OUT,P,15,MID,1.5,sat,primary,H1,bolted,0,closed,Ikpp,kA,100MVA,43.7588597564655,-173.119775835774,0,25.2641894598264,25.2641894598264,112.373918032194,NaN,"bolted-baseline reference; ZfMode=bolted",0.961418088097737,0.966036072844553,0.773076231729388,0.0303071166705572,NaN,NaN,0.773076231729384,NaN,NaN,0.773076231729385,NaN,2.68854808302364e-15,2.60864941963605e-15,NaN
LLG,F3,0.5,LF360_GAT_OUT,P,15,MID,1.5,sat,primary,H1,bolted,0,closed,Ikpp,kA,100MVA,48.5036617932619,32.3928350224767,13.9263066935507,32.2276873898655,18.3013847772616,124.558696112093,NaN,"LLG single-earth path; bolted-baseline comparison; ZfMode=bolted",1.44184972071598,1.43331595281269,2.24309144654402,0.0266947182075544,NaN,NaN,2.24309144654403,NaN,NaN,2.243091446544,0,8.48524279185384e-16,1.03553267499589e-15,5.60304545533971e-16
LLL,F4,0.5,LF360_GAT_OUT,P,15,MID,1.5,sat,primary,H1,bolted,0,closed,Ikpp,kA,100MVA,51.0575960885088,-83.1994743718321,0,51.0575960885088,0,131.308992692477,NaN,"bolted-baseline reference; ZfMode=bolted",3.18264385688993,3.17211723298559,3.17211723298559,0.0176654184303854,NaN,NaN,51.0575960885088,14.3251360654824,36.7367982629003,47.9460944641865,NaN,1.74667209271853e-17,1.39733767417482e-16,NaN
LG,F4,0.5,LF360_GAT_OUT,P,15,MID,1.5,sat,primary,H1,bolted,0,closed,Ikpp,kA,100MVA,46.1170088370327,-83.1994042514144,15.3723362790109,15.3723362790109,15.3723362790109,118.602880673885,NaN,"bolted-baseline reference; ZfMode=bolted",2.12886030632748,2.09401246567768,5.02993824392131,0.0356569217088774,NaN,NaN,46.1170088370324,14.0333756410459,32.0870263680783,41.1167063036877,0,9.43327714128928e-15,5.89274893337476e-15,1.8685911735465e-15
LL,F4,0.5,LF360_GAT_OUT,P,15,MID,1.5,sat,primary,H1,bolted,0,closed,Ikpp,kA,100MVA,44.215100268403,-173.206530399061,0,25.5276000422088,25.5276000422088,113.711586968889,NaN,"bolted-baseline reference; ZfMode=bolted",0.940370657561852,0.944581714833899,0.772983312817029,0.0305088665081112,NaN,NaN,1.09115455829269e-13,0.386491656408488,0.386491656408544,0.77298331281707,NaN,3.34866922696281e-15,2.48146175840213e-15,NaN
LLG,F4,0.5,LF360_GAT_OUT,P,15,MID,1.5,sat,primary,H1,bolted,0,closed,Ikpp,kA,100MVA,48.9663352242708,161.366228036338,14.0172709004445,32.5365638808855,18.5192937380214,125.930726213494,NaN,"LLG single-earth path; bolted-baseline comparison; ZfMode=bolted",1.41648267770793,1.40754963776639,2.14340872187696,0.0269640461154776,NaN,NaN,2.62288831595923e-14,1.07170436093859,1.07170436093857,2.14340872187693,0,1.56695921805949e-15,1.47915765962931e-15,6.65587471595194e-16
LLL,F5,0.5,LF360_GAT_OUT,P,15,MID,1.5,sat,primary,H1,bolted,0,closed,Ikpp,kA,100MVA,53.0870065530683,-83.4976121609477,0,53.0870065530683,0,137.39956200455,NaN,"bolted-baseline reference; ZfMode=bolted",3.21774725627963,3.20756204219366,3.20756204219366,0.0173651280979621,NaN,NaN,3.20756204219366,NaN,NaN,49.9410014601902,NaN,0,6.71960119807798e-17,NaN
LG,F5,0.5,LF360_GAT_OUT,P,15,MID,1.5,sat,primary,H1,bolted,0,closed,Ikpp,kA,100MVA,48.4667640662034,-83.6369864365484,16.1555880220678,16.1555880220678,16.1555880220678,125.441470274223,NaN,"bolted-baseline reference; ZfMode=bolted",2.1618216056321,2.1272257761239,5.07456521662268,0.035480006755888,NaN,NaN,5.07456521662272,NaN,NaN,43.4249970370927,0,2.85373019220743e-15,1.37674613064657e-15,5.99074250133722e-16
LL,F5,0.5,LF360_GAT_OUT,P,15,MID,1.5,sat,primary,H1,bolted,0,closed,Ikpp,kA,100MVA,45.9725804350184,-173.504571624129,0,26.5422816894996,26.5422816894996,118.986034928831,NaN,"bolted-baseline reference; ZfMode=bolted",0.956299999142649,0.960861804987373,0.773054189000534,0.0303534229916928,NaN,NaN,0.773054189000519,NaN,NaN,0.773054189000532,NaN,5.34731887332121e-15,4.80651744471557e-15,NaN
LLG,F5,0.5,LF360_GAT_OUT,P,15,MID,1.5,sat,primary,H1,bolted,0,closed,Ikpp,kA,100MVA,51.1774982446824,32.3231634812445,14.8633129623141,33.9742336338986,19.1110605382326,132.45738081462,NaN,"LLG single-earth path; bolted-baseline comparison; ZfMode=bolted",1.44727851027437,1.43862497963597,2.14336595566524,0.0266985669815179,NaN,NaN,2.14336595566535,NaN,NaN,2.14336595566523,0,1.92052823950759e-15,2.5118483775982e-15,4.12315187932576e-16
LLL,F1,0.5,LF360_GAT_IN,P,15,MID,1.5,sat,primary,H1,bolted,0,closed,Ikpp,kA,100MVA,128.326643730937,-110.811670944158,0,128.326643730937,0,354.643913798238,NaN,"bolted-baseline reference; ZfMode=bolted",54.9411315011198,71.6771000907314,71.6771000907314,2.65064015857875,2.75286423845116,2.63317448895329,74.4264935064228,NaN,NaN,74.4264935064234,NaN,1.45308178848361e-16,2.05496797251087e-16,NaN
LG,F1,0.5,LF360_GAT_IN,P,15,MID,1.5,sat,primary,H1,bolted,0,closed,Ikpp,kA,100MVA,0.00727012833908577,-21.7300958441165,0.00242337611302859,0.00242337611302859,0.00242337611302859,0.0200917494062636,NaN,"bolted-baseline reference; ZfMode=bolted",8.39988608970383,7.89339727940563,7.8939860196109,0.512181300502643,0.169272683392308,0.161913001505686,8.0165823083533,NaN,NaN,8.01658230835334,0.00242337611302856,1.46475787485915e-11,7.02962874484629e-12,7.04397863844418e-12
LL,F1,0.5,LF360_GAT_IN,P,15,MID,1.5,sat,primary,H1,bolted,0,closed,Ikpp,kA,100MVA,111.155817573968,159.158484647048,0,64.1758411983235,64.1758411983235,307.190564950242,NaN,"bolted-baseline reference; ZfMode=bolted",8.36227439509628,7.9245686882964,28.9754180002944,0.444996763982535,1.2377428325088,1.18392792674755,30.212900405309,NaN,NaN,30.2129004053078,NaN,4.87283371285102e-16,2.10122970954592e-16,NaN
LLG,F1,0.5,LF360_GAT_IN,P,15,MID,1.5,sat,primary,H1,bolted,0,closed,Ikpp,kA,100MVA,111.157633999807,159.158470534654,0.00121145249646674,64.175849944748,64.1758318230038,307.19558483037,NaN,"LLG single-earth path; bolted-baseline comparison; ZfMode=bolted",8.36157176534293,7.92389135323378,28.9760031484228,0.444971944540043,1.23776489153186,1.18394902668265,30.2135076229502,NaN,NaN,30.2135076229493,0.00121145249646668,2.9950200617218e-16,1.8755239221345e-16,4.61538274192607e-12
LLL,F2,0.5,LF360_GAT_IN,P,15,MID,1.5,sat,primary,H1,bolted,0,closed,Ikpp,kA,100MVA,128.326643730937,-110.811670944158,0,128.326643730937,0,354.643913798238,NaN,"bolted-baseline reference; ZfMode=bolted",54.9411315011198,71.6771000907314,71.6771000907314,2.65064015857875,2.75286423845116,2.63317448895329,74.4264935064228,NaN,NaN,74.4264935064234,NaN,1.45308178848361e-16,2.05496797251087e-16,NaN
LG,F2,0.5,LF360_GAT_IN,P,15,MID,1.5,sat,primary,H1,bolted,0,closed,Ikpp,kA,100MVA,0.00727012833908577,-21.7300958441165,0.00242337611302859,0.00242337611302859,0.00242337611302859,0.0200917494062636,NaN,"bolted-baseline reference; ZfMode=bolted",8.39988608970383,7.89339727940563,7.8939860196109,0.512181300502643,0.169272683392308,0.161913001505686,8.0165823083533,NaN,NaN,8.01658230835334,0.00242337611302856,1.46475787485915e-11,7.02962874484629e-12,7.04397863844418e-12
LL,F2,0.5,LF360_GAT_IN,P,15,MID,1.5,sat,primary,H1,bolted,0,closed,Ikpp,kA,100MVA,111.155817573968,159.158484647048,0,64.1758411983235,64.1758411983235,307.190564950242,NaN,"bolted-baseline reference; ZfMode=bolted",8.36227439509628,7.9245686882964,28.9754180002944,0.444996763982535,1.2377428325088,1.18392792674755,30.212900405309,NaN,NaN,30.2129004053078,NaN,4.87283371285102e-16,2.10122970954592e-16,NaN
LLG,F2,0.5,LF360_GAT_IN,P,15,MID,1.5,sat,primary,H1,bolted,0,closed,Ikpp,kA,100MVA,111.157633999807,159.158470534654,0.00121145249646674,64.175849944748,64.1758318230038,307.19558483037,NaN,"LLG single-earth path; bolted-baseline comparison; ZfMode=bolted",8.36157176534293,7.92389135323378,28.9760031484228,0.444971944540043,1.23776489153186,1.18394902668265,30.2135076229502,NaN,NaN,30.2135076229493,0.00121145249646668,2.9950200617218e-16,1.8755239221345e-16,4.61538274192607e-12
LLL,F3,0.5,LF360_GAT_IN,P,15,MID,1.5,sat,primary,H1,bolted,0,closed,Ikpp,kA,100MVA,50.5541945213143,-83.1021842945934,0,50.5541945213143,0,129.800742797442,NaN,"bolted-baseline reference; ZfMode=bolted",3.26526799470031,3.144023488595,3.144023488595,0.121442969943918,0.116266909624353,0.111211826597207,47.3518920836026,NaN,NaN,47.3518920836026,NaN,1.41125189003248e-16,3.15565515948768e-16,NaN
LG,F3,0.5,LF360_GAT_IN,P,15,MID,1.5,sat,primary,H1,bolted,0,closed,Ikpp,kA,100MVA,45.8917695676112,-82.9688810592444,15.2972565225371,15.2972565225371,15.2972565225371,117.829704034816,NaN,"bolted-baseline reference; ZfMode=bolted",2.17754957525365,2.0821275435007,5.12463708410399,0.0955692096819161,0.230532026185605,0.227967972645941,40.5993051701912,NaN,NaN,40.5993051701911,0,4.27077105886676e-15,1.89076286587895e-15,6.32688401709852e-16
LL,F3,0.5,LF360_GAT_IN,P,15,MID,1.5,sat,primary,H1,bolted,0,closed,Ikpp,kA,100MVA,43.7764189842283,-173.114545151387,0,25.2743272847021,25.2743272847021,112.398422227243,NaN,"bolted-baseline reference; ZfMode=bolted",0.975940433074988,0.942153660900596,0.759095235814971,0.0366608034756715,0.0194950496058682,0.0186474387534392,0.777413441667577,NaN,NaN,0.777413441667554,NaN,2.56879871053071e-15,2.88176339648649e-15,NaN
LLG,F3,0.5,LF360_GAT_IN,P,15,MID,1.5,sat,primary,H1,bolted,0,closed,Ikpp,kA,100MVA,48.6504494084663,161.300554181774,14.0083169653844,32.2791826706936,18.2710413416215,124.912769957908,NaN,"LLG single-earth path; bolted-baseline comparison; ZfMode=bolted",1.45759891542972,1.40085973681185,2.24786874514543,0.0579245202123159,0.125292728616553,0.126734684893574,2.29933706482175,NaN,NaN,2.2993370648216,0,3.40441356818851e-15,3.78315855839787e-15,1.37936082255402e-15
LLL,F4,0.5,LF360_GAT_IN,P,15,MID,1.5,sat,primary,H1,bolted,0,closed,Ikpp,kA,100MVA,51.0792262351743,-83.1893156815359,0,51.0792262351743,0,131.340628381559,NaN,"bolted-baseline reference; ZfMode=bolted",3.2185631900699,3.09877447239056,3.09877447239056,0.119995652776941,0.114342105727674,0.109370709826471,51.0792262351743,14.3508051701145,36.7328572446338,47.9274295003023,NaN,1.74593244225146e-17,6.98372976900585e-17,NaN
LG,F4,0.5,LF360_GAT_IN,P,15,MID,1.5,sat,primary,H1,bolted,0,closed,Ikpp,kA,100MVA,46.2568830769365,-83.0339578675079,15.4189610256455,15.4189610256455,15.4189610256455,118.94087945509,NaN,"bolted-baseline reference; ZfMode=bolted",2.1502944288164,2.055749187451,4.97448518232747,0.0946869716420665,0.222865906679462,0.220350731893944,46.2568830769365,14.1349773989457,32.1265812071395,41.1263276047163,0,4.75246339240116e-15,2.65584935128046e-15,2.84396878197477e-15
LL,F4,0.5,LF360_GAT_IN,P,15,MID,1.5,sat,primary,H1,bolted,0,closed,Ikpp,kA,100MVA,44.2313062553968,-173.201202215845,0,25.5369565731621,25.5369565731621,113.732489426798,NaN,"bolted-baseline reference; ZfMode=bolted",0.954377168359746,0.921197212382682,0.759035932182776,0.0361573627446258,0.0194329887247027,0.0185880761714548,6.34392049447922e-14,0.388629248142975,0.388629248142932,0.777258496285884,NaN,8.74173832282666e-15,8.55123004805737e-15,NaN
LLG,F4,0.5,LF360_GAT_IN,P,15,MID,1.5,sat,primary,H1,bolted,0,closed,Ikpp,kA,100MVA,49.1279418874374,161.3192583557,14.0914340756721,32.5833155031362,18.4921108460598,126.323267484138,NaN,"LLG single-earth path; bolted-baseline comparison; ZfMode=bolted",1.43156165256886,1.375576245047,2.14720683755489,0.0572064423157127,0.119581245563309,0.120997399335391,8.67945767022974e-14,1.09738440214496,1.09738440214504,2.19476880428992,0,3.56697165285686e-15,3.26750062406777e-15,1.09393293528349e-15
LLL,F5,0.5,LF360_GAT_IN,P,15,MID,1.5,sat,primary,H1,bolted,0,closed,Ikpp,kA,100MVA,53.1089711671963,-83.4875196194795,0,53.1089711671963,0,137.431152720073,NaN,"bolted-baseline reference; ZfMode=bolted",3.2541919349175,3.13330413731392,3.13330413731392,0.121088720051336,0.115821315780641,0.110785606398874,3.24912515527583,NaN,NaN,49.9221356045447,NaN,1.34336442599629e-16,1.34336442599629e-16,NaN
LG,F5,0.5,LF360_GAT_IN,P,15,MID,1.5,sat,primary,H1,bolted,0,closed,Ikpp,kA,100MVA,48.6057438965753,-83.477559203624,16.2019146321918,16.2019146321918,16.2019146321918,125.778060951197,NaN,"bolted-baseline reference; ZfMode=bolted",2.18355042189212,2.08794507122778,5.01740574662025,0.0957557189881953,0.224182838605265,0.221610801796905,5.21493622521063,NaN,NaN,43.4345900704953,0,3.55019387603853e-15,1.93788934516691e-15,9.76579127291451e-16
LL,F5,0.5,LF360_GAT_IN,P,15,MID,1.5,sat,primary,H1,bolted,0,closed,Ikpp,kA,100MVA,45.9890208329902,-173.499245994188,0,26.5517735576942,26.5517735576942,119.006714056798,NaN,"bolted-baseline reference; ZfMode=bolted",0.970662617349604,0.937044751418651,0.759081674190735,0.0365167579144847,0.0194771761552989,0.0186303424094164,0.777375553483945,NaN,NaN,0.77737555348392,NaN,2.17049332282417e-15,1.69670420040398e-15,NaN
LLG,F5,0.5,LF360_GAT_IN,P,15,MID,1.5,sat,primary,H1,bolted,0,closed,Ikpp,kA,100MVA,51.1756530988529,160.537021456926,14.9383119596944,34.021689106754,19.0833829377049,132.428266675255,NaN,"LLG single-earth path; bolted-baseline comparison; ZfMode=bolted",1.46280004856202,1.40583198106284,2.14730769716002,0.0581476163543676,0.120331513676439,0.121777561170321,2.19471957884363,NaN,NaN,2.19471957884363,0,9.98933472206481e-16,1.28530974649363e-15,8.57310121958883e-16
LG,F3,0.5,LF360_GAT_OUT,P,10,MID,1.5,sat,primary,H1,bolted,0,closed,Ikpp,kA,100MVA,45.7618450079091,-81.5917783606793,15.2539483359697,15.2539483359697,15.2539483359697,113.132949141644,NaN,"bolted-baseline reference; ZfMode=bolted",2.15308641086112,2.11841416497824,5.18315212844549,0.0355407956993309,NaN,NaN,40.5914889624272,NaN,NaN,40.591488962427,0,7.0274392096909e-15,2.48417128989402e-15,9.09905867770834e-16
LLG,F3,0.5,LF360_GAT_OUT,P,10,MID,1.5,sat,primary,H1,bolted,0,closed,Ikpp,kA,100MVA,48.6135580879121,34.0258650855944,13.9315735799103,32.2480887321823,18.3166967868754,120.18298636787,NaN,"LLG single-earth path; bolted-baseline comparison; ZfMode=bolted",1.44190081104377,1.43344182116489,2.24601647800913,0.0267078938125437,NaN,NaN,2.24601647800912,NaN,NaN,2.24601647800909,0,2.66648521580865e-15,2.93609425482609e-15,1.75956280665796e-16
LG,F4,0.5,LF360_GAT_OUT,P,10,MID,1.5,sat,primary,H1,bolted,0,closed,Ikpp,kA,100MVA,46.144159407988,-81.6155309207229,15.3813864693293,15.3813864693293,15.3813864693293,114.178150621333,NaN,"bolted-baseline reference; ZfMode=bolted",2.12674412124416,2.09188480387864,5.0322761711287,0.0356795579822552,NaN,NaN,46.1441594079879,14.0463024755436,32.0996970291227,41.1279427605672,0,9.33815861274447e-15,3.76527460314276e-15,7.84811455449532e-16
LLG,F4,0.5,LF360_GAT_OUT,P,10,MID,1.5,sat,primary,H1,bolted,0,closed,Ikpp,kA,100MVA,49.0636154685509,33.8912365455244,14.0237002378714,32.5588528666735,18.5352535213924,121.401992123528,NaN,"LLG single-earth path; bolted-baseline comparison; ZfMode=bolted",1.41597834349197,1.40713362791096,2.14663258551849,0.0269788300091077,NaN,NaN,2.28414497110476e-14,1.07331629275926,1.07331629275926,2.14663258551843,0,5.94699315583106e-15,7.03412549906874e-15,9.92448877739091e-16
LG,F5,0.5,LF360_GAT_OUT,P,10,MID,1.5,sat,primary,H1,bolted,0,closed,Ikpp,kA,100MVA,48.5063610161628,-81.9540314012323,16.1687870053876,16.1687870053876,16.1687870053876,120.555243229373,NaN,"bolted-baseline reference; ZfMode=bolted",2.16036302177516,2.12575235440275,5.07743005704951,0.0355007701608796,NaN,NaN,5.07743005704956,NaN,NaN,43.4467064415069,0,5.2058362471494e-15,2.58105087428617e-15,7.36334640246419e-16
LLG,F5,0.5,LF360_GAT_OUT,P,10,MID,1.5,sat,primary,H1,bolted,0,closed,Ikpp,kA,100MVA,51.2857695928278,34.0676647627555,14.8745242045044,34.0032779399573,19.129191872813,127.463043979093,NaN,"LLG single-earth path; bolted-baseline comparison; ZfMode=bolted",1.44701197263,1.43841892407501,2.14642519166664,0.0267105030940498,NaN,NaN,2.1464251916666,NaN,NaN,2.14642519166661,0,2.10998127651789e-15,2.58108216142336e-15,8.76617106172599e-16
LG,F3,0.5,LF360_GAT_OUT,P,20,MID,1.5,sat,primary,H1,bolted,0,closed,Ikpp,kA,100MVA,45.7251463244229,-83.9263179988444,15.2417154414743,15.2417154414743,15.2417154414743,119.765450479506,NaN,"bolted-baseline reference; ZfMode=bolted",2.15597130121521,2.12131786757869,5.17785108077636,0.035507571737892,NaN,NaN,40.5794821347812,NaN,NaN,40.5794821347811,0,4.5684542472467e-15,1.6429483946838e-15,7.81121915610403e-16
LLG,F3,0.5,LF360_GAT_OUT,P,20,MID,1.5,sat,primary,H1,bolted,0,closed,Ikpp,kA,100MVA,48.4993425347286,160.52885670827,13.9233756953701,32.2171911276732,18.2938292921826,127.031755468198,NaN,"LLG single-earth path; bolted-baseline comparison; ZfMode=bolted",1.44180220745093,1.43323076911241,2.24170095805567,0.026688179843006,NaN,NaN,2.24170095805568,NaN,NaN,2.24170095805567,0,8.43253319174367e-16,8.8262684199713e-16,1.11042589994721e-15
LG,F4,0.5,LF360_GAT_OUT,P,20,MID,1.5,sat,primary,H1,bolted,0,closed,Ikpp,kA,100MVA,46.1025922479888,-83.9949104237386,15.3675307493296,15.3675307493296,15.3675307493296,120.968427469414,NaN,"bolted-baseline reference; ZfMode=bolted",2.12993117936768,2.09508904391779,5.02883114848212,0.0356455957401511,NaN,NaN,46.1025922479886,14.0261548672905,32.0807861597019,41.1117596710058,0,9.32461812200899e-15,4.17991680301155e-15,8.83070255317902e-16
LLG,F4,0.5,LF360_GAT_OUT,P,20,MID,1.5,sat,primary,H1,bolted,0,closed,Ikpp,kA,100MVA,48.9864082869807,160.526555360823,14.0136577010959,32.5249550960482,18.511337615907,128.535262094925,NaN,"LLG single-earth path; bolted-baseline comparison; ZfMode=bolted",1.41671987876068,1.40774254447877,2.14188516815496,0.0269566340768842,NaN,NaN,1.27877418746744e-13,1.07094258407748,1.07094258407761,2.14188516815499,0,3.40539603048752e-15,2.58591164249787e-15,5.30321205874505e-16
LG,F5,0.5,LF360_GAT_OUT,P,20,MID,1.5,sat,primary,H1,bolted,0,closed,Ikpp,kA,100MVA,48.4450664057613,-84.48205249313,16.1483554685871,16.1483554685871,16.1483554685871,128.058677646933,NaN,"bolted-baseline reference; ZfMode=bolted",2.16254913913451,2.12796057805515,5.07317216742204,0.0354696867647781,NaN,NaN,5.07317216742192,NaN,NaN,43.413943335596,0,9.05757660779377e-15,3.64225900261842e-15,7.6611882346397e-16
LLG,F5,0.5,LF360_GAT_OUT,P,20,MID,1.5,sat,primary,H1,bolted,0,closed,Ikpp,kA,100MVA,51.1217014896389,31.4465236304761,14.8569189508863,33.9586367296171,19.1017704664998,135.134038975037,NaN,"LLG single-earth path; bolted-baseline comparison; ZfMode=bolted",1.44738318919226,1.43869917949177,2.14191979028306,0.0266926793375898,NaN,NaN,2.14191979028298,NaN,NaN,2.14191979028307,0,2.76745634609172e-15,2.17997415526807e-15,2.80123646779137e-16
LG,F3,0.5,LF360_GAT_OUT,S,15,MID,1.5,sat,primary,H1,bolted,0,closed,Ikpp,kA,100MVA,41.9870483814158,-81.9064203847203,13.9956827938053,13.9956827938053,13.9956827938053,104.98422121795,NaN,"bolted-baseline reference; ZfMode=bolted",2.15850627161068,2.12392330786837,5.16147924328016,0.0354867813386338,NaN,NaN,36.8414941420175,NaN,NaN,36.8414941420175,0,2.55403277847848e-15,1.35625359404877e-15,1.55038124936488e-15
LLG,F3,0.5,LF360_GAT_OUT,S,15,MID,1.5,sat,primary,H1,bolted,0,closed,Ikpp,kA,100MVA,44.3865025152623,34.0121745622209,12.8615792455747,29.4562266907281,16.5948107428077,110.983805215895,NaN,"LLG single-earth path; bolted-baseline comparison; ZfMode=bolted",1.4542418509659,1.44581418116049,2.21380084150278,0.0266624204622019,NaN,NaN,2.21380084150279,NaN,NaN,2.21380084150275,0,1.57433798821644e-15,1.48190467785821e-15,4.62259864600363e-16
LG,F4,0.5,LF360_GAT_OUT,S,15,MID,1.5,sat,primary,H1,bolted,0,closed,Ikpp,kA,100MVA,42.2704170018954,-81.9281197206205,14.0901390006318,14.0901390006318,14.0901390006318,105.786040192597,NaN,"bolted-baseline reference; ZfMode=bolted",2.1333556769877,2.09859319905264,5.02198755339716,0.0356191529958324,NaN,NaN,42.2704170018954,13.0717237952756,29.2010545217489,37.2677287125313,0,8.99843854890386e-15,5.21352686180047e-15,1.06830244650302e-15
LLG,F4,0.5,LF360_GAT_OUT,S,15,MID,1.5,sat,primary,H1,bolted,0,closed,Ikpp,kA,100MVA,44.7339495658616,33.8639452724581,12.9220631991985,29.6983586031545,16.7763823322557,111.951282300708,NaN,"LLG single-earth path; bolted-baseline comparison; ZfMode=bolted",1.42965981866701,1.4208828868519,2.12157406954245,0.0269155003704737,NaN,NaN,6.74068227221271e-14,1.06078703477118,1.06078703477125,2.12157406954246,0,4.20415202576914e-15,4.64432297839549e-15,3.52116386968216e-15
LG,F5,0.5,LF360_GAT_OUT,S,15,MID,1.5,sat,primary,H1,bolted,0,closed,Ikpp,kA,100MVA,44.2000843960504,-82.2559840933768,14.7333614653501,14.7333614653501,14.7333614653501,111.107601197032,NaN,"bolted-baseline reference; ZfMode=bolted",2.16334138495833,2.12880270247628,5.06117144452348,0.0354596881149759,NaN,NaN,5.06117144452336,NaN,NaN,39.1600835662469,0,7.08783134034842e-15,2.47906495228263e-15,6.5690350450922e-16
LLG,F5,0.5,LF360_GAT_OUT,S,15,MID,1.5,sat,primary,H1,bolted,0,closed,Ikpp,kA,100MVA,46.5536171263112,33.9954925682824,13.6200009801126,30.8788637844219,17.2592243942454,117.023774877943,NaN,"LLG single-earth path; bolted-baseline comparison; ZfMode=bolted",1.45748630733812,1.44893943687569,2.12007697637727,0.0266752533500628,NaN,NaN,2.1200769763771,NaN,NaN,2.12007697637723,0,5.86395684088418e-15,4.31563687157492e-15,4.11811386109441e-16
LG,F3,0.5,LF360_GAT_OUT,P,15,MID,1,sat,primary,H1,bolted,0,closed,Ikpp,kA,100MVA,50.8834405349153,-82.9588867951819,16.9611468449718,16.9611468449718,16.9611468449718,130.670031341979,NaN,"bolted-baseline reference; ZfMode=bolted",2.33156432761155,2.29798057346421,4.83962354786734,0.0346222526103481,NaN,NaN,46.0688513470935,NaN,NaN,46.0688513470935,0,3.99915477253135e-15,1.70295932369726e-15,8.92475975597768e-16
LLG,F3,0.5,LF360_GAT_OUT,P,15,MID,1,sat,primary,H1,bolted,0,closed,Ikpp,kA,100MVA,50.8360444043486,156.616361906268,17.0818856657644,33.8054444967005,16.7238766003714,130.548316815572,NaN,"LLG single-earth path; bolted-baseline comparison; ZfMode=bolted",1.57639007719923,1.56653265086088,1.83191771429204,0.0258731774294017,NaN,NaN,1.83191771429198,NaN,NaN,1.83191771429203,0,1.5211953897731e-15,1.35087016081001e-15,2.78985248951589e-16
LG,F4,0.5,LF360_GAT_OUT,P,15,MID,1,sat,primary,H1,bolted,0,closed,Ikpp,kA,100MVA,51.4973448781593,-83.0465619529525,17.1657816260531,17.1657816260531,17.1657816260531,132.43993059458,NaN,"bolted-baseline reference; ZfMode=bolted",2.30816882425756,2.27442223195217,4.67174193876006,0.0347442404749385,NaN,NaN,51.4973448781591,15.1982509038203,36.3021635479345,46.8566502024352,0,1.4828675281818e-14,6.11702497722935e-15,1.12763834361033e-15
LLG,F4,0.5,LF360_GAT_OUT,P,15,MID,1,sat,primary,H1,bolted,0,closed,Ikpp,kA,100MVA,51.4085795875598,156.447905883436,17.3164124407605,34.1861009683646,16.8700079591613,132.211645642142,NaN,"LLG single-earth path; bolted-baseline comparison; ZfMode=bolted",1.55498302869977,1.54470827753325,1.70611941196706,0.026127531262459,NaN,NaN,1.01315767606841e-13,0.853059705983623,0.853059705983549,1.70611941196704,0,1.57195111439701e-15,1.98863225349933e-15,1.0726239090804e-15
LG,F5,0.5,LF360_GAT_OUT,P,15,MID,1,sat,primary,H1,bolted,0,closed,Ikpp,kA,100MVA,54.6093678525094,-83.5631328063519,18.2031226175031,18.2031226175031,18.2031226175031,141.339730971259,NaN,"bolted-baseline reference; ZfMode=bolted",2.36058129057764,2.32722191772109,4.70359173057432,0.0344678145673491,NaN,NaN,4.70359173057419,NaN,NaN,49.9410014601902,0,9.26248304334422e-15,3.9511586032983e-15,4.57259383884235e-16
LLG,F5,0.5,LF360_GAT_OUT,P,15,MID,1,sat,primary,H1,bolted,0,closed,Ikpp,kA,100MVA,53.9365363398946,37.9127313862001,18.7422947133362,35.9138484612249,17.1715976915573,139.598311344524,NaN,"LLG single-earth path; bolted-baseline comparison; ZfMode=bolted",1.60839606162087,1.59835938285859,1.66747247779584,0.0257450184216904,NaN,NaN,1.66747247779578,NaN,NaN,1.66747247779582,0,8.33349541740034e-16,1.14960231328394e-15,6.5396151016626e-16
LG,F3,0.5,LF360_GAT_OUT,P,15,MID,2,sat,primary,H1,bolted,0,closed,Ikpp,kA,100MVA,42.004249828748,-83.3046814181021,14.0014166095827,14.0014166095827,14.0014166095827,107.868032977301,NaN,"bolted-baseline reference; ZfMode=bolted",2.02775706794172,1.99230577035677,5.42644797649218,0.0361690972034353,NaN,NaN,36.6028015057405,NaN,NaN,36.6028015057406,0,7.77344700576841e-15,3.70541148877422e-15,2.26141756953836e-15
LLG,F3,0.5,LF360_GAT_OUT,P,15,MID,2,sat,primary,H1,bolted,0,closed,Ikpp,kA,100MVA,47.3960212190082,29.1640684753337,11.9808543591536,31.2548467009552,19.2741791389587,121.714245598687,NaN,"LLG single-earth path; bolted-baseline comparison; ZfMode=bolted",1.36233030709993,1.35484656973463,2.50408371697261,0.0272010042547895,NaN,NaN,2.50408371697257,NaN,NaN,2.5040837169726,0,1.55664318929809e-15,1.38780775304305e-15,6.35982822750069e-16
LG,F4,0.5,LF360_GAT_OUT,P,15,MID,2,sat,primary,H1,bolted,0,closed,Ikpp,kA,100MVA,42.2383106975885,-83.3336145358588,14.0794368991962,14.0794368991962,14.0794368991962,108.627715670705,NaN,"bolted-baseline reference; ZfMode=bolted",2.00050247562234,1.96485090988471,5.28846241821067,0.0363150271406066,NaN,NaN,42.2383106975885,13.1935749823754,29.0484550405294,36.9790815678404,0,2.90611307959723e-15,1.30346364573622e-15,2.82522061777555e-15
LLG,F4,0.5,LF360_GAT_OUT,P,15,MID,2,sat,primary,H1,bolted,0,closed,Ikpp,kA,100MVA,47.8042841410282,28.9270070818284,12.0065975363614,31.5311502260688,19.5246391496658,122.942184470689,NaN,"LLG single-earth path; bolted-baseline comparison; ZfMode=bolted",1.33563146164369,1.32776512894985,2.41844400977555,0.0274737829421182,NaN,NaN,1.03612100579103e-13,1.20922200488773,1.20922200488782,2.41844400977551,0,2.63874612863189e-15,2.29878324565956e-15,2.91145594036719e-15
LG,F5,0.5,LF360_GAT_OUT,P,15,MID,2,sat,primary,H1,bolted,0,closed,Ikpp,kA,100MVA,44.1061579196869,-83.7151109591574,14.7020526398956,14.7020526398956,14.7020526398956,114.155368203149,NaN,"bolted-baseline reference; ZfMode=bolted",2.02175368864184,1.98626929821091,5.33832040648394,0.0361989683755298,NaN,NaN,5.33832040648392,NaN,NaN,38.7996528758484,0,5.944871285123e-15,2.84886978390928e-15,3.08638768312804e-16
LLG,F5,0.5,LF360_GAT_OUT,P,15,MID,2,sat,primary,H1,bolted,0,closed,Ikpp,kA,100MVA,49.8005700856486,28.7547573356603,12.575640209094,32.8302984392334,20.2549137463485,128.893621276326,NaN,"LLG single-earth path; bolted-baseline comparison; ZfMode=bolted",1.35679103769312,1.34925568603928,2.43246178441916,0.0272613765116279,NaN,NaN,2.43246178441908,NaN,NaN,2.43246178441914,0,1.83076428243492e-15,1.43260814975759e-15,9.74641382142203e-16
LG,F3,0.5,LF360_GAT_OUT,P,15,MID,1.5,sat,primary,H1,bolted,0,closed,Ikpp,kA,100MVA,46.504479603965,-83.2852463766961,15.5014932013217,15.5014932013217,15.5014932013217,119.682265843897,NaN,"bolted-baseline reference; ZfMode=bolted",2.15937033952681,2.12474159017759,5.17146199373858,0.0354962395852821,NaN,NaN,41.3592443110088,NaN,NaN,41.3592443110089,0,2.67269305648149e-15,1.30944233645774e-15,1.58136241399886e-16
LLG,F3,0.5,LF360_GAT_OUT,P,15,MID,1.5,sat,primary,H1,bolted,0,closed,Ikpp,kA,100MVA,49.2483245011759,32.3871554490572,14.1919689197392,32.7136720424357,18.5217283313476,126.74372695945,NaN,"LLG single-earth path; bolted-baseline comparison; ZfMode=bolted",1.44511437629246,1.43655464071565,2.23316603658329,0.026676514805286,NaN,NaN,2.23316603658334,NaN,NaN,2.23316603658339,0,1.86903470240013e-15,1.90129666873284e-15,4.22451598706129e-15
LG,F4,0.5,LF360_GAT_OUT,P,15,MID,1.5,sat,primary,H1,bolted,0,closed,Ikpp,kA,100MVA,46.7891118236539,-83.3270798749879,15.5963706078846,15.5963706078846,15.5963706078846,120.54538793066,NaN,"bolted-baseline reference; ZfMode=bolted",2.14057944405562,2.10581549521099,5.06298631346862,0.0355955399781268,NaN,NaN,46.789111823654,14.2178115642466,32.5746998806726,41.7560012895068,0,3.77459196118424e-15,2.47782309073904e-15,3.66000079889587e-15
LLG,F4,0.5,LF360_GAT_OUT,P,15,MID,1.5,sat,primary,H1,bolted,0,closed,Ikpp,kA,100MVA,49.5827128475138,32.2728040248076,14.2619503967586,32.9421690624661,18.680228278601,127.742697433218,NaN,"LLG single-earth path; bolted-baseline comparison; ZfMode=bolted",1.42689828193375,1.41805064671884,2.16049981255619,0.0268704403077049,NaN,NaN,1.28035915638639e-13,1.08024990627821,1.08024990627808,2.16049981255589,0,3.46531545831348e-15,4.57078170289686e-15,8.00416524436126e-15
LG,F5,0.5,LF360_GAT_OUT,P,15,MID,1.5,sat,primary,H1,bolted,0,closed,Ikpp,kA,100MVA,48.4933134068363,-83.6444623156724,16.1644378022788,16.1644378022788,16.1644378022788,125.512400779741,NaN,"bolted-baseline reference; ZfMode=bolted",2.16452517704504,2.12994463438455,5.09552509813321,0.0354670548057521,NaN,NaN,5.09552509813329,NaN,NaN,43.4299540142342,0,5.51882743907012e-15,3.27456612139111e-15,4.50844858774627e-16
LLG,F5,0.5,LF360_GAT_OUT,P,15,MID,1.5,sat,primary,H1,bolted,0,closed,Ikpp,kA,100MVA,51.1941944307939,32.3406837708998,14.8775566541607,33.9829179785043,19.1055181259358,132.502932828837,NaN,"LLG single-earth path; bolted-baseline comparison; ZfMode=bolted",1.44931766969715,1.44067223723405,2.16069685673397,0.026677880396816,NaN,NaN,2.16069685673396,NaN,NaN,2.16069685673408,0,2.84053901668028e-15,2.44872318652779e-15,9.75805067132735e-16
LG,F3,0.5,LF360_GAT_OUT,P,15,MID,1.5,sat,primary,H1,bolted,0,closed,Ikpp,kA,100MVA,44.6418590488984,-82.9480833593068,14.8806196829661,14.8806196829661,14.8806196829661,114.28729461642,NaN,"bolted-baseline reference; ZfMode=bolted",2.14886681885022,2.11416448811478,5.19095981546647,0.0355499454429058,NaN,NaN,39.4736080208096,NaN,NaN,39.4736080208096,0,7.67823233806136e-15,2.81629133277109e-15,6.11503952242287e-16
LLG,F3,0.5,LF360_GAT_OUT,P,15,MID,1.5,sat,primary,H1,bolted,0,closed,Ikpp,kA,100MVA,47.460708221687,161.679408707627,13.5498684988173,31.5286528242209,17.9787876898696,121.503809626176,NaN,"LLG single-earth path; bolted-baseline comparison; ZfMode=bolted",1.43740467674035,1.42890948804845,2.25673935855035,0.0267200334696902,NaN,NaN,2.2567393585504,NaN,NaN,2.25673935855039,0,8.04526939931464e-16,1.03236731042492e-15,6.58167850240591e-17
LG,F4,0.5,LF360_GAT_OUT,P,15,MID,1.5,sat,primary,H1,bolted,0,closed,Ikpp,kA,100MVA,45.1452785751287,-83.0148771917037,15.0484261917096,15.0484261917096,15.0484261917096,115.804321130869,NaN,"bolted-baseline reference; ZfMode=bolted",2.11186401613808,2.07689521585225,4.98169622852353,0.0357459148409454,NaN,NaN,45.1452785751288,13.7664786624522,31.3821864477528,40.192893405039,0,6.61946204801016e-15,3.42568782872549e-15,6.37053750943016e-16
LLG,F4,0.5,LF360_GAT_OUT,P,15,MID,1.5,sat,primary,H1,bolted,0,closed,Ikpp,kA,100MVA,48.1312040819397,161.708762369491,13.6660353978996,31.9476834735835,18.2816882288342,123.463661978399,NaN,"LLG single-earth path; bolted-baseline comparison; ZfMode=bolted",1.40146288771884,1.3924053344616,2.11850708674959,0.0271002099334474,NaN,NaN,8.32779425854318e-14,1.05925354337479,1.05925354337486,2.11850708674968,0,3.7502389861456e-15,3.28203952217045e-15,1.74033102449544e-15
LG,F5,0.5,LF360_GAT_OUT,P,15,MID,1.5,sat,primary,H1,bolted,0,closed,Ikpp,kA,100MVA,48.4274725579661,-83.6260768988353,16.1424908526554,16.1424908526554,16.1424908526554,125.336471072409,NaN,"bolted-baseline reference; ZfMode=bolted",2.15778960018682,2.12317103465847,5.04354164278861,0.0354993076950966,NaN,NaN,5.04354164278861,NaN,NaN,43.4176703413436,0,4.84183603518391e-15,1.86350224104551e-15,2.99780153761015e-16
LLG,F5,0.5,LF360_GAT_OUT,P,15,MID,1.5,sat,primary,H1,bolted,0,closed,Ikpp,kA,100MVA,51.1528988625244,32.2972108094469,14.8422644156267,33.9613704077974,19.1192229234315,132.390221704809,NaN,"LLG single-earth path; bolted-baseline comparison; ZfMode=bolted",1.4442445990335,1.43557900235656,2.1178092999922,0.0267294536247884,NaN,NaN,2.11780929999222,NaN,NaN,2.11780929999225,0,1.26291567773087e-15,1.08932231113874e-15,1.02674596825935e-15
LG,F3,0.5,LF360_GAT_OUT,P,15,LOW,1.5,sat,primary,H1,bolted,0,closed,Ikpp,kA,100MVA,46.1024743774869,-83.2748203634975,15.3674914591623,15.3674914591623,15.3674914591623,118.39238283652,NaN,"bolted-baseline reference; ZfMode=bolted",2.16615476227207,2.13158843727884,5.15662504004063,0.0354574515084514,NaN,NaN,40.9727577722399,NaN,NaN,40.97275777224,0,8.02545171644403e-15,3.14208427156897e-15,2.94055081699161e-15
LLG,F3,0.5,LF360_GAT_OUT,P,15,LOW,1.5,sat,primary,H1,bolted,0,closed,Ikpp,kA,100MVA,48.7155784323667,32.6729756345673,14.1304466061033,32.3297018027682,18.1994380101763,125.102903688912,NaN,"LLG single-earth path; bolted-baseline comparison; ZfMode=bolted",1.4524559605848,1.44388650496835,2.21280579627392,0.0266442406378601,NaN,NaN,2.212805796274,NaN,NaN,2.21280579627393,0,1.65508878652491e-15,1.91302428093242e-15,3.70260402999126e-15
LG,F4,0.5,LF360_GAT_OUT,P,15,LOW,1.5,sat,primary,H1,bolted,0,closed,Ikpp,kA,100MVA,46.4649368298421,-83.3303119856485,15.488312276614,15.488312276614,15.488312276614,119.497675528428,NaN,"bolted-baseline reference; ZfMode=bolted",2.13911547287477,2.10435505390413,5.0417511225534,0.0356001212567191,NaN,NaN,46.4649368298421,14.1260200596522,32.3423668298347,41.4534407889326,0,4.22613781658825e-15,1.92721651681524e-15,9.26256221263399e-16
LLG,F4,0.5,LF360_GAT_OUT,P,15,LOW,1.5,sat,primary,H1,bolted,0,closed,Ikpp,kA,100MVA,49.160382255153,32.4927289132394,14.2112784144421,32.6335343853148,18.4223716533694,126.429772821876,NaN,"LLG single-earth path; bolted-baseline comparison; ZfMode=bolted",1.42644964384681,1.4174870786752,2.14868844987544,0.026917340963555,NaN,NaN,1.00975440711601e-13,1.07434422493766,1.07434422493775,2.1486884498753,0,1.87635036857597e-15,2.20964472979419e-15,1.7249312830658e-15
LG,F5,0.5,LF360_GAT_OUT,P,15,LOW,1.5,sat,primary,H1,bolted,0,closed,Ikpp,kA,100MVA,48.4903177773153,-83.6484161710586,16.1634392591051,16.1634392591051,16.1634392591051,125.502431888006,NaN,"bolted-baseline reference; ZfMode=bolted",2.1624720123757,2.12788231402834,5.09226271170426,0.035476319597362,NaN,NaN,5.09226271170411,NaN,NaN,43.4299547521935,0,1.14526850502119e-14,4.0260761696283e-15,5.98783255509041e-16
LLG,F5,0.5,LF360_GAT_OUT,P,15,LOW,1.5,sat,primary,H1,bolted,0,closed,Ikpp,kA,100MVA,51.1936519287556,32.339148200675,14.8765975629037,33.9808672177198,19.1044355739986,132.499189710252,NaN,"LLG single-earth path; bolted-baseline comparison; ZfMode=bolted",1.4479863600178,1.43933228495815,2.16140131678699,0.0266955207534012,NaN,NaN,2.16140131678692,NaN,NaN,2.161401316787,0,2.54611635032233e-15,2.45075825739571e-15,2.2487929564369e-15
LG,F3,0.5,LF360_GAT_OUT,P,15,HIGH,1.5,sat,primary,H1,bolted,0,closed,Ikpp,kA,100MVA,45.3818729724175,-83.0217296863992,15.1272909908058,15.1272909908058,15.1272909908058,116.541859224208,NaN,"bolted-baseline reference; ZfMode=bolted",2.14410853009675,2.1093584205123,5.20208481174977,0.0355784520505794,NaN,NaN,40.2025187592197,NaN,NaN,40.2025187592197,0,1.60106881090516e-15,6.70737042482372e-16,3.93024229137902e-16
LLG,F3,0.5,LF360_GAT_OUT,P,15,HIGH,1.5,sat,primary,H1,bolted,0,closed,Ikpp,kA,100MVA,48.4229765780879,161.712569134779,13.7295974287026,32.1292982574709,18.3997766973815,124.351494329258,NaN,"LLG single-earth path; bolted-baseline comparison; ZfMode=bolted",1.43171110218744,1.4232155737952,2.27218773760802,0.0267435336312368,NaN,NaN,2.27218773760799,NaN,NaN,2.27218773760799,0,1.13226260862207e-15,1.15073458816627e-15,6.98247446875334e-16
LG,F4,0.5,LF360_GAT_OUT,P,15,HIGH,1.5,sat,primary,H1,bolted,0,closed,Ikpp,kA,100MVA,45.7745165023377,-83.0708514458257,15.2581721674459,15.2581721674459,15.2581721674459,117.72206514556,NaN,"bolted-baseline reference; ZfMode=bolted",2.11876240524683,2.08382894970595,5.01812328473165,0.0357129252406819,NaN,NaN,45.7745165023377,13.9420758101591,31.8357801597383,40.7854435095006,0,1.42958699061584e-15,8.41370725348499e-16,7.05960402546693e-16
LLG,F4,0.5,LF360_GAT_OUT,P,15,HIGH,1.5,sat,primary,H1,bolted,0,closed,Ikpp,kA,100MVA,48.9216248897031,161.708227194656,13.8285286633809,32.4421329145123,18.6137475204807,125.815740992003,NaN,"LLG single-earth path; bolted-baseline comparison; ZfMode=bolted",1.40683951300695,1.39793814395817,2.13806805169257,0.0270096260695923,NaN,NaN,9.20768274576325e-14,1.06903402584628,1.06903402584635,2.13806805169249,0,1.72641246327673e-15,1.9266315726247e-15,1.4130796723595e-15
LG,F5,0.5,LF360_GAT_OUT,P,15,HIGH,1.5,sat,primary,H1,bolted,0,closed,Ikpp,kA,100MVA,48.4434410757146,-83.6257902401847,16.1478136919049,16.1478136919049,16.1478136919049,125.381105810565,NaN,"bolted-baseline reference; ZfMode=bolted",2.1611764338736,2.12657454979953,5.0570478146026,0.0354836604146716,NaN,NaN,5.05704781460265,NaN,NaN,43.4200879490148,0,2.72529218615179e-15,1.41560047440573e-15,6.91757869425522e-16
LLG,F5,0.5,LF360_GAT_OUT,P,15,HIGH,1.5,sat,primary,H1,bolted,0,closed,Ikpp,kA,100MVA,51.1616088233113,32.307283846337,14.8501681327048,33.9676689710511,19.1176173792814,132.416255882576,NaN,"LLG single-earth path; bolted-baseline comparison; ZfMode=bolted",1.44658012272385,1.43792719871,2.12555170255277,0.0267015844368881,NaN,NaN,2.12555170255273,NaN,NaN,2.12555170255275,0,2.10958082708328e-15,2.24855861378221e-15,6.02203685251396e-16
LG,F3,0.5,LF360_GAT_OUT,P,15,MID,1.5,sat,primary,H1,bolted,0,closed,Ikpp,kA,100MVA,46.0748567923523,-82.9300378520264,15.3582855974508,15.3582855974508,15.3582855974508,118.321460141883,NaN,"bolted-baseline reference; ZfMode=bolted",2.16839397133419,2.13378238982677,5.15577730125191,0.0354566877787206,NaN,NaN,40.940889911337,NaN,NaN,40.940889911337,0,3.15491150630005e-15,1.72926135820264e-15,3.65201665696535e-16
LLG,F3,0.5,LF360_GAT_OUT,P,15,MID,1.5,sat,primary,H1,bolted,0,closed,Ikpp,kA,100MVA,48.7299125864945,161.130465823712,14.1148487964379,32.3218530403427,18.207296487322,125.139714178718,NaN,"LLG single-earth path; bolted-baseline comparison; ZfMode=bolted",1.44673646573235,1.43802193944243,2.22264061115335,0.0266420485980424,NaN,NaN,2.22264061115337,NaN,NaN,2.22264061115334,0,2.04121249208028e-15,2.33910100100525e-15,1.44707573120801e-15
LG,F4,0.5,LF360_GAT_OUT,P,15,MID,1.5,sat,primary,H1,bolted,0,closed,Ikpp,kA,100MVA,46.4440704361454,-83.0031154088339,15.4813568120485,15.4813568120485,15.4813568120485,119.444011718391,NaN,"bolted-baseline reference; ZfMode=bolted",2.14141984923519,2.10661908310926,5.04309593980963,0.0355986051258197,NaN,NaN,46.4440704361453,14.1222697534477,32.3250068321557,41.4290712432422,0,4.15859569512143e-15,2.6410823923245e-15,3.67732870423664e-15
LLG,F4,0.5,LF360_GAT_OUT,P,15,MID,1.5,sat,primary,H1,bolted,0,closed,Ikpp,kA,100MVA,49.204833426836,161.146288000343,14.1994855856638,32.6275492425772,18.4283989606635,126.544091532995,NaN,"LLG single-earth path; bolted-baseline comparison; ZfMode=bolted",1.42131032003711,1.41220878062961,2.14744440711207,0.0269147256172604,NaN,NaN,8.79427015017062e-14,1.07372220355602,1.0737222035561,2.14744440711198,0,3.5275721589241e-15,3.66883989036922e-15,5.41057415836045e-15
LG,F5,0.5,LF360_GAT_OUT,P,15,MID,1.5,sat,primary,H1,bolted,0,closed,Ikpp,kA,100MVA,48.490611706443,-83.6264517354392,16.163537235481,16.163537235481,16.163537235481,125.503192634109,NaN,"bolted-baseline reference; ZfMode=bolted",2.16268399949234,2.12809183988301,5.09407959432711,0.0354759074489739,NaN,NaN,5.09407959432712,NaN,NaN,43.42995452045,0,4.63628755806658e-15,2.69554472327188e-15,9.307196244926e-16
LLG,F5,0.5,LF360_GAT_OUT,P,15,MID,1.5,sat,primary,H1,bolted,0,closed,Ikpp,kA,100MVA,51.1796322652476,32.3471802065055,14.8767840140682,33.9809769506737,19.1043112309549,132.462904077467,NaN,"LLG single-earth path; bolted-baseline comparison; ZfMode=bolted",1.44767431542622,1.43901041977518,2.15646886011701,0.0266950634477452,NaN,NaN,2.15646886011684,NaN,NaN,2.15646886011699,0,4.00155400564153e-15,3.19693092179884e-15,1.03926204562854e-15
LG,F3,0.5,LF360_GAT_OUT,P,15,MID,1.5,unsat,primary,H1,bolted,0,closed,Ikpp,kA,100MVA,45.6623444291032,-83.1295646059503,15.2207814763677,15.2207814763677,15.2207814763677,117.210111396759,NaN,"bolted-baseline reference; ZfMode=bolted",2.10734269077999,2.07293940828892,5.0948257600554,0.0350473862844883,NaN,NaN,40.5940660588752,NaN,NaN,40.5940660588751,0,3.04679445535775e-15,1.7625133762136e-15,1.4363888653394e-15
LLG,F3,0.5,LF360_GAT_OUT,P,15,MID,1.5,unsat,primary,H1,bolted,0,closed,Ikpp,kA,100MVA,48.3340119059474,32.4155027653667,13.8775970441362,32.1149655183209,18.2373725408578,124.06798184759,NaN,"LLG single-earth path; bolted-baseline comparison; ZfMode=bolted",1.27000953731601,1.26221945951814,2.39591763225491,0.0257294096233865,NaN,NaN,2.39591763225488,NaN,NaN,2.39591763225482,0,1.08628924259478e-15,1.01955365043739e-15,9.22837434124574e-16
LG,F4,0.5,LF360_GAT_OUT,P,15,MID,1.5,unsat,primary,H1,bolted,0,closed,Ikpp,kA,100MVA,46.0441965647393,-83.1842456788282,15.3480655215798,15.3480655215798,15.3480655215798,118.369477682709,NaN,"bolted-baseline reference; ZfMode=bolted",2.08250634729931,2.04791405400475,4.94729552222333,0.0351933539148237,NaN,NaN,46.0441965647395,13.9730666046269,32.0747095067356,41.128536713485,0,1.77144058088179e-14,6.55059025121442e-15,2.17143687460273e-15
LLG,F4,0.5,LF360_GAT_OUT,P,15,MID,1.5,unsat,primary,H1,bolted,0,closed,Ikpp,kA,100MVA,48.8021101513823,161.387066564983,13.9702592683756,32.4274415716417,18.4571830583056,125.45946545752,NaN,"LLG single-earth path; bolted-baseline comparison; ZfMode=bolted",1.24754615115344,1.23933371077334,2.29388756221568,0.0260114462087268,NaN,NaN,2.83344085037177e-13,1.14694378110778,1.14694378110804,2.29388756221586,0,6.40288540416759e-15,5.73256791490688e-15,3.18015819637223e-15
LG,F5,0.5,LF360_GAT_OUT,P,15,MID,1.5,unsat,primary,H1,bolted,0,closed,Ikpp,kA,100MVA,48.3904837663116,-83.622059546227,16.1301612554372,16.1301612554372,16.1301612554372,125.19721790886,NaN,"bolted-baseline reference; ZfMode=bolted",2.11392710637453,2.07958743507062,4.99009290051188,0.0350058905757501,NaN,NaN,4.99009290051194,NaN,NaN,43.43528922371,0,2.7181722591066e-15,1.84830369275863e-15,1.67383418283551e-15
LLG,F5,0.5,LF360_GAT_OUT,P,15,MID,1.5,unsat,primary,H1,bolted,0,closed,Ikpp,kA,100MVA,51.0075453598338,32.3434558623203,14.8139541033821,33.8614102405198,19.0475955393095,131.968153123879,NaN,"LLG single-earth path; bolted-baseline comparison; ZfMode=bolted",1.27555422472238,1.26763418692545,2.29669721821219,0.0257306134219978,NaN,NaN,2.29669721821217,NaN,NaN,2.2966972182121,0,1.44500046180668e-15,1.73010723671161e-15,8.11654395509361e-16
LG,F3,0.5,LF360_GAT_OUT,P,15,MID,1.5,sat,quoted60,H1,bolted,0,closed,Ikpp,kA,100MVA,45.7377472846575,-83.1457682271016,15.2459157615525,15.2459157615525,15.2459157615525,117.455753942123,NaN,"bolted-baseline reference; ZfMode=bolted",2.15500463282079,2.12034497753438,5.17960192958267,0.0355186356399559,NaN,NaN,40.5828774652387,NaN,NaN,40.5828774652387,0,5.52095779496251e-15,2.3859463667493e-15,6.25163381401311e-16
LLG,F3,0.5,LF360_GAT_OUT,P,15,MID,1.5,sat,quoted60,H1,bolted,0,closed,Ikpp,kA,100MVA,48.5036617932619,32.3928350224767,13.9263066935507,32.2276873898655,18.3013847772616,124.558696112093,NaN,"LLG single-earth path; bolted-baseline comparison; ZfMode=bolted",1.44184972071598,1.43331595281269,2.24309144654402,0.0266947182075544,NaN,NaN,2.24309144654403,NaN,NaN,2.243091446544,0,8.48524279185384e-16,1.03553267499589e-15,5.60304545533971e-16
LG,F4,0.5,LF360_GAT_OUT,P,15,MID,1.5,sat,quoted60,H1,bolted,0,closed,Ikpp,kA,100MVA,46.1170088370327,-83.1994042514144,15.3723362790109,15.3723362790109,15.3723362790109,118.602880673885,NaN,"bolted-baseline reference; ZfMode=bolted",2.12886030632748,2.09401246567768,5.02993824392131,0.0356569217088774,NaN,NaN,46.1170088370324,14.0333756410459,32.0870263680783,41.1167063036877,0,9.43327714128928e-15,5.89274893337476e-15,1.8685911735465e-15
LLG,F4,0.5,LF360_GAT_OUT,P,15,MID,1.5,sat,quoted60,H1,bolted,0,closed,Ikpp,kA,100MVA,48.9663352242708,161.366228036338,14.0172709004445,32.5365638808855,18.5192937380214,125.930726213494,NaN,"LLG single-earth path; bolted-baseline comparison; ZfMode=bolted",1.41648267770793,1.40754963776639,2.14340872187696,0.0269640461154776,NaN,NaN,2.62288831595923e-14,1.07170436093859,1.07170436093857,2.14340872187693,0,1.56695921805949e-15,1.47915765962931e-15,6.65587471595194e-16
LG,F5,0.5,LF360_GAT_OUT,P,15,MID,1.5,sat,quoted60,H1,bolted,0,closed,Ikpp,kA,100MVA,48.4667640662034,-83.6369864365484,16.1555880220678,16.1555880220678,16.1555880220678,125.441470274223,NaN,"bolted-baseline reference; ZfMode=bolted",2.1618216056321,2.1272257761239,5.07456521662268,0.035480006755888,NaN,NaN,5.07456521662272,NaN,NaN,43.4249970370927,0,2.85373019220743e-15,1.37674613064657e-15,5.99074250133722e-16
LLG,F5,0.5,LF360_GAT_OUT,P,15,MID,1.5,sat,quoted60,H1,bolted,0,closed,Ikpp,kA,100MVA,51.1774982446824,32.3231634812445,14.8633129623141,33.9742336338986,19.1110605382326,132.45738081462,NaN,"LLG single-earth path; bolted-baseline comparison; ZfMode=bolted",1.44727851027437,1.43862497963597,2.14336595566524,0.0266985669815179,NaN,NaN,2.14336595566535,NaN,NaN,2.14336595566523,0,1.92052823950759e-15,2.5118483775982e-15,4.12315187932576e-16
LG,F3,0.5,LF360_GAT_OUT,P,15,MID,1.5,sat,primary,H1,earth,5.29,closed,Ikpp,kA,100MVA,21.3854882216456,-24.885928922937,7.12849607388187,7.12849607388187,7.12849607388187,54.9185036783911,NaN,"bolted-baseline reference; ZfMode=earth",1.56835742137981,1.53387985851573,3.07455077192252,0.0413180302149132,NaN,NaN,18.3220616840085,NaN,NaN,18.3220616840084,0,9.76538610315177e-15,4.98416828807546e-15,5.59485490072155e-16
LLG,F3,0.5,LF360_GAT_OUT,P,15,MID,1.5,sat,primary,H1,earth,5.29,closed,Ikpp,kA,100MVA,49.3315594209538,-175.497795877931,3.93153454244429,26.0118072088018,24.6506076060724,126.684759283553,NaN,"LLG single-earth path; bolted-baseline comparison; ZfMode=earth",0.82558371687589,0.823910854174474,0.30492403732543,0.0298365196103195,NaN,NaN,0.304924037325407,NaN,NaN,0.304924037325411,0,3.65932688477523e-15,2.47349719509344e-15,6.23509178026668e-16
LG,F4,0.5,LF360_GAT_OUT,P,15,MID,1.5,sat,primary,H1,earth,5.29,closed,Ikpp,kA,100MVA,21.432047371794,-24.7276387489075,7.14401579059801,7.14401579059801,7.14401579059801,55.1185478229185,NaN,"bolted-baseline reference; ZfMode=earth",1.55035713926148,1.51586107460191,2.99143572372892,0.0413843688939295,NaN,NaN,21.4320473717941,6.84934573845297,14.5844975047045,18.4536378128793,0,1.32853319620047e-14,5.77606454826409e-15,2.82464789920818e-15
LLG,F4,0.5,LF360_GAT_OUT,P,15,MID,1.5,sat,primary,H1,earth,5.29,closed,Ikpp,kA,100MVA,49.7958114048618,-175.545718347707,3.93382079752943,26.269966178276,24.918328724851,128.063957898492,NaN,"LLG single-earth path; bolted-baseline comparison; ZfMode=earth",0.809410831173493,0.807300019638272,0.314251698754704,0.0300551780205753,NaN,NaN,6.8146460972338e-14,0.157125849377389,0.157125849377454,0.314251698754636,0,2.03694151964361e-15,1.90969467966457e-15,2.01639640652794e-15
LG,F5,0.5,LF360_GAT_OUT,P,15,MID,1.5,sat,primary,H1,earth,5.29,closed,Ikpp,kA,100MVA,21.7430258784102,-23.7299310870846,7.24767529280339,7.24767529280339,7.24767529280339,56.2752060499158,NaN,"bolted-baseline reference; ZfMode=earth",1.54125839967366,1.50692497295234,2.93976321708415,0.0414719492711615,NaN,NaN,2.93976321708415,NaN,NaN,18.8170626657296,0,1.04004310328778e-14,4.08443828833385e-15,1.3454200569266e-15
LLG,F5,0.5,LF360_GAT_OUT,P,15,MID,1.5,sat,primary,H1,earth,5.29,closed,Ikpp,kA,100MVA,51.6290643782073,-175.659416018859,3.96415005970489,27.2537462026588,25.9625692034371,133.626122338977,NaN,"LLG single-earth path; bolted-baseline comparison; ZfMode=earth",0.822614702973055,0.821230580735142,0.31905894701647,0.0299221063304582,NaN,NaN,0.319058947016458,NaN,NaN,0.319058947016446,0,4.56345923773868e-15,4.08883351263623e-15,1.35189226917464e-15
LG,F3,0.5,LF360_GAT_OUT,P,15,MID,1.5,sat,primary,H1,phase,1.058,closed,Ikpp,kA,100MVA,42.0515249630434,-63.6063737250508,14.0171749876811,14.0171749876811,14.0171749876811,107.989436782059,NaN,"bolted-baseline reference; ZfMode=phase",2.17985600795754,2.14367471692919,5.01877457882344,0.0363856733981224,NaN,NaN,37.0552285937252,NaN,NaN,37.0552285937252,0,2.75640726585932e-15,1.27825104490791e-15,1.69660202882e-16
LLG,F3,0.5,LF360_GAT_OUT,P,15,MID,1.5,sat,primary,H1,phase,1.058,closed,Ikpp,kA,100MVA,54.6802796674247,171.789494186331,11.2417543491999,30.1606328482272,20.7380827183211,140.420415420371,NaN,"LLG single-earth path; bolted-baseline comparison; ZfMode=phase",1.06268225170682,1.04961744816405,1.44351865804215,0.0276567709217072,NaN,NaN,1.44351865804215,NaN,NaN,1.44351865804214,0,2.64469922726284e-16,2.68983394289762e-16,2.36516472161783e-16
LG,F4,0.5,LF360_GAT_OUT,P,15,MID,1.5,sat,primary,H1,phase,1.058,closed,Ikpp,kA,100MVA,42.3596347332046,-63.5088273266715,14.1198782444015,14.1198782444015,14.1198782444015,108.939734608661,NaN,"bolted-baseline reference; ZfMode=phase",2.15443510257502,2.11813823712033,4.87847852962322,0.0365268021998617,NaN,NaN,42.3596347332044,13.0195018009142,29.3433342069343,37.5079621312016,0,9.09698571042117e-15,3.89661827654229e-15,1.28269535485818e-15
LLG,F4,0.5,LF360_GAT_OUT,P,15,MID,1.5,sat,primary,H1,phase,1.058,closed,Ikpp,kA,100MVA,55.2207753835176,171.824378492054,11.2915902831127,30.4350215129895,20.9943018808531,142.015781133479,NaN,"LLG single-earth path; bolted-baseline comparison; ZfMode=phase",1.04365782637864,1.03016473750825,1.36031030287904,0.0279240227180547,NaN,NaN,4.56398991319183e-14,0.680155151439485,0.680155151439528,1.36031030287899,0,8.86841215471265e-16,7.98482960927815e-16,2.33818478241964e-15
LG,F5,0.5,LF360_GAT_OUT,P,15,MID,1.5,sat,primary,H1,phase,1.058,closed,Ikpp,kA,100MVA,44.31035024238,-62.987776550476,14.77011674746,14.77011674746,14.77011674746,114.683857894401,NaN,"bolted-baseline reference; ZfMode=phase",2.18518996997548,2.14902912162286,4.90956090385006,0.0364277454997593,NaN,NaN,4.90956090384999,NaN,NaN,39.4302566639886,0,7.26586113537431e-15,2.95627689627242e-15,1.2981151760857e-15
LLG,F5,0.5,LF360_GAT_OUT,P,15,MID,1.5,sat,primary,H1,phase,1.058,closed,Ikpp,kA,100MVA,57.7583655251161,171.797109014174,11.7895812286239,31.6002558323194,21.9063396620106,149.489953201947,NaN,"LLG single-earth path; bolted-baseline comparison; ZfMode=phase",1.04297782716789,1.02960210472449,1.31607101736969,0.0277558431139779,NaN,NaN,1.31607101736966,NaN,NaN,1.31607101736968,0,2.64259991501531e-15,2.20705059856412e-15,1.00858406508475e-15
LG,F3,0.5,LF360_GAT_OUT,P,15,MID,1.5,sat,primary,H1,bolted,0,open,Ikpp,kA,100MVA,45.7377472846575,-83.1457682271016,15.2459157615525,15.2459157615525,15.2459157615525,117.455753942123,NaN,"bolted-baseline reference; ZfMode=bolted",2.15500463282079,2.12034497753438,5.17960192958267,0.0355186356399559,NaN,NaN,40.5828774652387,NaN,NaN,40.5828774652387,0,5.52095779496251e-15,2.3859463667493e-15,6.25163381401311e-16
LLG,F3,0.5,LF360_GAT_OUT,P,15,MID,1.5,sat,primary,H1,bolted,0,open,Ikpp,kA,100MVA,48.5036617932619,32.3928350224767,13.9263066935507,32.2276873898655,18.3013847772616,124.558696112093,NaN,"LLG single-earth path; bolted-baseline comparison; ZfMode=bolted",1.44184972071598,1.43331595281269,2.24309144654402,0.0266947182075544,NaN,NaN,2.24309144654403,NaN,NaN,2.243091446544,0,8.48524279185384e-16,1.03553267499589e-15,5.60304545533971e-16
LG,F4,0.5,LF360_GAT_OUT,P,15,MID,1.5,sat,primary,H1,bolted,0,open,Ikpp,kA,100MVA,46.1170088370327,-83.1994042514144,15.3723362790109,15.3723362790109,15.3723362790109,118.602880673885,NaN,"bolted-baseline reference; ZfMode=bolted",2.12886030632748,2.09401246567768,5.02993824392131,0.0356569217088774,NaN,NaN,46.1170088370324,14.0333756410459,32.0870263680783,41.1167063036877,0,9.43327714128928e-15,5.89274893337476e-15,1.8685911735465e-15
LLG,F4,0.5,LF360_GAT_OUT,P,15,MID,1.5,sat,primary,H1,bolted,0,open,Ikpp,kA,100MVA,48.9663352242708,161.366228036338,14.0172709004445,32.5365638808855,18.5192937380214,125.930726213494,NaN,"LLG single-earth path; bolted-baseline comparison; ZfMode=bolted",1.41648267770793,1.40754963776639,2.14340872187696,0.0269640461154776,NaN,NaN,2.62288831595923e-14,1.07170436093859,1.07170436093857,2.14340872187693,0,1.56695921805949e-15,1.47915765962931e-15,6.65587471595194e-16
LG,F5,0.5,LF360_GAT_OUT,P,15,MID,1.5,sat,primary,H1,bolted,0,open,Ikpp,kA,100MVA,48.4667640662034,-83.6369864365484,16.1555880220678,16.1555880220678,16.1555880220678,125.441470274223,NaN,"bolted-baseline reference; ZfMode=bolted",2.1618216056321,2.1272257761239,5.07456521662268,0.035480006755888,NaN,NaN,5.07456521662272,NaN,NaN,43.4249970370927,0,2.85373019220743e-15,1.37674613064657e-15,5.99074250133722e-16
LLG,F5,0.5,LF360_GAT_OUT,P,15,MID,1.5,sat,primary,H1,bolted,0,open,Ikpp,kA,100MVA,51.1774982446824,32.3231634812445,14.8633129623141,33.9742336338986,19.1110605382326,132.45738081462,NaN,"LLG single-earth path; bolted-baseline comparison; ZfMode=bolted",1.44727851027437,1.43862497963597,2.14336595566524,0.0266985669815179,NaN,NaN,2.14336595566535,NaN,NaN,2.14336595566523,0,1.92052823950759e-15,2.5118483775982e-15,4.12315187932576e-16
LG,F3,0.5,LF360_GAT_OUT,P,15,MID,1.5,sat,primary,H0,bolted,0,closed,Ikpp,kA,100MVA,45.7377472846575,-83.1457682271016,15.2459157615525,15.2459157615525,15.2459157615525,117.455753942123,NaN,"bolted-baseline reference; ZfMode=bolted",2.15500463282079,2.12034497753438,5.17960192958267,0.0355186356399559,NaN,NaN,40.5828774652387,NaN,NaN,40.5828774652387,0,5.52095779496251e-15,2.3859463667493e-15,6.25163381401311e-16
LLG,F3,0.5,LF360_GAT_OUT,P,15,MID,1.5,sat,primary,H0,bolted,0,closed,Ikpp,kA,100MVA,48.5036617932619,32.3928350224767,13.9263066935507,32.2276873898655,18.3013847772616,124.558696112093,NaN,"LLG single-earth path; bolted-baseline comparison; ZfMode=bolted",1.44184972071598,1.43331595281269,2.24309144654402,0.0266947182075544,NaN,NaN,2.24309144654403,NaN,NaN,2.243091446544,0,8.48524279185384e-16,1.03553267499589e-15,5.60304545533971e-16
LG,F4,0.5,LF360_GAT_OUT,P,15,MID,1.5,sat,primary,H0,bolted,0,closed,Ikpp,kA,100MVA,46.1170088370327,-83.1994042514144,15.3723362790109,15.3723362790109,15.3723362790109,118.602880673885,NaN,"bolted-baseline reference; ZfMode=bolted",2.12886030632748,2.09401246567768,5.02993824392131,0.0356569217088774,NaN,NaN,46.1170088370324,14.0333756410459,32.0870263680783,41.1167063036877,0,9.43327714128928e-15,5.89274893337476e-15,1.8685911735465e-15
LLG,F4,0.5,LF360_GAT_OUT,P,15,MID,1.5,sat,primary,H0,bolted,0,closed,Ikpp,kA,100MVA,48.9663352242708,161.366228036338,14.0172709004445,32.5365638808855,18.5192937380214,125.930726213494,NaN,"LLG single-earth path; bolted-baseline comparison; ZfMode=bolted",1.41648267770793,1.40754963776639,2.14340872187696,0.0269640461154776,NaN,NaN,2.62288831595923e-14,1.07170436093859,1.07170436093857,2.14340872187693,0,1.56695921805949e-15,1.47915765962931e-15,6.65587471595194e-16
LG,F5,0.5,LF360_GAT_OUT,P,15,MID,1.5,sat,primary,H0,bolted,0,closed,Ikpp,kA,100MVA,48.4667640662034,-83.6369864365484,16.1555880220678,16.1555880220678,16.1555880220678,125.441470274223,NaN,"bolted-baseline reference; ZfMode=bolted",2.1618216056321,2.1272257761239,5.07456521662268,0.035480006755888,NaN,NaN,5.07456521662272,NaN,NaN,43.4249970370927,0,2.85373019220743e-15,1.37674613064657e-15,5.99074250133722e-16
LLG,F5,0.5,LF360_GAT_OUT,P,15,MID,1.5,sat,primary,H0,bolted,0,closed,Ikpp,kA,100MVA,51.1774982446824,32.3231634812445,14.8633129623141,33.9742336338986,19.1110605382326,132.45738081462,NaN,"LLG single-earth path; bolted-baseline comparison; ZfMode=bolted",1.44727851027437,1.43862497963597,2.14336595566524,0.0266985669815179,NaN,NaN,2.14336595566535,NaN,NaN,2.14336595566523,0,1.92052823950759e-15,2.5118483775982e-15,4.12315187932576e-16
LG,F3,0.5,LF360_GAT_OUT,P,15,MID,1.5,sat,primary,H2,bolted,0,closed,Ikpp,kA,100MVA,45.7377472846575,-83.1457682271016,15.2459157615525,15.2459157615525,15.2459157615525,117.455753942123,NaN,"bolted-baseline reference; ZfMode=bolted",2.15500463282079,2.12034497753438,5.17960192958267,0.0355186356399559,NaN,NaN,40.5828774652387,NaN,NaN,40.5828774652387,0,5.52095779496251e-15,2.3859463667493e-15,6.25163381401311e-16
LLG,F3,0.5,LF360_GAT_OUT,P,15,MID,1.5,sat,primary,H2,bolted,0,closed,Ikpp,kA,100MVA,48.5036617932619,32.3928350224767,13.9263066935507,32.2276873898655,18.3013847772616,124.558696112093,NaN,"LLG single-earth path; bolted-baseline comparison; ZfMode=bolted",1.44184972071598,1.43331595281269,2.24309144654402,0.0266947182075544,NaN,NaN,2.24309144654403,NaN,NaN,2.243091446544,0,8.48524279185384e-16,1.03553267499589e-15,5.60304545533971e-16
LG,F4,0.5,LF360_GAT_OUT,P,15,MID,1.5,sat,primary,H2,bolted,0,closed,Ikpp,kA,100MVA,46.1170088370327,-83.1994042514144,15.3723362790109,15.3723362790109,15.3723362790109,118.602880673885,NaN,"bolted-baseline reference; ZfMode=bolted",2.12886030632748,2.09401246567768,5.02993824392131,0.0356569217088774,NaN,NaN,46.1170088370324,14.0333756410459,32.0870263680783,41.1167063036877,0,9.43327714128928e-15,5.89274893337476e-15,1.8685911735465e-15
LLG,F4,0.5,LF360_GAT_OUT,P,15,MID,1.5,sat,primary,H2,bolted,0,closed,Ikpp,kA,100MVA,48.9663352242708,161.366228036338,14.0172709004445,32.5365638808855,18.5192937380214,125.930726213494,NaN,"LLG single-earth path; bolted-baseline comparison; ZfMode=bolted",1.41648267770793,1.40754963776639,2.14340872187696,0.0269640461154776,NaN,NaN,2.62288831595923e-14,1.07170436093859,1.07170436093857,2.14340872187693,0,1.56695921805949e-15,1.47915765962931e-15,6.65587471595194e-16
LG,F5,0.5,LF360_GAT_OUT,P,15,MID,1.5,sat,primary,H2,bolted,0,closed,Ikpp,kA,100MVA,48.4667640662034,-83.6369864365484,16.1555880220678,16.1555880220678,16.1555880220678,125.441470274223,NaN,"bolted-baseline reference; ZfMode=bolted",2.1618216056321,2.1272257761239,5.07456521662268,0.035480006755888,NaN,NaN,5.07456521662272,NaN,NaN,43.4249970370927,0,2.85373019220743e-15,1.37674613064657e-15,5.99074250133722e-16
LLG,F5,0.5,LF360_GAT_OUT,P,15,MID,1.5,sat,primary,H2,bolted,0,closed,Ikpp,kA,100MVA,51.1774982446824,32.3231634812445,14.8633129623141,33.9742336338986,19.1110605382326,132.45738081462,NaN,"LLG single-earth path; bolted-baseline comparison; ZfMode=bolted",1.44727851027437,1.43862497963597,2.14336595566524,0.0266985669815179,NaN,NaN,2.14336595566535,NaN,NaN,2.14336595566523,0,1.92052823950759e-15,2.5118483775982e-15,4.12315187932576e-16
LG,F3,0.5,LF360_GAT_OUT,P,15,MID,1.5,sat,primary,H1,bolted,0,closed,Ikpp,kA,100MVA,45.7377472846575,-83.1457682271016,15.2459157615525,15.2459157615525,15.2459157615525,117.455753942123,NaN,"bolted-baseline reference; ZfMode=bolted",2.15500463282079,2.12034497753438,5.17960192958267,0.0355186356399559,NaN,NaN,40.5828774652387,NaN,NaN,40.5828774652387,0,5.52095779496251e-15,2.3859463667493e-15,6.25163381401311e-16
LLG,F3,0.5,LF360_GAT_OUT,P,15,MID,1.5,sat,primary,H1,bolted,0,closed,Ikpp,kA,100MVA,48.5036617932619,32.3928350224767,13.9263066935507,32.2276873898655,18.3013847772616,124.558696112093,NaN,"LLG single-earth path; bolted-baseline comparison; ZfMode=bolted",1.44184972071598,1.43331595281269,2.24309144654402,0.0266947182075544,NaN,NaN,2.24309144654403,NaN,NaN,2.243091446544,0,8.48524279185384e-16,1.03553267499589e-15,5.60304545533971e-16
LG,F4,0.5,LF360_GAT_OUT,P,15,MID,1.5,sat,primary,H1,bolted,0,closed,Ikpp,kA,100MVA,46.1170088370327,-83.1994042514144,15.3723362790109,15.3723362790109,15.3723362790109,118.602880673885,NaN,"bolted-baseline reference; ZfMode=bolted",2.12886030632748,2.09401246567768,5.02993824392131,0.0356569217088774,NaN,NaN,46.1170088370324,14.0333756410459,32.0870263680783,41.1167063036877,0,9.43327714128928e-15,5.89274893337476e-15,1.8685911735465e-15
LLG,F4,0.5,LF360_GAT_OUT,P,15,MID,1.5,sat,primary,H1,bolted,0,closed,Ikpp,kA,100MVA,48.9663352242708,161.366228036338,14.0172709004445,32.5365638808855,18.5192937380214,125.930726213494,NaN,"LLG single-earth path; bolted-baseline comparison; ZfMode=bolted",1.41648267770793,1.40754963776639,2.14340872187696,0.0269640461154776,NaN,NaN,2.62288831595923e-14,1.07170436093859,1.07170436093857,2.14340872187693,0,1.56695921805949e-15,1.47915765962931e-15,6.65587471595194e-16
LG,F5,0.5,LF360_GAT_OUT,P,15,MID,1.5,sat,primary,H1,bolted,0,closed,Ikpp,kA,100MVA,48.4667640662034,-83.6369864365484,16.1555880220678,16.1555880220678,16.1555880220678,125.441470274223,NaN,"bolted-baseline reference; ZfMode=bolted",2.1618216056321,2.1272257761239,5.07456521662268,0.035480006755888,NaN,NaN,5.07456521662272,NaN,NaN,43.4249970370927,0,2.85373019220743e-15,1.37674613064657e-15,5.99074250133722e-16
LLG,F5,0.5,LF360_GAT_OUT,P,15,MID,1.5,sat,primary,H1,bolted,0,closed,Ikpp,kA,100MVA,51.1774982446824,32.3231634812445,14.8633129623141,33.9742336338986,19.1110605382326,132.45738081462,NaN,"LLG single-earth path; bolted-baseline comparison; ZfMode=bolted",1.44727851027437,1.43862497963597,2.14336595566524,0.0266985669815179,NaN,NaN,2.14336595566535,NaN,NaN,2.14336595566523,0,1.92052823950759e-15,2.5118483775982e-15,4.12315187932576e-16
LG,F3,0.5,LF360_GAT_OUT,P,15,MID,1.5,sat,primary,H1,bolted,0,closed,Ikpp,kA,100MVA,45.7377472846575,-83.1457682271016,15.2459157615525,15.2459157615525,15.2459157615525,117.455753942123,NaN,"bolted-baseline reference; ZfMode=bolted",2.15500463282079,2.12034497753438,5.17960192958267,0.0355186356399559,NaN,NaN,40.5828774652387,NaN,NaN,40.5828774652387,0,5.52095779496251e-15,2.3859463667493e-15,6.25163381401311e-16
LLG,F3,0.5,LF360_GAT_OUT,P,15,MID,1.5,sat,primary,H1,bolted,0,closed,Ikpp,kA,100MVA,48.5036617932619,32.3928350224767,13.9263066935507,32.2276873898655,18.3013847772616,124.558696112093,NaN,"LLG single-earth path; bolted-baseline comparison; ZfMode=bolted",1.44184972071598,1.43331595281269,2.24309144654402,0.0266947182075544,NaN,NaN,2.24309144654403,NaN,NaN,2.243091446544,0,8.48524279185384e-16,1.03553267499589e-15,5.60304545533971e-16
LG,F4,0.5,LF360_GAT_OUT,P,15,MID,1.5,sat,primary,H1,bolted,0,closed,Ikpp,kA,100MVA,46.1170088370327,-83.1994042514144,15.3723362790109,15.3723362790109,15.3723362790109,118.602880673885,NaN,"bolted-baseline reference; ZfMode=bolted",2.12886030632748,2.09401246567768,5.02993824392131,0.0356569217088774,NaN,NaN,46.1170088370324,14.0333756410459,32.0870263680783,41.1167063036877,0,9.43327714128928e-15,5.89274893337476e-15,1.8685911735465e-15
LLG,F4,0.5,LF360_GAT_OUT,P,15,MID,1.5,sat,primary,H1,bolted,0,closed,Ikpp,kA,100MVA,48.9663352242708,161.366228036338,14.0172709004445,32.5365638808855,18.5192937380214,125.930726213494,NaN,"LLG single-earth path; bolted-baseline comparison; ZfMode=bolted",1.41648267770793,1.40754963776639,2.14340872187696,0.0269640461154776,NaN,NaN,2.62288831595923e-14,1.07170436093859,1.07170436093857,2.14340872187693,0,1.56695921805949e-15,1.47915765962931e-15,6.65587471595194e-16
LG,F5,0.5,LF360_GAT_OUT,P,15,MID,1.5,sat,primary,H1,bolted,0,closed,Ikpp,kA,100MVA,48.4667640662034,-83.6369864365484,16.1555880220678,16.1555880220678,16.1555880220678,125.441470274223,NaN,"bolted-baseline reference; ZfMode=bolted",2.1618216056321,2.1272257761239,5.07456521662268,0.035480006755888,NaN,NaN,5.07456521662272,NaN,NaN,43.4249970370927,0,2.85373019220743e-15,1.37674613064657e-15,5.99074250133722e-16
LLG,F5,0.5,LF360_GAT_OUT,P,15,MID,1.5,sat,primary,H1,bolted,0,closed,Ikpp,kA,100MVA,51.1774982446824,32.3231634812445,14.8633129623141,33.9742336338986,19.1110605382326,132.45738081462,NaN,"LLG single-earth path; bolted-baseline comparison; ZfMode=bolted",1.44727851027437,1.43862497963597,2.14336595566524,0.0266985669815179,NaN,NaN,2.14336595566535,NaN,NaN,2.14336595566523,0,1.92052823950759e-15,2.5118483775982e-15,4.12315187932576e-16
LG,F3,0.5,LF360_GAT_OUT,P,15,MID,1.5,sat,primary,H1,bolted,0,closed,Ikpp,kA,100MVA,45.7377472846575,-83.1457682271016,15.2459157615525,15.2459157615525,15.2459157615525,117.455753942123,NaN,"bolted-baseline reference; ZfMode=bolted",2.15500463282079,2.12034497753438,5.17960192958267,0.0355186356399559,NaN,NaN,40.5828774652387,NaN,NaN,40.5828774652387,0,5.52095779496251e-15,2.3859463667493e-15,6.25163381401311e-16
LLG,F3,0.5,LF360_GAT_OUT,P,15,MID,1.5,sat,primary,H1,bolted,0,closed,Ikpp,kA,100MVA,48.5036617932619,32.3928350224767,13.9263066935507,32.2276873898655,18.3013847772616,124.558696112093,NaN,"LLG single-earth path; bolted-baseline comparison; ZfMode=bolted",1.44184972071598,1.43331595281269,2.24309144654402,0.0266947182075544,NaN,NaN,2.24309144654403,NaN,NaN,2.243091446544,0,8.48524279185384e-16,1.03553267499589e-15,5.60304545533971e-16
LG,F4,0.5,LF360_GAT_OUT,P,15,MID,1.5,sat,primary,H1,bolted,0,closed,Ikpp,kA,100MVA,46.1170088370327,-83.1994042514144,15.3723362790109,15.3723362790109,15.3723362790109,118.602880673885,NaN,"bolted-baseline reference; ZfMode=bolted",2.12886030632748,2.09401246567768,5.02993824392131,0.0356569217088774,NaN,NaN,46.1170088370324,14.0333756410459,32.0870263680783,41.1167063036877,0,9.43327714128928e-15,5.89274893337476e-15,1.8685911735465e-15
LLG,F4,0.5,LF360_GAT_OUT,P,15,MID,1.5,sat,primary,H1,bolted,0,closed,Ikpp,kA,100MVA,48.9663352242708,161.366228036338,14.0172709004445,32.5365638808855,18.5192937380214,125.930726213494,NaN,"LLG single-earth path; bolted-baseline comparison; ZfMode=bolted",1.41648267770793,1.40754963776639,2.14340872187696,0.0269640461154776,NaN,NaN,2.62288831595923e-14,1.07170436093859,1.07170436093857,2.14340872187693,0,1.56695921805949e-15,1.47915765962931e-15,6.65587471595194e-16
LG,F5,0.5,LF360_GAT_OUT,P,15,MID,1.5,sat,primary,H1,bolted,0,closed,Ikpp,kA,100MVA,48.4667640662034,-83.6369864365484,16.1555880220678,16.1555880220678,16.1555880220678,125.441470274223,NaN,"bolted-baseline reference; ZfMode=bolted",2.1618216056321,2.1272257761239,5.07456521662268,0.035480006755888,NaN,NaN,5.07456521662272,NaN,NaN,43.4249970370927,0,2.85373019220743e-15,1.37674613064657e-15,5.99074250133722e-16
LLG,F5,0.5,LF360_GAT_OUT,P,15,MID,1.5,sat,primary,H1,bolted,0,closed,Ikpp,kA,100MVA,51.1774982446824,32.3231634812445,14.8633129623141,33.9742336338986,19.1110605382326,132.45738081462,NaN,"LLG single-earth path; bolted-baseline comparison; ZfMode=bolted",1.44727851027437,1.43862497963597,2.14336595566524,0.0266985669815179,NaN,NaN,2.14336595566535,NaN,NaN,2.14336595566523,0,1.92052823950759e-15,2.5118483775982e-15,4.12315187932576e-16
LG,F3,0.5,LF360_GAT_OUT,P,15,MID,1.5,sat,primary,H1,bolted,0,closed,Ikpp,kA,100MVA,45.7377472846575,-83.1457682271016,15.2459157615525,15.2459157615525,15.2459157615525,117.455753942123,NaN,"bolted-baseline reference; ZfMode=bolted",2.15500463282079,2.12034497753438,5.17960192958267,0.0355186356399559,NaN,NaN,40.5828774652387,NaN,NaN,40.5828774652387,0,5.52095779496251e-15,2.3859463667493e-15,6.25163381401311e-16
LLG,F3,0.5,LF360_GAT_OUT,P,15,MID,1.5,sat,primary,H1,bolted,0,closed,Ikpp,kA,100MVA,48.5036617932619,32.3928350224767,13.9263066935507,32.2276873898655,18.3013847772616,124.558696112093,NaN,"LLG single-earth path; bolted-baseline comparison; ZfMode=bolted",1.44184972071598,1.43331595281269,2.24309144654402,0.0266947182075544,NaN,NaN,2.24309144654403,NaN,NaN,2.243091446544,0,8.48524279185384e-16,1.03553267499589e-15,5.60304545533971e-16
LG,F4,0.5,LF360_GAT_OUT,P,15,MID,1.5,sat,primary,H1,bolted,0,closed,Ikpp,kA,100MVA,46.1170088370327,-83.1994042514144,15.3723362790109,15.3723362790109,15.3723362790109,118.602880673885,NaN,"bolted-baseline reference; ZfMode=bolted",2.12886030632748,2.09401246567768,5.02993824392131,0.0356569217088774,NaN,NaN,46.1170088370324,14.0333756410459,32.0870263680783,41.1167063036877,0,9.43327714128928e-15,5.89274893337476e-15,1.8685911735465e-15
LLG,F4,0.5,LF360_GAT_OUT,P,15,MID,1.5,sat,primary,H1,bolted,0,closed,Ikpp,kA,100MVA,48.9663352242708,161.366228036338,14.0172709004445,32.5365638808855,18.5192937380214,125.930726213494,NaN,"LLG single-earth path; bolted-baseline comparison; ZfMode=bolted",1.41648267770793,1.40754963776639,2.14340872187696,0.0269640461154776,NaN,NaN,2.62288831595923e-14,1.07170436093859,1.07170436093857,2.14340872187693,0,1.56695921805949e-15,1.47915765962931e-15,6.65587471595194e-16
LG,F5,0.5,LF360_GAT_OUT,P,15,MID,1.5,sat,primary,H1,bolted,0,closed,Ikpp,kA,100MVA,48.4667640662034,-83.6369864365484,16.1555880220678,16.1555880220678,16.1555880220678,125.441470274223,NaN,"bolted-baseline reference; ZfMode=bolted",2.1618216056321,2.1272257761239,5.07456521662268,0.035480006755888,NaN,NaN,5.07456521662272,NaN,NaN,43.4249970370927,0,2.85373019220743e-15,1.37674613064657e-15,5.99074250133722e-16
LLG,F5,0.5,LF360_GAT_OUT,P,15,MID,1.5,sat,primary,H1,bolted,0,closed,Ikpp,kA,100MVA,51.1774982446824,32.3231634812445,14.8633129623141,33.9742336338986,19.1110605382326,132.45738081462,NaN,"LLG single-earth path; bolted-baseline comparison; ZfMode=bolted",1.44727851027437,1.43862497963597,2.14336595566524,0.0266985669815179,NaN,NaN,2.14336595566535,NaN,NaN,2.14336595566523,0,1.92052823950759e-15,2.5118483775982e-15,4.12315187932576e-16
LG,F3,0.5,LF360_GAT_OUT,P,15,MID,1.5,sat,primary,H1,bolted,0,closed,Ikpp,kA,100MVA,45.7377472846575,-83.1457682271016,15.2459157615525,15.2459157615525,15.2459157615525,117.455753942123,NaN,"bolted-baseline reference; ZfMode=bolted",2.15500463282079,2.12034497753438,5.17960192958267,0.0355186356399559,NaN,NaN,40.5828774652387,NaN,NaN,40.5828774652387,0,5.52095779496251e-15,2.3859463667493e-15,6.25163381401311e-16
LLG,F3,0.5,LF360_GAT_OUT,P,15,MID,1.5,sat,primary,H1,bolted,0,closed,Ikpp,kA,100MVA,48.5036617932619,32.3928350224767,13.9263066935507,32.2276873898655,18.3013847772616,124.558696112093,NaN,"LLG single-earth path; bolted-baseline comparison; ZfMode=bolted",1.44184972071598,1.43331595281269,2.24309144654402,0.0266947182075544,NaN,NaN,2.24309144654403,NaN,NaN,2.243091446544,0,8.48524279185384e-16,1.03553267499589e-15,5.60304545533971e-16
LG,F4,0.5,LF360_GAT_OUT,P,15,MID,1.5,sat,primary,H1,bolted,0,closed,Ikpp,kA,100MVA,46.1170088370327,-83.1994042514144,15.3723362790109,15.3723362790109,15.3723362790109,118.602880673885,NaN,"bolted-baseline reference; ZfMode=bolted",2.12886030632748,2.09401246567768,5.02993824392131,0.0356569217088774,NaN,NaN,46.1170088370324,14.0333756410459,32.0870263680783,41.1167063036877,0,9.43327714128928e-15,5.89274893337476e-15,1.8685911735465e-15
LLG,F4,0.5,LF360_GAT_OUT,P,15,MID,1.5,sat,primary,H1,bolted,0,closed,Ikpp,kA,100MVA,48.9663352242708,161.366228036338,14.0172709004445,32.5365638808855,18.5192937380214,125.930726213494,NaN,"LLG single-earth path; bolted-baseline comparison; ZfMode=bolted",1.41648267770793,1.40754963776639,2.14340872187696,0.0269640461154776,NaN,NaN,2.62288831595923e-14,1.07170436093859,1.07170436093857,2.14340872187693,0,1.56695921805949e-15,1.47915765962931e-15,6.65587471595194e-16
LG,F5,0.5,LF360_GAT_OUT,P,15,MID,1.5,sat,primary,H1,bolted,0,closed,Ikpp,kA,100MVA,48.4667640662034,-83.6369864365484,16.1555880220678,16.1555880220678,16.1555880220678,125.441470274223,NaN,"bolted-baseline reference; ZfMode=bolted",2.1618216056321,2.1272257761239,5.07456521662268,0.035480006755888,NaN,NaN,5.07456521662272,NaN,NaN,43.4249970370927,0,2.85373019220743e-15,1.37674613064657e-15,5.99074250133722e-16
LLG,F5,0.5,LF360_GAT_OUT,P,15,MID,1.5,sat,primary,H1,bolted,0,closed,Ikpp,kA,100MVA,51.1774982446824,32.3231634812445,14.8633129623141,33.9742336338986,19.1110605382326,132.45738081462,NaN,"LLG single-earth path; bolted-baseline comparison; ZfMode=bolted",1.44727851027437,1.43862497963597,2.14336595566524,0.0266985669815179,NaN,NaN,2.14336595566535,NaN,NaN,2.14336595566523,0,1.92052823950759e-15,2.5118483775982e-15,4.12315187932576e-16
LG,F3,0.5,LF360_GAT_OUT,P,15,MID,1.5,sat,primary,H1,bolted,0,closed,Ikpp,kA,100MVA,45.7377472846575,-83.1457682271016,15.2459157615525,15.2459157615525,15.2459157615525,117.455753942123,NaN,"bolted-baseline reference; ZfMode=bolted",2.15500463282079,2.12034497753438,5.17960192958267,0.0355186356399559,NaN,NaN,40.5828774652387,NaN,NaN,40.5828774652387,0,5.52095779496251e-15,2.3859463667493e-15,6.25163381401311e-16
LLG,F3,0.5,LF360_GAT_OUT,P,15,MID,1.5,sat,primary,H1,bolted,0,closed,Ikpp,kA,100MVA,48.5036617932619,32.3928350224767,13.9263066935507,32.2276873898655,18.3013847772616,124.558696112093,NaN,"LLG single-earth path; bolted-baseline comparison; ZfMode=bolted",1.44184972071598,1.43331595281269,2.24309144654402,0.0266947182075544,NaN,NaN,2.24309144654403,NaN,NaN,2.243091446544,0,8.48524279185384e-16,1.03553267499589e-15,5.60304545533971e-16
LG,F4,0.5,LF360_GAT_OUT,P,15,MID,1.5,sat,primary,H1,bolted,0,closed,Ikpp,kA,100MVA,46.1170088370327,-83.1994042514144,15.3723362790109,15.3723362790109,15.3723362790109,118.602880673885,NaN,"bolted-baseline reference; ZfMode=bolted",2.12886030632748,2.09401246567768,5.02993824392131,0.0356569217088774,NaN,NaN,46.1170088370324,14.0333756410459,32.0870263680783,41.1167063036877,0,9.43327714128928e-15,5.89274893337476e-15,1.8685911735465e-15
LLG,F4,0.5,LF360_GAT_OUT,P,15,MID,1.5,sat,primary,H1,bolted,0,closed,Ikpp,kA,100MVA,48.9663352242708,161.366228036338,14.0172709004445,32.5365638808855,18.5192937380214,125.930726213494,NaN,"LLG single-earth path; bolted-baseline comparison; ZfMode=bolted",1.41648267770793,1.40754963776639,2.14340872187696,0.0269640461154776,NaN,NaN,2.62288831595923e-14,1.07170436093859,1.07170436093857,2.14340872187693,0,1.56695921805949e-15,1.47915765962931e-15,6.65587471595194e-16
LG,F5,0.5,LF360_GAT_OUT,P,15,MID,1.5,sat,primary,H1,bolted,0,closed,Ikpp,kA,100MVA,48.4667640662034,-83.6369864365484,16.1555880220678,16.1555880220678,16.1555880220678,125.441470274223,NaN,"bolted-baseline reference; ZfMode=bolted",2.1618216056321,2.1272257761239,5.07456521662268,0.035480006755888,NaN,NaN,5.07456521662272,NaN,NaN,43.4249970370927,0,2.85373019220743e-15,1.37674613064657e-15,5.99074250133722e-16
LLG,F5,0.5,LF360_GAT_OUT,P,15,MID,1.5,sat,primary,H1,bolted,0,closed,Ikpp,kA,100MVA,51.1774982446824,32.3231634812445,14.8633129623141,33.9742336338986,19.1110605382326,132.45738081462,NaN,"LLG single-earth path; bolted-baseline comparison; ZfMode=bolted",1.44727851027437,1.43862497963597,2.14336595566524,0.0266985669815179,NaN,NaN,2.14336595566535,NaN,NaN,2.14336595566523,0,1.92052823950759e-15,2.5118483775982e-15,4.12315187932576e-16
LG,F3,0.5,LF360_GAT_OUT,P,15,MID,1.5,sat,primary,H1,bolted,0,closed,Ikpp,kA,100MVA,45.7377472846575,-83.1457682271016,15.2459157615525,15.2459157615525,15.2459157615525,117.455753942123,NaN,"bolted-baseline reference; ZfMode=bolted",2.15500463282079,2.12034497753438,5.17960192958267,0.0355186356399559,NaN,NaN,40.5828774652387,NaN,NaN,40.5828774652387,0,5.52095779496251e-15,2.3859463667493e-15,6.25163381401311e-16
LLG,F3,0.5,LF360_GAT_OUT,P,15,MID,1.5,sat,primary,H1,bolted,0,closed,Ikpp,kA,100MVA,48.5036617932619,32.3928350224767,13.9263066935507,32.2276873898655,18.3013847772616,124.558696112093,NaN,"LLG single-earth path; bolted-baseline comparison; ZfMode=bolted",1.44184972071598,1.43331595281269,2.24309144654402,0.0266947182075544,NaN,NaN,2.24309144654403,NaN,NaN,2.243091446544,0,8.48524279185384e-16,1.03553267499589e-15,5.60304545533971e-16
LG,F4,0.5,LF360_GAT_OUT,P,15,MID,1.5,sat,primary,H1,bolted,0,closed,Ikpp,kA,100MVA,46.1170088370327,-83.1994042514144,15.3723362790109,15.3723362790109,15.3723362790109,118.602880673885,NaN,"bolted-baseline reference; ZfMode=bolted",2.12886030632748,2.09401246567768,5.02993824392131,0.0356569217088774,NaN,NaN,46.1170088370324,14.0333756410459,32.0870263680783,41.1167063036877,0,9.43327714128928e-15,5.89274893337476e-15,1.8685911735465e-15
LLG,F4,0.5,LF360_GAT_OUT,P,15,MID,1.5,sat,primary,H1,bolted,0,closed,Ikpp,kA,100MVA,48.9663352242708,161.366228036338,14.0172709004445,32.5365638808855,18.5192937380214,125.930726213494,NaN,"LLG single-earth path; bolted-baseline comparison; ZfMode=bolted",1.41648267770793,1.40754963776639,2.14340872187696,0.0269640461154776,NaN,NaN,2.62288831595923e-14,1.07170436093859,1.07170436093857,2.14340872187693,0,1.56695921805949e-15,1.47915765962931e-15,6.65587471595194e-16
LG,F5,0.5,LF360_GAT_OUT,P,15,MID,1.5,sat,primary,H1,bolted,0,closed,Ikpp,kA,100MVA,48.4667640662034,-83.6369864365484,16.1555880220678,16.1555880220678,16.1555880220678,125.441470274223,NaN,"bolted-baseline reference; ZfMode=bolted",2.1618216056321,2.1272257761239,5.07456521662268,0.035480006755888,NaN,NaN,5.07456521662272,NaN,NaN,43.4249970370927,0,2.85373019220743e-15,1.37674613064657e-15,5.99074250133722e-16
LLG,F5,0.5,LF360_GAT_OUT,P,15,MID,1.5,sat,primary,H1,bolted,0,closed,Ikpp,kA,100MVA,51.1774982446824,32.3231634812445,14.8633129623141,33.9742336338986,19.1110605382326,132.45738081462,NaN,"LLG single-earth path; bolted-baseline comparison; ZfMode=bolted",1.44727851027437,1.43862497963597,2.14336595566524,0.0266985669815179,NaN,NaN,2.14336595566535,NaN,NaN,2.14336595566523,0,1.92052823950759e-15,2.5118483775982e-15,4.12315187932576e-16
LG,F3,0.5,LF360_GAT_OUT,P,15,MID,1.5,sat,primary,H1,bolted,0,closed,Ikpp,kA,100MVA,45.7377472846575,-83.1457682271016,15.2459157615525,15.2459157615525,15.2459157615525,117.455753942123,NaN,"bolted-baseline reference; ZfMode=bolted",2.15500463282079,2.12034497753438,5.17960192958267,0.0355186356399559,NaN,NaN,40.5828774652387,NaN,NaN,40.5828774652387,0,5.52095779496251e-15,2.3859463667493e-15,6.25163381401311e-16
LLG,F3,0.5,LF360_GAT_OUT,P,15,MID,1.5,sat,primary,H1,bolted,0,closed,Ikpp,kA,100MVA,48.5036617932619,32.3928350224767,13.9263066935507,32.2276873898655,18.3013847772616,124.558696112093,NaN,"LLG single-earth path; bolted-baseline comparison; ZfMode=bolted",1.44184972071598,1.43331595281269,2.24309144654402,0.0266947182075544,NaN,NaN,2.24309144654403,NaN,NaN,2.243091446544,0,8.48524279185384e-16,1.03553267499589e-15,5.60304545533971e-16
LG,F4,0.5,LF360_GAT_OUT,P,15,MID,1.5,sat,primary,H1,bolted,0,closed,Ikpp,kA,100MVA,46.1170088370327,-83.1994042514144,15.3723362790109,15.3723362790109,15.3723362790109,118.602880673885,NaN,"bolted-baseline reference; ZfMode=bolted",2.12886030632748,2.09401246567768,5.02993824392131,0.0356569217088774,NaN,NaN,46.1170088370324,14.0333756410459,32.0870263680783,41.1167063036877,0,9.43327714128928e-15,5.89274893337476e-15,1.8685911735465e-15
LLG,F4,0.5,LF360_GAT_OUT,P,15,MID,1.5,sat,primary,H1,bolted,0,closed,Ikpp,kA,100MVA,48.9663352242708,161.366228036338,14.0172709004445,32.5365638808855,18.5192937380214,125.930726213494,NaN,"LLG single-earth path; bolted-baseline comparison; ZfMode=bolted",1.41648267770793,1.40754963776639,2.14340872187696,0.0269640461154776,NaN,NaN,2.62288831595923e-14,1.07170436093859,1.07170436093857,2.14340872187693,0,1.56695921805949e-15,1.47915765962931e-15,6.65587471595194e-16
LG,F5,0.5,LF360_GAT_OUT,P,15,MID,1.5,sat,primary,H1,bolted,0,closed,Ikpp,kA,100MVA,48.4667640662034,-83.6369864365484,16.1555880220678,16.1555880220678,16.1555880220678,125.441470274223,NaN,"bolted-baseline reference; ZfMode=bolted",2.1618216056321,2.1272257761239,5.07456521662268,0.035480006755888,NaN,NaN,5.07456521662272,NaN,NaN,43.4249970370927,0,2.85373019220743e-15,1.37674613064657e-15,5.99074250133722e-16
LLG,F5,0.5,LF360_GAT_OUT,P,15,MID,1.5,sat,primary,H1,bolted,0,closed,Ikpp,kA,100MVA,51.1774982446824,32.3231634812445,14.8633129623141,33.9742336338986,19.1110605382326,132.45738081462,NaN,"LLG single-earth path; bolted-baseline comparison; ZfMode=bolted",1.44727851027437,1.43862497963597,2.14336595566524,0.0266985669815179,NaN,NaN,2.14336595566535,NaN,NaN,2.14336595566523,0,1.92052823950759e-15,2.5118483775982e-15,4.12315187932576e-16
LG,F3,0.5,LF360_GAT_IN,P,15,MID,1.5,sat,primary,H1,bolted,0,closed,Ikpp,kA,100MVA,45.8917862903413,-82.9688817647352,15.2972620967804,15.2972620967804,15.2972620967804,117.829746971367,NaN,"bolted-baseline reference; ZfMode=bolted",2.17755014274662,2.08212809258887,5.12463597332757,0.095569228168219,0.230543402707775,0.227979310708509,40.5993089430042,NaN,NaN,40.5993089430042,0,4.64343771123235e-15,2.70054616323005e-15,3.47625615977614e-16
LLG,F3,0.5,LF360_GAT_IN,P,15,MID,1.5,sat,primary,H1,bolted,0,closed,Ikpp,kA,100MVA,48.6504551261439,161.300539095441,14.008326313914,32.2791873460236,18.2710366670125,124.912784638368,NaN,"LLG single-earth path; bolted-baseline comparison; ZfMode=bolted",1.45759932631284,1.40086013142167,2.24786748838375,0.0579245357795335,0.125301730018207,0.126743703312695,2.29934800029617,NaN,NaN,2.29934800029614,0,6.11727428083927e-16,8.77320627674527e-16,1.33826474073219e-15
LG,F4,0.5,LF360_GAT_IN,P,15,MID,1.5,sat,primary,H1,bolted,0,closed,Ikpp,kA,100MVA,46.256898563863,-83.0339582336743,15.4189661879543,15.4189661879543,15.4189661879543,118.94091927681,NaN,"bolted-baseline reference; ZfMode=bolted",2.15029494268867,2.05574968463465,4.97448398719784,0.094686988401658,0.222876861822857,0.220361649840182,46.2568985638633,14.1349874277999,32.1265866593711,41.1263307647259,0,7.13923981544647e-15,4.9016907488629e-15,1.37952703037085e-15
LLG,F4,0.5,LF360_GAT_IN,P,15,MID,1.5,sat,primary,H1,bolted,0,closed,Ikpp,kA,100MVA,49.1279473221152,161.319244667016,14.0914426984626,32.5833198152603,18.4921065347006,126.32328145839,NaN,"LLG single-earth path; bolted-baseline comparison; ZfMode=bolted",1.43156201949823,1.37557659734802,2.14720551373807,0.0572064562760344,0.119589886373078,0.121006056240452,1.07040275518506e-13,1.09738956109917,1.09738956109906,2.19477912219813,0,3.44453030872364e-15,2.57846155637026e-15,7.13834895457939e-16
LG,F5,0.5,LF360_GAT_IN,P,15,MID,1.5,sat,primary,H1,bolted,0,closed,Ikpp,kA,100MVA,48.6057594111485,-83.4775593766349,16.2019198037162,16.2019198037162,16.2019198037162,125.77810109857,NaN,"bolted-baseline reference; ZfMode=bolted",2.18355092550567,2.0879455584717,5.01740448842722,0.095755735421847,0.224193841645655,0.221621766699013,5.21494839014502,NaN,NaN,43.4345933125674,0,2.44819413835591e-15,9.03349728617076e-16,3.66956012166072e-16
LLG,F5,0.5,LF360_GAT_IN,P,15,MID,1.5,sat,primary,H1,bolted,0,closed,Ikpp,kA,100MVA,51.1756587748327,160.537008130945,14.9383207514575,34.0216935031178,19.0833785422353,132.428281363102,NaN,"LLG single-earth path; bolted-baseline comparison; ZfMode=bolted",1.462800411275,1.405832329356,2.1473063006261,0.0581476301443561,0.120340176459636,0.121786243536171,2.19472994520831,NaN,NaN,2.19472994520829,0,2.33574844399854e-15,2.64973362932802e-15,1.1646059314822e-15
LLL,F3,0.5,LF360_GAT_OUT,P,15,MID,1.5,sat,primary,H1,bolted,0,closed,Ib,kA,100MVA,49.8627461873166,-83.0396964490139,0,49.8627461873166,0,127.908315924108,0.06,"constant-E' reference approximation at t_break=0.06 s (chosen study reference time, not a measured breaker clearing time); ZfMode=bolted",2.58754266720206,2.57944030845633,2.57944030845633,0.0138441914117737,NaN,NaN,47.3697866297748,NaN,NaN,47.3697866297748,NaN,0,1.59970736645376e-16,NaN
LLL,F3,0.5,LF360_GAT_OUT,P,15,MID,1.5,sat,primary,H1,bolted,0,closed,Isteady,kA,100MVA,48.0245186827914,-82.8128350988976,0,48.0245186827914,0,122.756916993084,NaN,"constant-field synchronous (constant-Eq) steady reference; no-AVR action modelled; ZfMode=bolted",1.06745115925347,1.06410865505231,1.06410865505231,0.00571120946477164,NaN,NaN,47.3697866297748,NaN,NaN,47.3697866297748,NaN,0,1.48558912247546e-16,NaN
LG,F3,0.5,LF360_GAT_OUT,P,15,MID,1.5,sat,primary,H1,bolted,0,closed,Ib,kA,100MVA,45.554944841672,-83.1060392498331,15.1849816138907,15.1849816138907,15.1849816138907,116.857909406443,0.06,"constant-E' reference approximation at t_break=0.06 s (chosen study reference time, not a measured breaker clearing time); ZfMode=bolted",2.04344750154488,2.00945274029547,4.9742860461368,0.0343768879473561,NaN,NaN,40.6100035798379,NaN,NaN,40.6100035798381,0,7.91109698228231e-15,3.23173623560135e-15,9.44758839217869e-16
LG,F3,0.5,LF360_GAT_OUT,P,15,MID,1.5,sat,primary,H1,bolted,0,closed,Isteady,kA,100MVA,45.0344160762528,-82.9844547749756,15.0114720254176,15.0114720254176,15.0114720254176,115.113825765119,NaN,"constant-field synchronous (constant-Eq) steady reference; no-AVR action modelled; ZfMode=bolted",1.81487278084726,1.78387630283096,4.39439261325037,0.0311417095504803,NaN,NaN,40.6872683382852,NaN,NaN,40.6872683382851,0,2.28413835939983e-15,1.31688804199504e-15,5.22809653185134e-16
LLL,F3,0.5,LF360_GAT_IN,P,15,MID,1.5,sat,primary,H1,bolted,0,closed,Ib,kA,100MVA,49.8677997933676,-83.0295910558163,0,49.8677997933676,0,127.899726888785,0.06,"constant-E' reference approximation at t_break=0.06 s (chosen study reference time, not a measured breaker clearing time); ZfMode=bolted",2.60745527871615,2.51063638728894,2.51063638728894,0.0969773732377202,0.0928440690724552,0.088807370417131,47.3518920836026,NaN,NaN,47.3518920836026,NaN,1.44181060588311e-16,2.02328248673873e-16,NaN
LLL,F3,0.5,LF360_GAT_IN,P,15,MID,1.5,sat,primary,H1,bolted,0,closed,Isteady,kA,100MVA,47.9993623683734,-82.806579209868,0,47.9993623683734,0,122.684804957485,NaN,"constant-field synchronous (constant-Eq) steady reference; no-AVR action modelled; ZfMode=bolted",1.06414565861532,1.02463226644894,1.02463226644894,0.0395780712164889,0.0378912013709707,0.0362437578331024,47.3518920836026,NaN,NaN,47.3518920836026,NaN,1.85795964381089e-17,1.66180962520498e-16,NaN
LG,F3,0.5,LF360_GAT_IN,P,15,MID,1.5,sat,primary,H1,bolted,0,closed,Ib,kA,100MVA,45.7025932712813,-82.9295047942169,15.2341977570938,15.2341977570938,15.2341977570938,117.216905933828,0.06,"constant-E' reference approximation at t_break=0.06 s (chosen study reference time, not a measured breaker clearing time); ZfMode=bolted",2.06219527253113,1.97110879882905,4.91965893286179,0.0911690562798315,0.224608902074451,0.22229172794541,40.6271166655854,NaN,NaN,40.6271166655855,0,2.24869710399867e-15,1.19015074283917e-15,3.49064666479607e-16
LG,F3,0.5,LF360_GAT_IN,P,15,MID,1.5,sat,primary,H1,bolted,0,closed,Isteady,kA,100MVA,45.169239902909,-82.8104300900087,15.0564133009697,15.0564133009697,15.0564133009697,115.451104225867,NaN,"constant-field synchronous (constant-Eq) steady reference; no-AVR action modelled; ZfMode=bolted",1.82806072508305,1.74649183249289,4.34606884017752,0.0815705585127777,0.208717857048611,0.207044521885157,40.705545483298,NaN,NaN,40.7055454832982,0,2.23479909399108e-15,1.84721380485592e-15,1.57962091697402e-15
