device_id,device_type,equipment,ansi,zone,ct_ratio,ct_source,rated_A,vnom_kV,fault_source,pickup_A,tms,curve,ef_pickup_A,ef_tms,breaker_ref,upstream,downstream,provenance,status,assumption_class,physical_CT_ratio,selected_CT_core,protection_function,study_CT_ratio,layer,maximum_load_anchor_A,pickup_pu,slope1_pct,slope2_pct,operate_proxy_s,trip_delay_s,highset_enabled,actual_installed_setting_verified,scope,actual_installed_value_verified
GEN-51,oc,B22-generator-bus,51,generator,15000,VERIFIED,12019,22,Phase-4-production-import,17170.8,0.1,SI,NOT_APPLICABLE_TO_ROW,NOT_APPLICABLE_TO_ROW,NONE,GSUT-HV-51,NONE,DERIVED:1.20 x 14309 A = 17170.8 A; TMS 0.10 ENGINEERING_ASSUMPTION; CT 15000/1 VERIFIED,ACTIVE-STUDY,PRIMARY,15000,VERIFIED:T1/T2-15000/1-3cores-generator-protection-report,IEC-SI-STUDY,15000,STUDY,14309,NOT_APPLICABLE_TO_ROW,NOT_APPLICABLE_TO_ROW,NOT_APPLICABLE_TO_ROW,NOT_APPLICABLE_TO_ROW,NOT_APPLICABLE_TO_ROW,0,0,PRIMARY,NO
GEN-51N,ef,B22-generator-bus,51N,generator,20,ENGINEERING_ASSUMPTION,12019,22,Phase-4-production-import,4,0.15,SI,4,0.15,NONE,GSUT-HV-51,NONE,ENGINEERING_ASSUMPTION:dedicated 20/1 neutral CT; 0.20 A secondary; PRIMARY 4 A; 5 A sensitivity only,ACTIVE-STUDY,PRIMARY,INSTALLED_VALUE_NOT_VERIFIED,Dedicated 20/1 neutral CT engineering study assumption,IEC-SI-STUDY,20,STUDY,NOT_APPLICABLE_TO_ROW,NOT_APPLICABLE_TO_ROW,NOT_APPLICABLE_TO_ROW,NOT_APPLICABLE_TO_ROW,NOT_APPLICABLE_TO_ROW,NOT_APPLICABLE_TO_ROW,0,0,PRIMARY,NO
GSUT-HV-51,oc,GSUT-HV-230kV,51,transformer-HV,1600,ENGINEERING_ASSUMPTION,1292.8,230,Phase-4-production-import,1380,0.55,SI,NOT_APPLICABLE_TO_ROW,NOT_APPLICABLE_TO_ROW,NONE,GIS-Q0-51,GEN-51,ENGINEERING_ASSUMPTION:GSUT 1600/1 central CT based on as-built SLD; manufacturer 1500/1 documentary conflict retained,ACTIVE-STUDY,PRIMARY,INSTALLED_VALUE_NOT_VERIFIED,As-built 1600/1; manufacturer 1500/1 documentary sensitivity; installed function core unverified,IEC-SI-STUDY,1600,STUDY,1149.68010125586,NOT_APPLICABLE_TO_ROW,NOT_APPLICABLE_TO_ROW,NOT_APPLICABLE_TO_ROW,NOT_APPLICABLE_TO_ROW,NOT_APPLICABLE_TO_ROW,0,0,PRIMARY,NO
GIS-Q0-51,oc,230kV-GIS,51,grid,1600,ENGINEERING_ASSUMPTION,2000,230,Phase-4-production-import,1500,0.8,SI,NOT_APPLICABLE_TO_ROW,NOT_APPLICABLE_TO_ROW,Q0,REMOTE-GRID-boundary,GSUT-HV-51,CONDITIONAL_ASSUMPTION:GSUT transformer-bay Q0 mapping; 1500 A primary; candidate interrupting rating 50 kA,ACTIVE-STUDY-CONDITIONAL,CONDITIONAL,1600,GIS 1600/1 study tap; actual function-core mapping pending,IEC-SI-STUDY,1600,STUDY,NOT_APPLICABLE_TO_ROW,NOT_APPLICABLE_TO_ROW,NOT_APPLICABLE_TO_ROW,NOT_APPLICABLE_TO_ROW,NOT_APPLICABLE_TO_ROW,NOT_APPLICABLE_TO_ROW,0,0,CONDITIONAL,NO
GIS-Q0-50,oc-instantaneous,230kV-GIS,50,grid,1600,ENGINEERING_ASSUMPTION,2000,230,Phase-4-production-import,NOT_APPLICABLE_TO_ROW,NOT_APPLICABLE_TO_ROW,NOT_APPLICABLE_TO_FUNCTION,NOT_APPLICABLE_TO_ROW,NOT_APPLICABLE_TO_ROW,Q0,REMOTE-GRID-boundary,GSUT-HV-51,ENGINEERING_ASSUMPTION:high-set disabled in study,OFF-NOT-RELIED-UPON,CONDITIONAL,INSTALLED_VALUE_NOT_VERIFIED,ENGINEERING_ASSUMPTION:GIS-bay-1600/1-selected-core-assignment-unverified,INVENTORY-ONLY,1600,STUDY,NOT_APPLICABLE_TO_ROW,NOT_APPLICABLE_TO_ROW,NOT_APPLICABLE_TO_ROW,NOT_APPLICABLE_TO_ROW,NOT_APPLICABLE_TO_ROW,NOT_APPLICABLE_TO_ROW,0,0,CONDITIONAL,NO
LINE-21-note,note,South-line-230kV,21,line,NOT_APPLICABLE_TO_ROW,MISSING,NOT_APPLICABLE_TO_ROW,230,Phase-4-production-import,NOT_APPLICABLE_TO_ROW,NOT_APPLICABLE_TO_ROW,DISTANCE-ZONES,NOT_APPLICABLE_TO_ROW,NOT_APPLICABLE_TO_ROW,NONE,REMOTE-GRID-boundary,GIS-Q0-51,ENGINEERING_STUDY_PROXY:21 0.8/1.2/2.0 x line impedance; timers 0/0.30/0.80 s,ACTIVE-BACKUP-STUDY,PRIMARY,INSTALLED_VALUE_NOT_VERIFIED,NOT-APPLICABLE-note-only,INVENTORY-ONLY,NOT_APPLICABLE_TO_ROW,STUDY,NOT_APPLICABLE_TO_ROW,NOT_APPLICABLE_TO_ROW,NOT_APPLICABLE_TO_ROW,NOT_APPLICABLE_TO_ROW,NOT_APPLICABLE_TO_ROW,NOT_APPLICABLE_TO_ROW,0,0,PRIMARY,NO
REMOTE-GRID-boundary,boundary,B230-REMOTE,NONE,grid-boundary,NOT_APPLICABLE_TO_ROW,MISSING,NOT_APPLICABLE_TO_ROW,230,Phase-4-production-import,NOT_APPLICABLE_TO_ROW,NOT_APPLICABLE_TO_ROW,NOT_APPLICABLE_TO_FUNCTION,NOT_APPLICABLE_TO_ROW,NOT_APPLICABLE_TO_ROW,NONE,NONE,GIS-Q0-51,DERIVED:45.01 kA X/R 10.99 secondary historical grid; separate analytical screening,NUMERICAL-GRID-SCREEN,PRIMARY,INSTALLED_VALUE_NOT_VERIFIED,NOT-APPLICABLE-boundary,INVENTORY-ONLY,NOT_APPLICABLE_TO_ROW,STUDY,NOT_APPLICABLE_TO_ROW,NOT_APPLICABLE_TO_ROW,NOT_APPLICABLE_TO_ROW,NOT_APPLICABLE_TO_ROW,NOT_APPLICABLE_TO_ROW,NOT_APPLICABLE_TO_ROW,0,0,PRIMARY,NO
GEN-51-SIEMENS-BL,oc,B22-generator-bus,50/51-DT,generator,15000,VERIFIED,12019,22,Phase-4-production-import,17171,NOT_APPLICABLE_TO_ROW,DT,NOT_APPLICABLE_TO_ROW,NOT_APPLICABLE_TO_ROW,NONE,GSUT-HV-51,NONE,USER_ASSERTED_PENDING_DOC:17171 A and 3 s historical comparator; numerical study only,DOCUMENTARY-COMPARATOR-STUDY,SENSITIVITY,15000,VERIFIED:T1/T2-15000/1-3cores-generator-protection-report,INVENTORY-ONLY,15000,PHYSICAL,NOT_APPLICABLE_TO_ROW,NOT_APPLICABLE_TO_ROW,NOT_APPLICABLE_TO_ROW,NOT_APPLICABLE_TO_ROW,NOT_APPLICABLE_TO_ROW,3,0,0,SENSITIVITY,NO
GEN-87G,diff,B22-generator-bus,87G,generator,15000,VERIFIED,12019,22,Phase-4-production-import,2403.8,NOT_APPLICABLE_TO_ROW,NOT_APPLICABLE_TO_FUNCTION,NOT_APPLICABLE_TO_ROW,NOT_APPLICABLE_TO_ROW,NONE,NONE,NONE,ENGINEERING_ASSUMPTION:87G 0.20 x 12019 A; high-set OFF; 0.045 s ENGINEERING_STUDY_PROXY,STUDY-DETECTABILITY,PRIMARY,15000,VERIFIED:T1/T2-15000/1-3cores-generator-protection-report,INVENTORY-ONLY,15000,PHYSICAL,NOT_APPLICABLE_TO_ROW,0.2,NOT_APPLICABLE_TO_ROW,NOT_APPLICABLE_TO_ROW,0.045,NOT_APPLICABLE_TO_ROW,0,0,PRIMARY,NO
GEN-46,unbalance,B22-generator-bus,46,generator,15000,VERIFIED,12019,22,Phase-4-production-import,NOT_APPLICABLE_TO_ROW,NOT_APPLICABLE_TO_ROW,NOT_APPLICABLE_TO_FUNCTION,NOT_APPLICABLE_TO_ROW,NOT_APPLICABLE_TO_ROW,NONE,NONE,NONE,VERIFIED:function inventory from project SLD; setting verification separate,INVENTORY-OUTSIDE-CENTRAL-CALCULATION,PRIMARY,15000,VERIFIED:T1/T2-15000/1-3cores-generator-protection-report,INVENTORY-ONLY,15000,PHYSICAL,NOT_APPLICABLE_TO_ROW,NOT_APPLICABLE_TO_ROW,NOT_APPLICABLE_TO_ROW,NOT_APPLICABLE_TO_ROW,NOT_APPLICABLE_TO_ROW,NOT_APPLICABLE_TO_ROW,0,0,PRIMARY,NO
GEN-40,loss-of-excitation,B22-generator-bus,40,generator,NOT_APPLICABLE_TO_ROW,MISSING,12019,22,Phase-4-production-import,NOT_APPLICABLE_TO_ROW,NOT_APPLICABLE_TO_ROW,NOT_APPLICABLE_TO_FUNCTION,NOT_APPLICABLE_TO_ROW,NOT_APPLICABLE_TO_ROW,NONE,NONE,NONE,VERIFIED:function inventory from project SLD; setting verification separate,INVENTORY-OUTSIDE-CENTRAL-CALCULATION,PRIMARY,INSTALLED_VALUE_NOT_VERIFIED,NOT-APPLICABLE-no-CT-presence-only,INVENTORY-ONLY,NOT_APPLICABLE_TO_ROW,PHYSICAL,NOT_APPLICABLE_TO_ROW,NOT_APPLICABLE_TO_ROW,NOT_APPLICABLE_TO_ROW,NOT_APPLICABLE_TO_ROW,NOT_APPLICABLE_TO_ROW,NOT_APPLICABLE_TO_ROW,0,0,PRIMARY,NO
GEN-32R,reverse-power,B22-generator-bus,32R,generator,NOT_APPLICABLE_TO_ROW,MISSING,12019,22,Phase-4-production-import,NOT_APPLICABLE_TO_ROW,NOT_APPLICABLE_TO_ROW,NOT_APPLICABLE_TO_FUNCTION,NOT_APPLICABLE_TO_ROW,NOT_APPLICABLE_TO_ROW,NONE,NONE,NONE,VERIFIED:function inventory from project SLD; setting verification separate,INVENTORY-OUTSIDE-CENTRAL-CALCULATION,PRIMARY,INSTALLED_VALUE_NOT_VERIFIED,NOT-APPLICABLE-no-CT-presence-only,INVENTORY-ONLY,NOT_APPLICABLE_TO_ROW,PHYSICAL,NOT_APPLICABLE_TO_ROW,NOT_APPLICABLE_TO_ROW,NOT_APPLICABLE_TO_ROW,NOT_APPLICABLE_TO_ROW,NOT_APPLICABLE_TO_ROW,NOT_APPLICABLE_TO_ROW,0,0,PRIMARY,NO
GEN-21,distance,B22-generator-bus,21,generator,NOT_APPLICABLE_TO_ROW,MISSING,12019,22,Phase-4-production-import,NOT_APPLICABLE_TO_ROW,NOT_APPLICABLE_TO_ROW,NOT_APPLICABLE_TO_FUNCTION,NOT_APPLICABLE_TO_ROW,NOT_APPLICABLE_TO_ROW,NONE,NONE,NONE,VERIFIED:function inventory from project SLD; setting verification separate,INVENTORY-OUTSIDE-CENTRAL-CALCULATION,PRIMARY,INSTALLED_VALUE_NOT_VERIFIED,NOT-APPLICABLE-no-CT-presence-only,INVENTORY-ONLY,NOT_APPLICABLE_TO_ROW,PHYSICAL,NOT_APPLICABLE_TO_ROW,NOT_APPLICABLE_TO_ROW,NOT_APPLICABLE_TO_ROW,NOT_APPLICABLE_TO_ROW,NOT_APPLICABLE_TO_ROW,NOT_APPLICABLE_TO_ROW,0,0,PRIMARY,NO
GEN-78,out-of-step,B22-generator-bus,78,generator,NOT_APPLICABLE_TO_ROW,MISSING,12019,22,Phase-4-production-import,NOT_APPLICABLE_TO_ROW,NOT_APPLICABLE_TO_ROW,NOT_APPLICABLE_TO_FUNCTION,NOT_APPLICABLE_TO_ROW,NOT_APPLICABLE_TO_ROW,NONE,NONE,NONE,VERIFIED:function inventory from project SLD; setting verification separate,INVENTORY-OUTSIDE-CENTRAL-CALCULATION,PRIMARY,INSTALLED_VALUE_NOT_VERIFIED,NOT-APPLICABLE-no-CT-presence-only,INVENTORY-ONLY,NOT_APPLICABLE_TO_ROW,PHYSICAL,NOT_APPLICABLE_TO_ROW,NOT_APPLICABLE_TO_ROW,NOT_APPLICABLE_TO_ROW,NOT_APPLICABLE_TO_ROW,NOT_APPLICABLE_TO_ROW,NOT_APPLICABLE_TO_ROW,0,0,PRIMARY,NO
GEN-59,overvoltage,B22-generator-bus,59,generator,NOT_APPLICABLE_TO_ROW,MISSING,12019,22,Phase-4-production-import,NOT_APPLICABLE_TO_ROW,NOT_APPLICABLE_TO_ROW,NOT_APPLICABLE_TO_FUNCTION,NOT_APPLICABLE_TO_ROW,NOT_APPLICABLE_TO_ROW,NONE,NONE,NONE,VERIFIED:function inventory from project SLD; setting verification separate,INVENTORY-OUTSIDE-CENTRAL-CALCULATION,PRIMARY,INSTALLED_VALUE_NOT_VERIFIED,NOT-APPLICABLE-no-CT-presence-only,INVENTORY-ONLY,NOT_APPLICABLE_TO_ROW,PHYSICAL,NOT_APPLICABLE_TO_ROW,NOT_APPLICABLE_TO_ROW,NOT_APPLICABLE_TO_ROW,NOT_APPLICABLE_TO_ROW,NOT_APPLICABLE_TO_ROW,NOT_APPLICABLE_TO_ROW,0,0,PRIMARY,NO
GEN-81,frequency,B22-generator-bus,81,generator,NOT_APPLICABLE_TO_ROW,MISSING,12019,22,Phase-4-production-import,NOT_APPLICABLE_TO_ROW,NOT_APPLICABLE_TO_ROW,NOT_APPLICABLE_TO_FUNCTION,NOT_APPLICABLE_TO_ROW,NOT_APPLICABLE_TO_ROW,NONE,NONE,NONE,VERIFIED:function inventory from project SLD; setting verification separate,INVENTORY-OUTSIDE-CENTRAL-CALCULATION,PRIMARY,INSTALLED_VALUE_NOT_VERIFIED,NOT-APPLICABLE-no-CT-presence-only,INVENTORY-ONLY,NOT_APPLICABLE_TO_ROW,PHYSICAL,NOT_APPLICABLE_TO_ROW,NOT_APPLICABLE_TO_ROW,NOT_APPLICABLE_TO_ROW,NOT_APPLICABLE_TO_ROW,NOT_APPLICABLE_TO_ROW,NOT_APPLICABLE_TO_ROW,0,0,PRIMARY,NO
GEN-24,overflux,B22-generator-bus,24,generator,NOT_APPLICABLE_TO_ROW,MISSING,12019,22,Phase-4-production-import,NOT_APPLICABLE_TO_ROW,NOT_APPLICABLE_TO_ROW,NOT_APPLICABLE_TO_FUNCTION,NOT_APPLICABLE_TO_ROW,NOT_APPLICABLE_TO_ROW,NONE,NONE,NONE,VERIFIED:function inventory from project SLD; setting verification separate,INVENTORY-OUTSIDE-CENTRAL-CALCULATION,PRIMARY,INSTALLED_VALUE_NOT_VERIFIED,NOT-APPLICABLE-no-CT-presence-only,INVENTORY-ONLY,NOT_APPLICABLE_TO_ROW,PHYSICAL,NOT_APPLICABLE_TO_ROW,NOT_APPLICABLE_TO_ROW,NOT_APPLICABLE_TO_ROW,NOT_APPLICABLE_TO_ROW,NOT_APPLICABLE_TO_ROW,NOT_APPLICABLE_TO_ROW,0,0,PRIMARY,NO
GEN-50-27,inadvertent-energization,B22-generator-bus,50/27,generator,NOT_APPLICABLE_TO_ROW,MISSING,12019,22,Phase-4-production-import,NOT_APPLICABLE_TO_ROW,NOT_APPLICABLE_TO_ROW,NOT_APPLICABLE_TO_FUNCTION,NOT_APPLICABLE_TO_ROW,NOT_APPLICABLE_TO_ROW,NONE,NONE,NONE,VERIFIED:function inventory from project SLD; setting verification separate,INVENTORY-OUTSIDE-CENTRAL-CALCULATION,PRIMARY,INSTALLED_VALUE_NOT_VERIFIED,NOT-APPLICABLE-no-CT-presence-only,INVENTORY-ONLY,NOT_APPLICABLE_TO_ROW,PHYSICAL,NOT_APPLICABLE_TO_ROW,NOT_APPLICABLE_TO_ROW,NOT_APPLICABLE_TO_ROW,NOT_APPLICABLE_TO_ROW,NOT_APPLICABLE_TO_ROW,NOT_APPLICABLE_TO_ROW,0,0,PRIMARY,NO
GEN-59N,neutral-overvoltage,B22-generator-bus,59N,generator,NOT_APPLICABLE_TO_ROW,MISSING,12019,22,Phase-4-production-import,NOT_APPLICABLE_TO_ROW,NOT_APPLICABLE_TO_ROW,NOT_APPLICABLE_TO_FUNCTION,NOT_APPLICABLE_TO_ROW,NOT_APPLICABLE_TO_ROW,NONE,NONE,NONE,VERIFIED:function inventory from project SLD; setting verification separate,INVENTORY-OUTSIDE-CENTRAL-CALCULATION,PRIMARY,INSTALLED_VALUE_NOT_VERIFIED,NOT-APPLICABLE-no-CT-presence-only,INVENTORY-ONLY,NOT_APPLICABLE_TO_ROW,PHYSICAL,NOT_APPLICABLE_TO_ROW,NOT_APPLICABLE_TO_ROW,NOT_APPLICABLE_TO_ROW,NOT_APPLICABLE_TO_ROW,NOT_APPLICABLE_TO_ROW,NOT_APPLICABLE_TO_ROW,0,0,PRIMARY,NO
GEN-64G,stator-earth,B22-generator-bus,64G,generator,NOT_APPLICABLE_TO_ROW,MISSING,12019,22,Phase-4-production-import,NOT_APPLICABLE_TO_ROW,NOT_APPLICABLE_TO_ROW,NOT_APPLICABLE_TO_FUNCTION,NOT_APPLICABLE_TO_ROW,NOT_APPLICABLE_TO_ROW,NONE,NONE,NONE,MANUFACTURER_DEFAULT_STUDY_VALUE:user-specified 7UM62 defaults; local manual unverified; primary-test adjustment required,MANUFACTURER-DEFAULT-STUDY,PRIMARY,INSTALLED_VALUE_NOT_VERIFIED,NOT-APPLICABLE-no-CT-presence-only,INVENTORY-ONLY,NOT_APPLICABLE_TO_ROW,PHYSICAL,NOT_APPLICABLE_TO_ROW,NOT_APPLICABLE_TO_ROW,NOT_APPLICABLE_TO_ROW,NOT_APPLICABLE_TO_ROW,NOT_APPLICABLE_TO_ROW,1,0,0,PRIMARY,NO
GEN-64R,rotor-earth,B22-generator-bus,64R,generator,NOT_APPLICABLE_TO_ROW,MISSING,12019,22,Phase-4-production-import,NOT_APPLICABLE_TO_ROW,NOT_APPLICABLE_TO_ROW,NOT_APPLICABLE_TO_FUNCTION,NOT_APPLICABLE_TO_ROW,NOT_APPLICABLE_TO_ROW,NONE,NONE,NONE,VERIFIED:function inventory from project SLD; setting verification separate,INVENTORY-OUTSIDE-CENTRAL-CALCULATION,PRIMARY,INSTALLED_VALUE_NOT_VERIFIED,NOT-APPLICABLE-no-CT-presence-only,INVENTORY-ONLY,NOT_APPLICABLE_TO_ROW,PHYSICAL,NOT_APPLICABLE_TO_ROW,NOT_APPLICABLE_TO_ROW,NOT_APPLICABLE_TO_ROW,NOT_APPLICABLE_TO_ROW,NOT_APPLICABLE_TO_ROW,NOT_APPLICABLE_TO_ROW,0,0,PRIMARY,NO
GSUT-87T,diff,GSUT-HV-230kV,87T,transformer-HV,1600,ENGINEERING_ASSUMPTION,1292.8,230,Phase-4-production-import,387.84,NOT_APPLICABLE_TO_ROW,NOT_APPLICABLE_TO_FUNCTION,NOT_APPLICABLE_TO_ROW,NOT_APPLICABLE_TO_ROW,NONE,NONE,NONE,ENGINEERING_ASSUMPTION:GSUT 1600/1 central CT based on as-built SLD; manufacturer 1500/1 documentary conflict retained,CONDITIONAL-DETECTABILITY,PRIMARY,INSTALLED_VALUE_NOT_VERIFIED,As-built 1600/1; manufacturer 1500/1 documentary sensitivity; installed function core unverified,87T-STUDY-PROXY-NO-MANUFACTURER-DIFFERENTIAL-ALGORITHM,1600,PHYSICAL,1149.68010125586,0.3,30,60,0.045,NOT_APPLICABLE_TO_ROW,0,0,PRIMARY,NO
GSUT-87N,diff,GSUT-HV-230kV,87N,transformer-HV,NOT_APPLICABLE_TO_ROW,MISSING,1292.8,230,Phase-4-production-import,NOT_APPLICABLE_TO_ROW,NOT_APPLICABLE_TO_ROW,NOT_APPLICABLE_TO_FUNCTION,NOT_APPLICABLE_TO_ROW,NOT_APPLICABLE_TO_ROW,NONE,NONE,NONE,VERIFIED:function inventory from project SLD; setting verification separate,INVENTORY-OUTSIDE-CENTRAL-CALCULATION,PRIMARY,INSTALLED_VALUE_NOT_VERIFIED,NOT-APPLICABLE-no-CT-presence-only,INVENTORY-ONLY,NOT_APPLICABLE_TO_ROW,PHYSICAL,1149.68010125586,NOT_APPLICABLE_TO_ROW,NOT_APPLICABLE_TO_ROW,NOT_APPLICABLE_TO_ROW,NOT_APPLICABLE_TO_ROW,NOT_APPLICABLE_TO_ROW,0,0,PRIMARY,NO
GSUT-63,buchholz,GSUT-HV-230kV,63,transformer-HV,NOT_APPLICABLE_TO_ROW,MISSING,1292.8,230,Phase-4-production-import,NOT_APPLICABLE_TO_ROW,NOT_APPLICABLE_TO_ROW,NOT_APPLICABLE_TO_FUNCTION,NOT_APPLICABLE_TO_ROW,NOT_APPLICABLE_TO_ROW,NONE,NONE,NONE,VERIFIED:function inventory from project SLD; setting verification separate,INVENTORY-OUTSIDE-CENTRAL-CALCULATION,PRIMARY,INSTALLED_VALUE_NOT_VERIFIED,NOT-APPLICABLE-no-CT-presence-only,INVENTORY-ONLY,NOT_APPLICABLE_TO_ROW,PHYSICAL,1149.68010125586,NOT_APPLICABLE_TO_ROW,NOT_APPLICABLE_TO_ROW,NOT_APPLICABLE_TO_ROW,NOT_APPLICABLE_TO_ROW,NOT_APPLICABLE_TO_ROW,0,0,PRIMARY,NO
GSUT-49,thermal,GSUT-HV-230kV,49,transformer-HV,NOT_APPLICABLE_TO_ROW,MISSING,1292.8,230,Phase-4-production-import,NOT_APPLICABLE_TO_ROW,NOT_APPLICABLE_TO_ROW,NOT_APPLICABLE_TO_FUNCTION,NOT_APPLICABLE_TO_ROW,NOT_APPLICABLE_TO_ROW,NONE,NONE,NONE,VERIFIED:function inventory from project SLD; setting verification separate,INVENTORY-OUTSIDE-CENTRAL-CALCULATION,PRIMARY,INSTALLED_VALUE_NOT_VERIFIED,NOT-APPLICABLE-no-CT-presence-only,INVENTORY-ONLY,NOT_APPLICABLE_TO_ROW,PHYSICAL,1149.68010125586,NOT_APPLICABLE_TO_ROW,NOT_APPLICABLE_TO_ROW,NOT_APPLICABLE_TO_ROW,NOT_APPLICABLE_TO_ROW,NOT_APPLICABLE_TO_ROW,0,0,PRIMARY,NO
GSUT-86,lockout,GSUT-HV-230kV,86,transformer-HV,NOT_APPLICABLE_TO_ROW,MISSING,1292.8,230,Phase-4-production-import,NOT_APPLICABLE_TO_ROW,NOT_APPLICABLE_TO_ROW,NOT_APPLICABLE_TO_FUNCTION,NOT_APPLICABLE_TO_ROW,NOT_APPLICABLE_TO_ROW,NONE,NONE,NONE,VERIFIED:function inventory from project SLD; setting verification separate,INVENTORY-OUTSIDE-CENTRAL-CALCULATION,PRIMARY,INSTALLED_VALUE_NOT_VERIFIED,NOT-APPLICABLE-no-CT-presence-only,INVENTORY-ONLY,NOT_APPLICABLE_TO_ROW,PHYSICAL,1149.68010125586,NOT_APPLICABLE_TO_ROW,NOT_APPLICABLE_TO_ROW,NOT_APPLICABLE_TO_ROW,NOT_APPLICABLE_TO_ROW,NOT_APPLICABLE_TO_ROW,0,0,PRIMARY,NO
GIS-87B,diff,230kV-GIS,87B,grid,1600,ENGINEERING_ASSUMPTION,2000,230,Phase-4-production-import,320,NOT_APPLICABLE_TO_ROW,NOT_APPLICABLE_TO_FUNCTION,NOT_APPLICABLE_TO_ROW,NOT_APPLICABLE_TO_ROW,NONE,NONE,NONE,ENGINEERING_STUDY_PROXY:87B 0.20 pu on 1600 A CT base; slope 30 percent; detection 0.035 s,STUDY-DETECTABILITY,PRIMARY,INSTALLED_VALUE_NOT_VERIFIED,ENGINEERING_ASSUMPTION:GIS-bay-1600/1-selected-core-assignment-unverified,INVENTORY-ONLY,1600,PHYSICAL,NOT_APPLICABLE_TO_ROW,0.2,30,NOT_APPLICABLE_TO_ROW,0.035,NOT_APPLICABLE_TO_ROW,0,0,PRIMARY,NO
GIS-50BF,bf,230kV-GIS,50BF,grid,1600,ENGINEERING_ASSUMPTION,2000,230,Phase-4-production-import,NOT_APPLICABLE_TO_ROW,NOT_APPLICABLE_TO_ROW,NOT_APPLICABLE_TO_FUNCTION,NOT_APPLICABLE_TO_ROW,NOT_APPLICABLE_TO_ROW,NONE,NONE,NONE,ENGINEERING_ASSUMPTION:230 kV breaker failure timer 0.15 s; preliminary not commissioned,ACTIVE-STUDY-CONDITIONAL,CONDITIONAL,INSTALLED_VALUE_NOT_VERIFIED,ENGINEERING_ASSUMPTION:GIS-bay-1600/1-selected-core-assignment-unverified,INVENTORY-ONLY,1600,PHYSICAL,NOT_APPLICABLE_TO_ROW,NOT_APPLICABLE_TO_ROW,NOT_APPLICABLE_TO_ROW,NOT_APPLICABLE_TO_ROW,NOT_APPLICABLE_TO_ROW,0.15,0,0,CONDITIONAL,NO
LINE-7SD,line-diff,South-line-230kV,7SD,line,1600,ENGINEERING_ASSUMPTION,2000,230,Phase-4-production-import,320,NOT_APPLICABLE_TO_ROW,NOT_APPLICABLE_TO_FUNCTION,NOT_APPLICABLE_TO_ROW,NOT_APPLICABLE_TO_ROW,NONE,NONE,NONE,ENGINEERING_STUDY_PROXY:7SD5221 0.20 In on 1600 A CT base; detection 0.035 s; scheme clearing 0.050 s,PRIMARY-LINE-PROTECTION-STUDY,PRIMARY,INSTALLED_VALUE_NOT_VERIFIED,ENGINEERING_ASSUMPTION:LINE-1600/1-selected-core-assignment-unverified,INVENTORY-ONLY,1600,PHYSICAL,NOT_APPLICABLE_TO_ROW,0.2,NOT_APPLICABLE_TO_ROW,NOT_APPLICABLE_TO_ROW,0.035,0.05,0,0,PRIMARY,NO
GIS-6MD66,bay-control,230kV-GIS,6MD66,grid,NOT_APPLICABLE_TO_ROW,MISSING,NOT_APPLICABLE_TO_ROW,230,Phase-4-production-import,NOT_APPLICABLE_TO_ROW,NOT_APPLICABLE_TO_ROW,NOT_APPLICABLE_TO_FUNCTION,NOT_APPLICABLE_TO_ROW,NOT_APPLICABLE_TO_ROW,NONE,NONE,NONE,VERIFIED:function inventory from project SLD; setting verification separate,INVENTORY-OUTSIDE-CENTRAL-CALCULATION,PRIMARY,INSTALLED_VALUE_NOT_VERIFIED,NOT-APPLICABLE-no-CT-presence-only,INVENTORY-ONLY,NOT_APPLICABLE_TO_ROW,PHYSICAL,NOT_APPLICABLE_TO_ROW,NOT_APPLICABLE_TO_ROW,NOT_APPLICABLE_TO_ROW,NOT_APPLICABLE_TO_ROW,NOT_APPLICABLE_TO_ROW,NOT_APPLICABLE_TO_ROW,0,0,PRIMARY,NO
GEN-52G,breaker,B22-generator-breaker-10BAC10,52G,generator-breaker,NOT_APPLICABLE_TO_ROW,MISSING,12400,22,Phase-4-production-import,NOT_APPLICABLE_TO_ROW,NOT_APPLICABLE_TO_ROW,NOT_APPLICABLE_TO_FUNCTION,NOT_APPLICABLE_TO_ROW,NOT_APPLICABLE_TO_ROW,NONE,NONE,NONE,VERIFIED:GENERATION AND TRANSFORMERS SYSTEM.pdf p.2 10BAC10 22kV 12.4kA continuous 100kA symmetrical rating; 0.12 s 50BF ENGINEERING_ASSUMPTION,INVENTORY-OUTSIDE-CENTRAL-CALCULATION,PRIMARY,INSTALLED_VALUE_NOT_VERIFIED,NOT-APPLICABLE-no-CT-presence-only,INVENTORY-ONLY,NOT_APPLICABLE_TO_ROW,PHYSICAL,NOT_APPLICABLE_TO_ROW,NOT_APPLICABLE_TO_ROW,NOT_APPLICABLE_TO_ROW,NOT_APPLICABLE_TO_ROW,NOT_APPLICABLE_TO_ROW,0.12,0,0,PRIMARY,NO
UAT-HV-51,oc,UAT-HV,51,aux-UAT,1000,VERIFIED,NOT_APPLICABLE_TO_ROW,NOT_APPLICABLE_TO_ROW,Phase-4-production-import,NOT_APPLICABLE_TO_ROW,NOT_APPLICABLE_TO_ROW,NOT_APPLICABLE_TO_FUNCTION,NOT_APPLICABLE_TO_ROW,NOT_APPLICABLE_TO_ROW,NONE,NONE,NONE,VERIFIED:function inventory from project SLD; setting verification separate,INVENTORY-OUTSIDE-CENTRAL-CALCULATION,PRIMARY,1000,VERIFIED:T1-T3-LRB-24-1000/1-30VA-5P20-UAT-datasheet,INVENTORY-ONLY,1000,PHYSICAL,NOT_APPLICABLE_TO_ROW,NOT_APPLICABLE_TO_ROW,NOT_APPLICABLE_TO_ROW,NOT_APPLICABLE_TO_ROW,NOT_APPLICABLE_TO_ROW,NOT_APPLICABLE_TO_ROW,0,0,PRIMARY,NO
GAT-HVN-51N,ef,GAT-HVN,51N,aux-GAT,250,VERIFIED,NOT_APPLICABLE_TO_ROW,NOT_APPLICABLE_TO_ROW,Phase-4-production-import,NOT_APPLICABLE_TO_ROW,NOT_APPLICABLE_TO_ROW,NOT_APPLICABLE_TO_FUNCTION,NOT_APPLICABLE_TO_ROW,NOT_APPLICABLE_TO_ROW,NONE,NONE,NONE,VERIFIED:function inventory from project SLD; setting verification separate,INVENTORY-OUTSIDE-CENTRAL-CALCULATION,PRIMARY,250,VERIFIED:T6-LRB-126-250/1-15VA-5P20-GAT-datasheet,INVENTORY-ONLY,250,PHYSICAL,NOT_APPLICABLE_TO_ROW,NOT_APPLICABLE_TO_ROW,NOT_APPLICABLE_TO_ROW,NOT_APPLICABLE_TO_ROW,NOT_APPLICABLE_TO_ROW,NOT_APPLICABLE_TO_ROW,0,0,PRIMARY,NO
