fault_location,fault_type,caseID,device_id,side,I_primary_A,I_primary_kA,CT_ratio,I_secondary_A,I0_A,I0_source,provenance,scope,physical_voltage_kV
F1,LLL,LF360_GAT_OUT,GEN-51,physical-CT,55048.7096805279,55.0487096805279,15000,3.66991397870186,6.21563696608829e-12,DERIVED:abs(complex Ia+Ib+Ic)/3 on physical branch voltage base,DERIVED:1.20 x 14309 A = 17170.8 A; TMS 0.10 ENGINEERING_ASSUMPTION; CT 15000/1 VERIFIED,PRIMARY,22
F1,LLL,LF360_GAT_OUT,GEN-51N,physical-CT,0,0,20,0,6.21563696608829e-12,DERIVED:abs(complex Ia+Ib+Ic)/3 on physical branch voltage base,ENGINEERING_ASSUMPTION:dedicated 20/1 neutral CT; 0.20 A secondary; PRIMARY 4 A; 5 A sensitivity only,PRIMARY,22
F1,LLL,LF360_GAT_OUT,GSUT-HV-51,physical-CT,6897.01475447833,6.89701475447833,1600,4.31063422154896,6.64715019895537e-13,DERIVED:abs(complex Ia+Ib+Ic)/3 on physical branch voltage base,ENGINEERING_ASSUMPTION:GSUT 1600/1 central CT based on as-built SLD; manufacturer 1500/1 documentary conflict retained,PRIMARY,230
F1,LLL,LF360_GAT_OUT,GIS-Q0-51,physical-CT,6897.01475447833,6.89701475447833,1600,4.31063422154896,6.64715019895537e-13,DERIVED:abs(complex Ia+Ib+Ic)/3 on physical branch voltage base,CONDITIONAL_ASSUMPTION:GSUT transformer-bay Q0 mapping; 1500 A primary; candidate interrupting rating 50 kA,CONDITIONAL,230
F1,LG,LF360_GAT_OUT,GEN-51,physical-CT,8414.11669538933,8.41411669538933,15000,0.560941113025955,2.4240014759929,DERIVED:abs(complex Ia+Ib+Ic)/3 on physical branch voltage base,DERIVED:1.20 x 14309 A = 17170.8 A; TMS 0.10 ENGINEERING_ASSUMPTION; CT 15000/1 VERIFIED,PRIMARY,22
F1,LG,LF360_GAT_OUT,GEN-51N,physical-CT,7.27200442799158,0.00727200442799158,20,0.363600221399579,2.4240014759929,DERIVED:abs(complex Ia+Ib+Ic)/3 on physical branch voltage base,ENGINEERING_ASSUMPTION:dedicated 20/1 neutral CT; 0.20 A secondary; PRIMARY 4 A; 5 A sensitivity only,PRIMARY,22
F1,LG,LF360_GAT_OUT,GSUT-HV-51,physical-CT,766.695923505791,0.766695923505791,1600,0.479184952191119,1.24634066230413e-13,DERIVED:abs(complex Ia+Ib+Ic)/3 on physical branch voltage base,ENGINEERING_ASSUMPTION:GSUT 1600/1 central CT based on as-built SLD; manufacturer 1500/1 documentary conflict retained,PRIMARY,230
F1,LG,LF360_GAT_OUT,GIS-Q0-51,physical-CT,766.695923505791,0.766695923505791,1600,0.479184952191119,1.24634066230413e-13,DERIVED:abs(complex Ia+Ib+Ic)/3 on physical branch voltage base,CONDITIONAL_ASSUMPTION:GSUT transformer-bay Q0 mapping; 1500 A primary; candidate interrupting rating 50 kA,CONDITIONAL,230
F1,LL,LF360_GAT_OUT,GEN-51,physical-CT,51787.3316549948,51.7873316549948,15000,3.45248877699965,0,DERIVED:abs(complex Ia+Ib+Ic)/3 on physical branch voltage base,DERIVED:1.20 x 14309 A = 17170.8 A; TMS 0.10 ENGINEERING_ASSUMPTION; CT 15000/1 VERIFIED,PRIMARY,22
F1,LL,LF360_GAT_OUT,GEN-51N,physical-CT,0,0,20,0,0,DERIVED:abs(complex Ia+Ib+Ic)/3 on physical branch voltage base,ENGINEERING_ASSUMPTION:dedicated 20/1 neutral CT; 0.20 A secondary; PRIMARY 4 A; 5 A sensitivity only,PRIMARY,22
F1,LL,LF360_GAT_OUT,GSUT-HV-51,physical-CT,6897.01475447834,6.89701475447834,1600,4.31063422154896,3.32357509947769e-13,DERIVED:abs(complex Ia+Ib+Ic)/3 on physical branch voltage base,ENGINEERING_ASSUMPTION:GSUT 1600/1 central CT based on as-built SLD; manufacturer 1500/1 documentary conflict retained,PRIMARY,230
F1,LL,LF360_GAT_OUT,GIS-Q0-51,physical-CT,6897.01475447834,6.89701475447834,1600,4.31063422154896,3.32357509947769e-13,DERIVED:abs(complex Ia+Ib+Ic)/3 on physical branch voltage base,CONDITIONAL_ASSUMPTION:GSUT transformer-bay Q0 mapping; 1500 A primary; candidate interrupting rating 50 kA,CONDITIONAL,230
F1,LLG,LF360_GAT_OUT,GEN-51,physical-CT,51788.7881141499,51.7887881141499,15000,3.45258587427666,1.21259176813745,DERIVED:abs(complex Ia+Ib+Ic)/3 on physical branch voltage base,DERIVED:1.20 x 14309 A = 17170.8 A; TMS 0.10 ENGINEERING_ASSUMPTION; CT 15000/1 VERIFIED,PRIMARY,22
F1,LLG,LF360_GAT_OUT,GEN-51N,physical-CT,3.63777530441764,0.00363777530441764,20,0.181888765220882,1.21259176813745,DERIVED:abs(complex Ia+Ib+Ic)/3 on physical branch voltage base,ENGINEERING_ASSUMPTION:dedicated 20/1 neutral CT; 0.20 A secondary; PRIMARY 4 A; 5 A sensitivity only,PRIMARY,22
F1,LLG,LF360_GAT_OUT,GSUT-HV-51,physical-CT,6897.01475447831,6.89701475447831,1600,4.31063422154894,4.20402691558808e-13,DERIVED:abs(complex Ia+Ib+Ic)/3 on physical branch voltage base,ENGINEERING_ASSUMPTION:GSUT 1600/1 central CT based on as-built SLD; manufacturer 1500/1 documentary conflict retained,PRIMARY,230
F1,LLG,LF360_GAT_OUT,GIS-Q0-51,physical-CT,6897.01475447831,6.89701475447831,1600,4.31063422154894,4.20402691558808e-13,DERIVED:abs(complex Ia+Ib+Ic)/3 on physical branch voltage base,CONDITIONAL_ASSUMPTION:GSUT transformer-bay Q0 mapping; 1500 A primary; candidate interrupting rating 50 kA,CONDITIONAL,230
F2,LLL,LF360_GAT_OUT,GEN-51,physical-CT,55048.7096805279,55.0487096805279,15000,3.66991397870186,6.21563696608829e-12,DERIVED:abs(complex Ia+Ib+Ic)/3 on physical branch voltage base,DERIVED:1.20 x 14309 A = 17170.8 A; TMS 0.10 ENGINEERING_ASSUMPTION; CT 15000/1 VERIFIED,PRIMARY,22
F2,LLL,LF360_GAT_OUT,GEN-51N,physical-CT,0,0,20,0,6.21563696608829e-12,DERIVED:abs(complex Ia+Ib+Ic)/3 on physical branch voltage base,ENGINEERING_ASSUMPTION:dedicated 20/1 neutral CT; 0.20 A secondary; PRIMARY 4 A; 5 A sensitivity only,PRIMARY,22
F2,LLL,LF360_GAT_OUT,GSUT-HV-51,physical-CT,6897.01475447833,6.89701475447833,1600,4.31063422154896,6.64715019895537e-13,DERIVED:abs(complex Ia+Ib+Ic)/3 on physical branch voltage base,ENGINEERING_ASSUMPTION:GSUT 1600/1 central CT based on as-built SLD; manufacturer 1500/1 documentary conflict retained,PRIMARY,230
F2,LLL,LF360_GAT_OUT,GIS-Q0-51,physical-CT,6897.01475447833,6.89701475447833,1600,4.31063422154896,6.64715019895537e-13,DERIVED:abs(complex Ia+Ib+Ic)/3 on physical branch voltage base,CONDITIONAL_ASSUMPTION:GSUT transformer-bay Q0 mapping; 1500 A primary; candidate interrupting rating 50 kA,CONDITIONAL,230
F2,LG,LF360_GAT_OUT,GEN-51,physical-CT,8414.11669538933,8.41411669538933,15000,0.560941113025955,2.4240014759929,DERIVED:abs(complex Ia+Ib+Ic)/3 on physical branch voltage base,DERIVED:1.20 x 14309 A = 17170.8 A; TMS 0.10 ENGINEERING_ASSUMPTION; CT 15000/1 VERIFIED,PRIMARY,22
F2,LG,LF360_GAT_OUT,GEN-51N,physical-CT,7.27200442799158,0.00727200442799158,20,0.363600221399579,2.4240014759929,DERIVED:abs(complex Ia+Ib+Ic)/3 on physical branch voltage base,ENGINEERING_ASSUMPTION:dedicated 20/1 neutral CT; 0.20 A secondary; PRIMARY 4 A; 5 A sensitivity only,PRIMARY,22
F2,LG,LF360_GAT_OUT,GSUT-HV-51,physical-CT,766.695923505791,0.766695923505791,1600,0.479184952191119,1.24634066230413e-13,DERIVED:abs(complex Ia+Ib+Ic)/3 on physical branch voltage base,ENGINEERING_ASSUMPTION:GSUT 1600/1 central CT based on as-built SLD; manufacturer 1500/1 documentary conflict retained,PRIMARY,230
F2,LG,LF360_GAT_OUT,GIS-Q0-51,physical-CT,766.695923505791,0.766695923505791,1600,0.479184952191119,1.24634066230413e-13,DERIVED:abs(complex Ia+Ib+Ic)/3 on physical branch voltage base,CONDITIONAL_ASSUMPTION:GSUT transformer-bay Q0 mapping; 1500 A primary; candidate interrupting rating 50 kA,CONDITIONAL,230
F2,LL,LF360_GAT_OUT,GEN-51,physical-CT,51787.3316549948,51.7873316549948,15000,3.45248877699965,0,DERIVED:abs(complex Ia+Ib+Ic)/3 on physical branch voltage base,DERIVED:1.20 x 14309 A = 17170.8 A; TMS 0.10 ENGINEERING_ASSUMPTION; CT 15000/1 VERIFIED,PRIMARY,22
F2,LL,LF360_GAT_OUT,GEN-51N,physical-CT,0,0,20,0,0,DERIVED:abs(complex Ia+Ib+Ic)/3 on physical branch voltage base,ENGINEERING_ASSUMPTION:dedicated 20/1 neutral CT; 0.20 A secondary; PRIMARY 4 A; 5 A sensitivity only,PRIMARY,22
F2,LL,LF360_GAT_OUT,GSUT-HV-51,physical-CT,6897.01475447834,6.89701475447834,1600,4.31063422154896,3.32357509947769e-13,DERIVED:abs(complex Ia+Ib+Ic)/3 on physical branch voltage base,ENGINEERING_ASSUMPTION:GSUT 1600/1 central CT based on as-built SLD; manufacturer 1500/1 documentary conflict retained,PRIMARY,230
F2,LL,LF360_GAT_OUT,GIS-Q0-51,physical-CT,6897.01475447834,6.89701475447834,1600,4.31063422154896,3.32357509947769e-13,DERIVED:abs(complex Ia+Ib+Ic)/3 on physical branch voltage base,CONDITIONAL_ASSUMPTION:GSUT transformer-bay Q0 mapping; 1500 A primary; candidate interrupting rating 50 kA,CONDITIONAL,230
F2,LLG,LF360_GAT_OUT,GEN-51,physical-CT,51788.7881141499,51.7887881141499,15000,3.45258587427666,1.21259176813745,DERIVED:abs(complex Ia+Ib+Ic)/3 on physical branch voltage base,DERIVED:1.20 x 14309 A = 17170.8 A; TMS 0.10 ENGINEERING_ASSUMPTION; CT 15000/1 VERIFIED,PRIMARY,22
F2,LLG,LF360_GAT_OUT,GEN-51N,physical-CT,3.63777530441764,0.00363777530441764,20,0.181888765220882,1.21259176813745,DERIVED:abs(complex Ia+Ib+Ic)/3 on physical branch voltage base,ENGINEERING_ASSUMPTION:dedicated 20/1 neutral CT; 0.20 A secondary; PRIMARY 4 A; 5 A sensitivity only,PRIMARY,22
F2,LLG,LF360_GAT_OUT,GSUT-HV-51,physical-CT,6897.01475447831,6.89701475447831,1600,4.31063422154894,4.20402691558808e-13,DERIVED:abs(complex Ia+Ib+Ic)/3 on physical branch voltage base,ENGINEERING_ASSUMPTION:GSUT 1600/1 central CT based on as-built SLD; manufacturer 1500/1 documentary conflict retained,PRIMARY,230
F2,LLG,LF360_GAT_OUT,GIS-Q0-51,physical-CT,6897.01475447831,6.89701475447831,1600,4.31063422154894,4.20402691558808e-13,DERIVED:abs(complex Ia+Ib+Ic)/3 on physical branch voltage base,CONDITIONAL_ASSUMPTION:GSUT transformer-bay Q0 mapping; 1500 A primary; candidate interrupting rating 50 kA,CONDITIONAL,230
F3,LLL,LF360_GAT_OUT,GEN-51,physical-CT,33752.6384966474,33.7526384966474,15000,2.25017589977649,3.10781848304414e-12,DERIVED:abs(complex Ia+Ib+Ic)/3 on physical branch voltage base,DERIVED:1.20 x 14309 A = 17170.8 A; TMS 0.10 ENGINEERING_ASSUMPTION; CT 15000/1 VERIFIED,PRIMARY,22
F3,LLL,LF360_GAT_OUT,GEN-51N,physical-CT,0,0,20,0,3.10781848304414e-12,DERIVED:abs(complex Ia+Ib+Ic)/3 on physical branch voltage base,ENGINEERING_ASSUMPTION:dedicated 20/1 neutral CT; 0.20 A secondary; PRIMARY 4 A; 5 A sensitivity only,PRIMARY,22
F3,LLL,LF360_GAT_OUT,GSUT-HV-51,physical-CT,3218.40382095249,3.21840382095249,1600,2.0115023880953,4.20402691558808e-13,DERIVED:abs(complex Ia+Ib+Ic)/3 on physical branch voltage base,ENGINEERING_ASSUMPTION:GSUT 1600/1 central CT based on as-built SLD; manufacturer 1500/1 documentary conflict retained,PRIMARY,230
F3,LLL,LF360_GAT_OUT,GIS-Q0-51,physical-CT,3218.40382095249,3.21840382095249,1600,2.0115023880953,4.20402691558808e-13,DERIVED:abs(complex Ia+Ib+Ic)/3 on physical branch voltage base,CONDITIONAL_ASSUMPTION:GSUT transformer-bay Q0 mapping; 1500 A primary; candidate interrupting rating 50 kA,CONDITIONAL,230
F3,LG,LF360_GAT_OUT,GEN-51,physical-CT,22529.5938885809,22.5295938885809,15000,1.5019729259054,3.03410478749653e-12,DERIVED:abs(complex Ia+Ib+Ic)/3 on physical branch voltage base,DERIVED:1.20 x 14309 A = 17170.8 A; TMS 0.10 ENGINEERING_ASSUMPTION; CT 15000/1 VERIFIED,PRIMARY,22
F3,LG,LF360_GAT_OUT,GEN-51N,physical-CT,0,0,20,0,3.03410478749653e-12,DERIVED:abs(complex Ia+Ib+Ic)/3 on physical branch voltage base,ENGINEERING_ASSUMPTION:dedicated 20/1 neutral CT; 0.20 A secondary; PRIMARY 4 A; 5 A sensitivity only,PRIMARY,22
F3,LG,LF360_GAT_OUT,GSUT-HV-51,physical-CT,5179.60192958267,5.17960192958267,1600,3.23725120598917,3242.55190693002,DERIVED:abs(complex Ia+Ib+Ic)/3 on physical branch voltage base,ENGINEERING_ASSUMPTION:GSUT 1600/1 central CT based on as-built SLD; manufacturer 1500/1 documentary conflict retained,PRIMARY,230
F3,LG,LF360_GAT_OUT,GIS-Q0-51,physical-CT,5179.60192958267,5.17960192958267,1600,3.23725120598917,3242.55190693002,DERIVED:abs(complex Ia+Ib+Ic)/3 on physical branch voltage base,CONDITIONAL_ASSUMPTION:GSUT transformer-bay Q0 mapping; 1500 A primary; candidate interrupting rating 50 kA,CONDITIONAL,230
F3,LL,LF360_GAT_OUT,GEN-51,physical-CT,33819.7223709313,33.8197223709313,15000,2.25464815806209,7.76954620761036e-13,DERIVED:abs(complex Ia+Ib+Ic)/3 on physical branch voltage base,DERIVED:1.20 x 14309 A = 17170.8 A; TMS 0.10 ENGINEERING_ASSUMPTION; CT 15000/1 VERIFIED,PRIMARY,22
F3,LL,LF360_GAT_OUT,GEN-51N,physical-CT,0,0,20,0,7.76954620761036e-13,DERIVED:abs(complex Ia+Ib+Ic)/3 on physical branch voltage base,ENGINEERING_ASSUMPTION:dedicated 20/1 neutral CT; 0.20 A secondary; PRIMARY 4 A; 5 A sensitivity only,PRIMARY,22
F3,LL,LF360_GAT_OUT,GSUT-HV-51,physical-CT,3162.14262498718,3.16214262498718,1600,1.97633914061699,7.43173985075774e-14,DERIVED:abs(complex Ia+Ib+Ic)/3 on physical branch voltage base,ENGINEERING_ASSUMPTION:GSUT 1600/1 central CT based on as-built SLD; manufacturer 1500/1 documentary conflict retained,PRIMARY,230
F3,LL,LF360_GAT_OUT,GIS-Q0-51,physical-CT,3162.14262498718,3.16214262498718,1600,1.97633914061699,7.43173985075774e-14,DERIVED:abs(complex Ia+Ib+Ic)/3 on physical branch voltage base,CONDITIONAL_ASSUMPTION:GSUT transformer-bay Q0 mapping; 1500 A primary; candidate interrupting rating 50 kA,CONDITIONAL,230
F3,LLG,LF360_GAT_OUT,GEN-51,physical-CT,33801.2253092529,33.8012253092529,15000,2.25341502061686,3.10781848304414e-12,DERIVED:abs(complex Ia+Ib+Ic)/3 on physical branch voltage base,DERIVED:1.20 x 14309 A = 17170.8 A; TMS 0.10 ENGINEERING_ASSUMPTION; CT 15000/1 VERIFIED,PRIMARY,22
F3,LLG,LF360_GAT_OUT,GEN-51N,physical-CT,0,0,20,0,3.10781848304414e-12,DERIVED:abs(complex Ia+Ib+Ic)/3 on physical branch voltage base,ENGINEERING_ASSUMPTION:dedicated 20/1 neutral CT; 0.20 A secondary; PRIMARY 4 A; 5 A sensitivity only,PRIMARY,22
F3,LLG,LF360_GAT_OUT,GSUT-HV-51,physical-CT,4662.99641265628,4.66299641265628,1600,2.91437275791018,2961.89307562243,DERIVED:abs(complex Ia+Ib+Ic)/3 on physical branch voltage base,ENGINEERING_ASSUMPTION:GSUT 1600/1 central CT based on as-built SLD; manufacturer 1500/1 documentary conflict retained,PRIMARY,230
F3,LLG,LF360_GAT_OUT,GIS-Q0-51,physical-CT,4662.99641265628,4.66299641265628,1600,2.91437275791018,2961.89307562243,DERIVED:abs(complex Ia+Ib+Ic)/3 on physical branch voltage base,CONDITIONAL_ASSUMPTION:GSUT transformer-bay Q0 mapping; 1500 A primary; candidate interrupting rating 50 kA,CONDITIONAL,230
F4,LLL,LF360_GAT_OUT,GEN-51,physical-CT,33273.0948674856,33.2730948674856,15000,2.21820632449904,4.72603045490729e-12,DERIVED:abs(complex Ia+Ib+Ic)/3 on physical branch voltage base,DERIVED:1.20 x 14309 A = 17170.8 A; TMS 0.10 ENGINEERING_ASSUMPTION; CT 15000/1 VERIFIED,PRIMARY,22
F4,LLL,LF360_GAT_OUT,GEN-51N,physical-CT,0,0,20,0,4.72603045490729e-12,DERIVED:abs(complex Ia+Ib+Ic)/3 on physical branch voltage base,ENGINEERING_ASSUMPTION:dedicated 20/1 neutral CT; 0.20 A secondary; PRIMARY 4 A; 5 A sensitivity only,PRIMARY,22
F4,LLL,LF360_GAT_OUT,GSUT-HV-51,physical-CT,3172.11723298559,3.17211723298559,1600,1.98257327061599,4.70024498124686e-13,DERIVED:abs(complex Ia+Ib+Ic)/3 on physical branch voltage base,ENGINEERING_ASSUMPTION:GSUT 1600/1 central CT based on as-built SLD; manufacturer 1500/1 documentary conflict retained,PRIMARY,230
F4,LLL,LF360_GAT_OUT,GIS-Q0-51,physical-CT,3172.11723298559,3.17211723298559,1600,1.98257327061599,4.70024498124686e-13,DERIVED:abs(complex Ia+Ib+Ic)/3 on physical branch voltage base,CONDITIONAL_ASSUMPTION:GSUT transformer-bay Q0 mapping; 1500 A primary; candidate interrupting rating 50 kA,CONDITIONAL,230
F4,LG,LF360_GAT_OUT,GEN-51,physical-CT,22256.2668388782,22.2562668388782,15000,1.48375112259188,2.80134972386259e-12,DERIVED:abs(complex Ia+Ib+Ic)/3 on physical branch voltage base,DERIVED:1.20 x 14309 A = 17170.8 A; TMS 0.10 ENGINEERING_ASSUMPTION; CT 15000/1 VERIFIED,PRIMARY,22
F4,LG,LF360_GAT_OUT,GEN-51N,physical-CT,0,0,20,0,2.80134972386259e-12,DERIVED:abs(complex Ia+Ib+Ic)/3 on physical branch voltage base,ENGINEERING_ASSUMPTION:dedicated 20/1 neutral CT; 0.20 A secondary; PRIMARY 4 A; 5 A sensitivity only,PRIMARY,22
F4,LG,LF360_GAT_OUT,GSUT-HV-51,physical-CT,5029.93824392131,5.02993824392131,1600,3.14371140245082,3120.77588085739,DERIVED:abs(complex Ia+Ib+Ic)/3 on physical branch voltage base,ENGINEERING_ASSUMPTION:GSUT 1600/1 central CT based on as-built SLD; manufacturer 1500/1 documentary conflict retained,PRIMARY,230
F4,LG,LF360_GAT_OUT,GIS-Q0-51,physical-CT,5029.93824392131,5.02993824392131,1600,3.14371140245082,3120.77588085739,DERIVED:abs(complex Ia+Ib+Ic)/3 on physical branch voltage base,CONDITIONAL_ASSUMPTION:GSUT transformer-bay Q0 mapping; 1500 A primary; candidate interrupting rating 50 kA,CONDITIONAL,230
F4,LL,LF360_GAT_OUT,GEN-51,physical-CT,33339.3586386427,33.3393586386427,15000,2.22262390924285,1.55390924152207e-12,DERIVED:abs(complex Ia+Ib+Ic)/3 on physical branch voltage base,DERIVED:1.20 x 14309 A = 17170.8 A; TMS 0.10 ENGINEERING_ASSUMPTION; CT 15000/1 VERIFIED,PRIMARY,22
F4,LL,LF360_GAT_OUT,GEN-51N,physical-CT,0,0,20,0,1.55390924152207e-12,DERIVED:abs(complex Ia+Ib+Ic)/3 on physical branch voltage base,ENGINEERING_ASSUMPTION:dedicated 20/1 neutral CT; 0.20 A secondary; PRIMARY 4 A; 5 A sensitivity only,PRIMARY,22
F4,LL,LF360_GAT_OUT,GSUT-HV-51,physical-CT,3121.67200151213,3.12167200151213,1600,1.95104500094508,1.11476097761366e-13,DERIVED:abs(complex Ia+Ib+Ic)/3 on physical branch voltage base,ENGINEERING_ASSUMPTION:GSUT 1600/1 central CT based on as-built SLD; manufacturer 1500/1 documentary conflict retained,PRIMARY,230
F4,LL,LF360_GAT_OUT,GIS-Q0-51,physical-CT,3121.67200151213,3.12167200151213,1600,1.95104500094508,1.11476097761366e-13,DERIVED:abs(complex Ia+Ib+Ic)/3 on physical branch voltage base,CONDITIONAL_ASSUMPTION:GSUT transformer-bay Q0 mapping; 1500 A primary; candidate interrupting rating 50 kA,CONDITIONAL,230
F4,LLG,LF360_GAT_OUT,GEN-51,physical-CT,33321.1661323017,33.3211661323017,15000,2.22141107548678,3.10781848304414e-12,DERIVED:abs(complex Ia+Ib+Ic)/3 on physical branch voltage base,DERIVED:1.20 x 14309 A = 17170.8 A; TMS 0.10 ENGINEERING_ASSUMPTION; CT 15000/1 VERIFIED,PRIMARY,22
F4,LLG,LF360_GAT_OUT,GEN-51N,physical-CT,0,0,20,0,3.10781848304414e-12,DERIVED:abs(complex Ia+Ib+Ic)/3 on physical branch voltage base,ENGINEERING_ASSUMPTION:dedicated 20/1 neutral CT; 0.20 A secondary; PRIMARY 4 A; 5 A sensitivity only,PRIMARY,22
F4,LLG,LF360_GAT_OUT,GSUT-HV-51,physical-CT,4526.91499169248,4.52691499169248,1600,2.8293218698078,2845.68071811436,DERIVED:abs(complex Ia+Ib+Ic)/3 on physical branch voltage base,ENGINEERING_ASSUMPTION:GSUT 1600/1 central CT based on as-built SLD; manufacturer 1500/1 documentary conflict retained,PRIMARY,230
F4,LLG,LF360_GAT_OUT,GIS-Q0-51,physical-CT,4526.91499169248,4.52691499169248,1600,2.8293218698078,2845.68071811436,DERIVED:abs(complex Ia+Ib+Ic)/3 on physical branch voltage base,CONDITIONAL_ASSUMPTION:GSUT transformer-bay Q0 mapping; 1500 A primary; candidate interrupting rating 50 kA,CONDITIONAL,230
F5,LLL,LF360_GAT_OUT,GEN-51,physical-CT,33640.0849520143,33.6400849520143,15000,2.24267233013429,4.72603045490729e-12,DERIVED:abs(complex Ia+Ib+Ic)/3 on physical branch voltage base,DERIVED:1.20 x 14309 A = 17170.8 A; TMS 0.10 ENGINEERING_ASSUMPTION; CT 15000/1 VERIFIED,PRIMARY,22
F5,LLL,LF360_GAT_OUT,GEN-51N,physical-CT,0,0,20,0,4.72603045490729e-12,DERIVED:abs(complex Ia+Ib+Ic)/3 on physical branch voltage base,ENGINEERING_ASSUMPTION:dedicated 20/1 neutral CT; 0.20 A secondary; PRIMARY 4 A; 5 A sensitivity only,PRIMARY,22
F5,LLL,LF360_GAT_OUT,GSUT-HV-51,physical-CT,3207.56204219366,3.20756204219366,1600,2.00472627637104,3.32357509947769e-13,DERIVED:abs(complex Ia+Ib+Ic)/3 on physical branch voltage base,ENGINEERING_ASSUMPTION:GSUT 1600/1 central CT based on as-built SLD; manufacturer 1500/1 documentary conflict retained,PRIMARY,230
F5,LLL,LF360_GAT_OUT,GIS-Q0-51,physical-CT,3207.56204219366,3.20756204219366,1600,2.00472627637104,3.32357509947769e-13,DERIVED:abs(complex Ia+Ib+Ic)/3 on physical branch voltage base,CONDITIONAL_ASSUMPTION:GSUT transformer-bay Q0 mapping; 1500 A primary; candidate interrupting rating 50 kA,CONDITIONAL,230
F5,LG,LF360_GAT_OUT,GEN-51,physical-CT,22600.8622406992,22.6008622406992,15000,1.50672414937995,2.48746848179022e-12,DERIVED:abs(complex Ia+Ib+Ic)/3 on physical branch voltage base,DERIVED:1.20 x 14309 A = 17170.8 A; TMS 0.10 ENGINEERING_ASSUMPTION; CT 15000/1 VERIFIED,PRIMARY,22
F5,LG,LF360_GAT_OUT,GEN-51N,physical-CT,0,0,20,0,2.48746848179022e-12,DERIVED:abs(complex Ia+Ib+Ic)/3 on physical branch voltage base,ENGINEERING_ASSUMPTION:dedicated 20/1 neutral CT; 0.20 A secondary; PRIMARY 4 A; 5 A sensitivity only,PRIMARY,22
F5,LG,LF360_GAT_OUT,GSUT-HV-51,physical-CT,5074.56521662268,5.07456521662268,1600,3.17160326038917,3123.76172809408,DERIVED:abs(complex Ia+Ib+Ic)/3 on physical branch voltage base,ENGINEERING_ASSUMPTION:GSUT 1600/1 central CT based on as-built SLD; manufacturer 1500/1 documentary conflict retained,PRIMARY,230
F5,LG,LF360_GAT_OUT,GIS-Q0-51,physical-CT,5074.56521662268,5.07456521662268,1600,3.17160326038917,3123.76172809408,DERIVED:abs(complex Ia+Ib+Ic)/3 on physical branch voltage base,CONDITIONAL_ASSUMPTION:GSUT transformer-bay Q0 mapping; 1500 A primary; candidate interrupting rating 50 kA,CONDITIONAL,230
F5,LL,LF360_GAT_OUT,GEN-51,physical-CT,33707.1250719023,33.7071250719023,15000,2.24714167146015,1.16543193114155e-12,DERIVED:abs(complex Ia+Ib+Ic)/3 on physical branch voltage base,DERIVED:1.20 x 14309 A = 17170.8 A; TMS 0.10 ENGINEERING_ASSUMPTION; CT 15000/1 VERIFIED,PRIMARY,22
F5,LL,LF360_GAT_OUT,GEN-51N,physical-CT,0,0,20,0,1.16543193114155e-12,DERIVED:abs(complex Ia+Ib+Ic)/3 on physical branch voltage base,ENGINEERING_ASSUMPTION:dedicated 20/1 neutral CT; 0.20 A secondary; PRIMARY 4 A; 5 A sensitivity only,PRIMARY,22
F5,LL,LF360_GAT_OUT,GSUT-HV-51,physical-CT,3152.72011074831,3.15272011074831,1600,1.9704500692177,7.43173985075774e-14,DERIVED:abs(complex Ia+Ib+Ic)/3 on physical branch voltage base,ENGINEERING_ASSUMPTION:GSUT 1600/1 central CT based on as-built SLD; manufacturer 1500/1 documentary conflict retained,PRIMARY,230
F5,LL,LF360_GAT_OUT,GIS-Q0-51,physical-CT,3152.72011074831,3.15272011074831,1600,1.9704500692177,7.43173985075774e-14,DERIVED:abs(complex Ia+Ib+Ic)/3 on physical branch voltage base,CONDITIONAL_ASSUMPTION:GSUT transformer-bay Q0 mapping; 1500 A primary; candidate interrupting rating 50 kA,CONDITIONAL,230
F5,LLG,LF360_GAT_OUT,GEN-51,physical-CT,33688.3194541079,33.6883194541079,15000,2.24588796360719,1.94238655190259e-12,DERIVED:abs(complex Ia+Ib+Ic)/3 on physical branch voltage base,DERIVED:1.20 x 14309 A = 17170.8 A; TMS 0.10 ENGINEERING_ASSUMPTION; CT 15000/1 VERIFIED,PRIMARY,22
F5,LLG,LF360_GAT_OUT,GEN-51N,physical-CT,0,0,20,0,1.94238655190259e-12,DERIVED:abs(complex Ia+Ib+Ic)/3 on physical branch voltage base,ENGINEERING_ASSUMPTION:dedicated 20/1 neutral CT; 0.20 A secondary; PRIMARY 4 A; 5 A sensitivity only,PRIMARY,22
F5,LLG,LF360_GAT_OUT,GSUT-HV-51,physical-CT,4578.29755611641,4.57829755611641,1600,2.86143597257275,2873.89404340721,DERIVED:abs(complex Ia+Ib+Ic)/3 on physical branch voltage base,ENGINEERING_ASSUMPTION:GSUT 1600/1 central CT based on as-built SLD; manufacturer 1500/1 documentary conflict retained,PRIMARY,230
F5,LLG,LF360_GAT_OUT,GIS-Q0-51,physical-CT,4578.29755611641,4.57829755611641,1600,2.86143597257275,2873.89404340721,DERIVED:abs(complex Ia+Ib+Ic)/3 on physical branch voltage base,CONDITIONAL_ASSUMPTION:GSUT transformer-bay Q0 mapping; 1500 A primary; candidate interrupting rating 50 kA,CONDITIONAL,230
F1,LLL,LF360_GAT_IN,GEN-51,physical-CT,54941.1315011198,54.9411315011198,15000,3.66274210007465,6.21563696608829e-12,DERIVED:abs(complex Ia+Ib+Ic)/3 on physical branch voltage base,DERIVED:1.20 x 14309 A = 17170.8 A; TMS 0.10 ENGINEERING_ASSUMPTION; CT 15000/1 VERIFIED,PRIMARY,22
F1,LLL,LF360_GAT_IN,GEN-51N,physical-CT,0,0,20,0,6.21563696608829e-12,DERIVED:abs(complex Ia+Ib+Ic)/3 on physical branch voltage base,ENGINEERING_ASSUMPTION:dedicated 20/1 neutral CT; 0.20 A secondary; PRIMARY 4 A; 5 A sensitivity only,PRIMARY,22
F1,LLL,LF360_GAT_IN,GSUT-HV-51,physical-CT,6856.07044346127,6.85607044346126,1600,4.28504402716329,6.64715019895537e-13,DERIVED:abs(complex Ia+Ib+Ic)/3 on physical branch voltage base,ENGINEERING_ASSUMPTION:GSUT 1600/1 central CT based on as-built SLD; manufacturer 1500/1 documentary conflict retained,PRIMARY,230
F1,LLL,LF360_GAT_IN,GIS-Q0-51,physical-CT,6856.07044346127,6.85607044346126,1600,4.28504402716329,6.64715019895537e-13,DERIVED:abs(complex Ia+Ib+Ic)/3 on physical branch voltage base,CONDITIONAL_ASSUMPTION:GSUT transformer-bay Q0 mapping; 1500 A primary; candidate interrupting rating 50 kA,CONDITIONAL,230
F1,LG,LF360_GAT_IN,GEN-51,physical-CT,8399.88608970383,8.39988608970383,15000,0.559992405980255,2.42337611303674,DERIVED:abs(complex Ia+Ib+Ic)/3 on physical branch voltage base,DERIVED:1.20 x 14309 A = 17170.8 A; TMS 0.10 ENGINEERING_ASSUMPTION; CT 15000/1 VERIFIED,PRIMARY,22
F1,LG,LF360_GAT_IN,GEN-51N,physical-CT,7.27012833908568,0.00727012833908568,20,0.363506416954284,2.42337611303674,DERIVED:abs(complex Ia+Ib+Ic)/3 on physical branch voltage base,ENGINEERING_ASSUMPTION:dedicated 20/1 neutral CT; 0.20 A secondary; PRIMARY 4 A; 5 A sensitivity only,PRIMARY,22
F1,LG,LF360_GAT_IN,GSUT-HV-51,physical-CT,755.076923614955,0.755076923614955,1600,0.471923077259347,7.66046209669654e-14,DERIVED:abs(complex Ia+Ib+Ic)/3 on physical branch voltage base,ENGINEERING_ASSUMPTION:GSUT 1600/1 central CT based on as-built SLD; manufacturer 1500/1 documentary conflict retained,PRIMARY,230
F1,LG,LF360_GAT_IN,GIS-Q0-51,physical-CT,755.076923614955,0.755076923614955,1600,0.471923077259347,7.66046209669654e-14,DERIVED:abs(complex Ia+Ib+Ic)/3 on physical branch voltage base,CONDITIONAL_ASSUMPTION:GSUT transformer-bay Q0 mapping; 1500 A primary; candidate interrupting rating 50 kA,CONDITIONAL,230
F1,LL,LF360_GAT_IN,GEN-51,physical-CT,51720.1011950455,51.7201011950455,15000,3.44800674633637,7.76954620761036e-13,DERIVED:abs(complex Ia+Ib+Ic)/3 on physical branch voltage base,DERIVED:1.20 x 14309 A = 17170.8 A; TMS 0.10 ENGINEERING_ASSUMPTION; CT 15000/1 VERIFIED,PRIMARY,22
F1,LL,LF360_GAT_IN,GEN-51N,physical-CT,0,0,20,0,7.76954620761036e-13,DERIVED:abs(complex Ia+Ib+Ic)/3 on physical branch voltage base,ENGINEERING_ASSUMPTION:dedicated 20/1 neutral CT; 0.20 A secondary; PRIMARY 4 A; 5 A sensitivity only,PRIMARY,22
F1,LL,LF360_GAT_IN,GSUT-HV-51,physical-CT,6855.61535939902,6.85561535939902,1600,4.28475959962439,3.06418483867862e-13,DERIVED:abs(complex Ia+Ib+Ic)/3 on physical branch voltage base,ENGINEERING_ASSUMPTION:GSUT 1600/1 central CT based on as-built SLD; manufacturer 1500/1 documentary conflict retained,PRIMARY,230
F1,LL,LF360_GAT_IN,GIS-Q0-51,physical-CT,6855.61535939902,6.85561535939902,1600,4.28475959962439,3.06418483867862e-13,DERIVED:abs(complex Ia+Ib+Ic)/3 on physical branch voltage base,CONDITIONAL_ASSUMPTION:GSUT transformer-bay Q0 mapping; 1500 A primary; candidate interrupting rating 50 kA,CONDITIONAL,230
F1,LLG,LF360_GAT_IN,GEN-51,physical-CT,51721.5515409864,51.7215515409864,15000,3.44810343606576,1.21145249646972,DERIVED:abs(complex Ia+Ib+Ic)/3 on physical branch voltage base,DERIVED:1.20 x 14309 A = 17170.8 A; TMS 0.10 ENGINEERING_ASSUMPTION; CT 15000/1 VERIFIED,PRIMARY,22
F1,LLG,LF360_GAT_IN,GEN-51N,physical-CT,3.63435748940005,0.00363435748940005,20,0.181717874470003,1.21145249646972,DERIVED:abs(complex Ia+Ib+Ic)/3 on physical branch voltage base,ENGINEERING_ASSUMPTION:dedicated 20/1 neutral CT; 0.20 A secondary; PRIMARY 4 A; 5 A sensitivity only,PRIMARY,22
F1,LLG,LF360_GAT_IN,GSUT-HV-51,physical-CT,6855.61535248463,6.85561535248463,1600,4.28475959530289,4.20402691558808e-13,DERIVED:abs(complex Ia+Ib+Ic)/3 on physical branch voltage base,ENGINEERING_ASSUMPTION:GSUT 1600/1 central CT based on as-built SLD; manufacturer 1500/1 documentary conflict retained,PRIMARY,230
F1,LLG,LF360_GAT_IN,GIS-Q0-51,physical-CT,6855.61535248463,6.85561535248463,1600,4.28475959530289,4.20402691558808e-13,DERIVED:abs(complex Ia+Ib+Ic)/3 on physical branch voltage base,CONDITIONAL_ASSUMPTION:GSUT transformer-bay Q0 mapping; 1500 A primary; candidate interrupting rating 50 kA,CONDITIONAL,230
F2,LLL,LF360_GAT_IN,GEN-51,physical-CT,54941.1315011198,54.9411315011198,15000,3.66274210007465,6.21563696608829e-12,DERIVED:abs(complex Ia+Ib+Ic)/3 on physical branch voltage base,DERIVED:1.20 x 14309 A = 17170.8 A; TMS 0.10 ENGINEERING_ASSUMPTION; CT 15000/1 VERIFIED,PRIMARY,22
F2,LLL,LF360_GAT_IN,GEN-51N,physical-CT,0,0,20,0,6.21563696608829e-12,DERIVED:abs(complex Ia+Ib+Ic)/3 on physical branch voltage base,ENGINEERING_ASSUMPTION:dedicated 20/1 neutral CT; 0.20 A secondary; PRIMARY 4 A; 5 A sensitivity only,PRIMARY,22
F2,LLL,LF360_GAT_IN,GSUT-HV-51,physical-CT,6856.07044346127,6.85607044346126,1600,4.28504402716329,6.64715019895537e-13,DERIVED:abs(complex Ia+Ib+Ic)/3 on physical branch voltage base,ENGINEERING_ASSUMPTION:GSUT 1600/1 central CT based on as-built SLD; manufacturer 1500/1 documentary conflict retained,PRIMARY,230
F2,LLL,LF360_GAT_IN,GIS-Q0-51,physical-CT,6856.07044346127,6.85607044346126,1600,4.28504402716329,6.64715019895537e-13,DERIVED:abs(complex Ia+Ib+Ic)/3 on physical branch voltage base,CONDITIONAL_ASSUMPTION:GSUT transformer-bay Q0 mapping; 1500 A primary; candidate interrupting rating 50 kA,CONDITIONAL,230
F2,LG,LF360_GAT_IN,GEN-51,physical-CT,8399.88608970383,8.39988608970383,15000,0.559992405980255,2.42337611303674,DERIVED:abs(complex Ia+Ib+Ic)/3 on physical branch voltage base,DERIVED:1.20 x 14309 A = 17170.8 A; TMS 0.10 ENGINEERING_ASSUMPTION; CT 15000/1 VERIFIED,PRIMARY,22
F2,LG,LF360_GAT_IN,GEN-51N,physical-CT,7.27012833908568,0.00727012833908568,20,0.363506416954284,2.42337611303674,DERIVED:abs(complex Ia+Ib+Ic)/3 on physical branch voltage base,ENGINEERING_ASSUMPTION:dedicated 20/1 neutral CT; 0.20 A secondary; PRIMARY 4 A; 5 A sensitivity only,PRIMARY,22
F2,LG,LF360_GAT_IN,GSUT-HV-51,physical-CT,755.076923614955,0.755076923614955,1600,0.471923077259347,7.66046209669654e-14,DERIVED:abs(complex Ia+Ib+Ic)/3 on physical branch voltage base,ENGINEERING_ASSUMPTION:GSUT 1600/1 central CT based on as-built SLD; manufacturer 1500/1 documentary conflict retained,PRIMARY,230
F2,LG,LF360_GAT_IN,GIS-Q0-51,physical-CT,755.076923614955,0.755076923614955,1600,0.471923077259347,7.66046209669654e-14,DERIVED:abs(complex Ia+Ib+Ic)/3 on physical branch voltage base,CONDITIONAL_ASSUMPTION:GSUT transformer-bay Q0 mapping; 1500 A primary; candidate interrupting rating 50 kA,CONDITIONAL,230
F2,LL,LF360_GAT_IN,GEN-51,physical-CT,51720.1011950455,51.7201011950455,15000,3.44800674633637,7.76954620761036e-13,DERIVED:abs(complex Ia+Ib+Ic)/3 on physical branch voltage base,DERIVED:1.20 x 14309 A = 17170.8 A; TMS 0.10 ENGINEERING_ASSUMPTION; CT 15000/1 VERIFIED,PRIMARY,22
F2,LL,LF360_GAT_IN,GEN-51N,physical-CT,0,0,20,0,7.76954620761036e-13,DERIVED:abs(complex Ia+Ib+Ic)/3 on physical branch voltage base,ENGINEERING_ASSUMPTION:dedicated 20/1 neutral CT; 0.20 A secondary; PRIMARY 4 A; 5 A sensitivity only,PRIMARY,22
F2,LL,LF360_GAT_IN,GSUT-HV-51,physical-CT,6855.61535939902,6.85561535939902,1600,4.28475959962439,3.06418483867862e-13,DERIVED:abs(complex Ia+Ib+Ic)/3 on physical branch voltage base,ENGINEERING_ASSUMPTION:GSUT 1600/1 central CT based on as-built SLD; manufacturer 1500/1 documentary conflict retained,PRIMARY,230
F2,LL,LF360_GAT_IN,GIS-Q0-51,physical-CT,6855.61535939902,6.85561535939902,1600,4.28475959962439,3.06418483867862e-13,DERIVED:abs(complex Ia+Ib+Ic)/3 on physical branch voltage base,CONDITIONAL_ASSUMPTION:GSUT transformer-bay Q0 mapping; 1500 A primary; candidate interrupting rating 50 kA,CONDITIONAL,230
F2,LLG,LF360_GAT_IN,GEN-51,physical-CT,51721.5515409864,51.7215515409864,15000,3.44810343606576,1.21145249646972,DERIVED:abs(complex Ia+Ib+Ic)/3 on physical branch voltage base,DERIVED:1.20 x 14309 A = 17170.8 A; TMS 0.10 ENGINEERING_ASSUMPTION; CT 15000/1 VERIFIED,PRIMARY,22
F2,LLG,LF360_GAT_IN,GEN-51N,physical-CT,3.63435748940005,0.00363435748940005,20,0.181717874470003,1.21145249646972,DERIVED:abs(complex Ia+Ib+Ic)/3 on physical branch voltage base,ENGINEERING_ASSUMPTION:dedicated 20/1 neutral CT; 0.20 A secondary; PRIMARY 4 A; 5 A sensitivity only,PRIMARY,22
F2,LLG,LF360_GAT_IN,GSUT-HV-51,physical-CT,6855.61535248463,6.85561535248463,1600,4.28475959530289,4.20402691558808e-13,DERIVED:abs(complex Ia+Ib+Ic)/3 on physical branch voltage base,ENGINEERING_ASSUMPTION:GSUT 1600/1 central CT based on as-built SLD; manufacturer 1500/1 documentary conflict retained,PRIMARY,230
F2,LLG,LF360_GAT_IN,GIS-Q0-51,physical-CT,6855.61535248463,6.85561535248463,1600,4.28475959530289,4.20402691558808e-13,DERIVED:abs(complex Ia+Ib+Ic)/3 on physical branch voltage base,CONDITIONAL_ASSUMPTION:GSUT transformer-bay Q0 mapping; 1500 A primary; candidate interrupting rating 50 kA,CONDITIONAL,230
F3,LLL,LF360_GAT_IN,GEN-51,physical-CT,34136.8926718669,34.1368926718669,15000,2.27579284479112,3.13200420565351e-12,DERIVED:abs(complex Ia+Ib+Ic)/3 on physical branch voltage base,DERIVED:1.20 x 14309 A = 17170.8 A; TMS 0.10 ENGINEERING_ASSUMPTION; CT 15000/1 VERIFIED,PRIMARY,22
F3,LLL,LF360_GAT_IN,GEN-51N,physical-CT,0,0,20,0,3.13200420565351e-12,DERIVED:abs(complex Ia+Ib+Ic)/3 on physical branch voltage base,ENGINEERING_ASSUMPTION:dedicated 20/1 neutral CT; 0.20 A secondary; PRIMARY 4 A; 5 A sensitivity only,PRIMARY,22
F3,LLL,LF360_GAT_IN,GSUT-HV-51,physical-CT,3144.023488595,3.144023488595,1600,1.96501468037188,2.10201345779404e-13,DERIVED:abs(complex Ia+Ib+Ic)/3 on physical branch voltage base,ENGINEERING_ASSUMPTION:GSUT 1600/1 central CT based on as-built SLD; manufacturer 1500/1 documentary conflict retained,PRIMARY,230
F3,LLL,LF360_GAT_IN,GIS-Q0-51,physical-CT,3144.023488595,3.144023488595,1600,1.96501468037188,2.10201345779404e-13,DERIVED:abs(complex Ia+Ib+Ic)/3 on physical branch voltage base,CONDITIONAL_ASSUMPTION:GSUT transformer-bay Q0 mapping; 1500 A primary; candidate interrupting rating 50 kA,CONDITIONAL,230
F3,LG,LF360_GAT_IN,GEN-51,physical-CT,22765.2910140154,22.7652910140154,15000,1.51768606760103,3.29633928608611e-12,DERIVED:abs(complex Ia+Ib+Ic)/3 on physical branch voltage base,DERIVED:1.20 x 14309 A = 17170.8 A; TMS 0.10 ENGINEERING_ASSUMPTION; CT 15000/1 VERIFIED,PRIMARY,22
F3,LG,LF360_GAT_IN,GEN-51N,physical-CT,0,0,20,0,3.29633928608611e-12,DERIVED:abs(complex Ia+Ib+Ic)/3 on physical branch voltage base,ENGINEERING_ASSUMPTION:dedicated 20/1 neutral CT; 0.20 A secondary; PRIMARY 4 A; 5 A sensitivity only,PRIMARY,22
F3,LG,LF360_GAT_IN,GSUT-HV-51,physical-CT,5124.63708410399,5.12463708410399,1600,3.202898177565,3226.19759438133,DERIVED:abs(complex Ia+Ib+Ic)/3 on physical branch voltage base,ENGINEERING_ASSUMPTION:GSUT 1600/1 central CT based on as-built SLD; manufacturer 1500/1 documentary conflict retained,PRIMARY,230
F3,LG,LF360_GAT_IN,GIS-Q0-51,physical-CT,5124.63708410399,5.12463708410399,1600,3.202898177565,3226.19759438133,DERIVED:abs(complex Ia+Ib+Ic)/3 on physical branch voltage base,CONDITIONAL_ASSUMPTION:GSUT transformer-bay Q0 mapping; 1500 A primary; candidate interrupting rating 50 kA,CONDITIONAL,230
F3,LL,LF360_GAT_IN,GEN-51,physical-CT,34190.4104360838,34.1904104360838,15000,2.27936069573892,1.16543193114155e-12,DERIVED:abs(complex Ia+Ib+Ic)/3 on physical branch voltage base,DERIVED:1.20 x 14309 A = 17170.8 A; TMS 0.10 ENGINEERING_ASSUMPTION; CT 15000/1 VERIFIED,PRIMARY,22
F3,LL,LF360_GAT_IN,GEN-51N,physical-CT,0,0,20,0,1.16543193114155e-12,DERIVED:abs(complex Ia+Ib+Ic)/3 on physical branch voltage base,ENGINEERING_ASSUMPTION:dedicated 20/1 neutral CT; 0.20 A secondary; PRIMARY 4 A; 5 A sensitivity only,PRIMARY,22
F3,LL,LF360_GAT_IN,GSUT-HV-51,physical-CT,3092.54543971518,3.09254543971518,1600,1.93284089982199,1.53209241933931e-13,DERIVED:abs(complex Ia+Ib+Ic)/3 on physical branch voltage base,ENGINEERING_ASSUMPTION:GSUT 1600/1 central CT based on as-built SLD; manufacturer 1500/1 documentary conflict retained,PRIMARY,230
F3,LL,LF360_GAT_IN,GIS-Q0-51,physical-CT,3092.54543971518,3.09254543971518,1600,1.93284089982199,1.53209241933931e-13,DERIVED:abs(complex Ia+Ib+Ic)/3 on physical branch voltage base,CONDITIONAL_ASSUMPTION:GSUT transformer-bay Q0 mapping; 1500 A primary; candidate interrupting rating 50 kA,CONDITIONAL,230
F3,LLG,LF360_GAT_IN,GEN-51,physical-CT,34175.602440673,34.175602440673,15000,2.27837349604487,3.10781848304414e-12,DERIVED:abs(complex Ia+Ib+Ic)/3 on physical branch voltage base,DERIVED:1.20 x 14309 A = 17170.8 A; TMS 0.10 ENGINEERING_ASSUMPTION; CT 15000/1 VERIFIED,PRIMARY,22
F3,LLG,LF360_GAT_IN,GEN-51N,physical-CT,0,0,20,0,3.10781848304414e-12,DERIVED:abs(complex Ia+Ib+Ic)/3 on physical branch voltage base,ENGINEERING_ASSUMPTION:dedicated 20/1 neutral CT; 0.20 A secondary; PRIMARY 4 A; 5 A sensitivity only,PRIMARY,22
F3,LLG,LF360_GAT_IN,GSUT-HV-51,physical-CT,4613.28332815276,4.61328332815276,1600,2.88330208009548,2954.35971989302,DERIVED:abs(complex Ia+Ib+Ic)/3 on physical branch voltage base,ENGINEERING_ASSUMPTION:GSUT 1600/1 central CT based on as-built SLD; manufacturer 1500/1 documentary conflict retained,PRIMARY,230
F3,LLG,LF360_GAT_IN,GIS-Q0-51,physical-CT,4613.28332815276,4.61328332815276,1600,2.88330208009548,2954.35971989302,DERIVED:abs(complex Ia+Ib+Ic)/3 on physical branch voltage base,CONDITIONAL_ASSUMPTION:GSUT transformer-bay Q0 mapping; 1500 A primary; candidate interrupting rating 50 kA,CONDITIONAL,230
F4,LLL,LF360_GAT_IN,GEN-51,physical-CT,33648.6151689126,33.6486151689126,15000,2.24324101126084,3.47464669490849e-12,DERIVED:abs(complex Ia+Ib+Ic)/3 on physical branch voltage base,DERIVED:1.20 x 14309 A = 17170.8 A; TMS 0.10 ENGINEERING_ASSUMPTION; CT 15000/1 VERIFIED,PRIMARY,22
F4,LLL,LF360_GAT_IN,GEN-51N,physical-CT,0,0,20,0,3.47464669490849e-12,DERIVED:abs(complex Ia+Ib+Ic)/3 on physical branch voltage base,ENGINEERING_ASSUMPTION:dedicated 20/1 neutral CT; 0.20 A secondary; PRIMARY 4 A; 5 A sensitivity only,PRIMARY,22
F4,LLL,LF360_GAT_IN,GSUT-HV-51,physical-CT,3098.77447239056,3.09877447239056,1600,1.9367340452441,3.32357509947769e-13,DERIVED:abs(complex Ia+Ib+Ic)/3 on physical branch voltage base,ENGINEERING_ASSUMPTION:GSUT 1600/1 central CT based on as-built SLD; manufacturer 1500/1 documentary conflict retained,PRIMARY,230
F4,LLL,LF360_GAT_IN,GIS-Q0-51,physical-CT,3098.77447239056,3.09877447239056,1600,1.9367340452441,3.32357509947769e-13,DERIVED:abs(complex Ia+Ib+Ic)/3 on physical branch voltage base,CONDITIONAL_ASSUMPTION:GSUT transformer-bay Q0 mapping; 1500 A primary; candidate interrupting rating 50 kA,CONDITIONAL,230
F4,LG,LF360_GAT_IN,GEN-51,physical-CT,22480.3508467169,22.4803508467169,15000,1.4986900564478,2.74694940507175e-12,DERIVED:abs(complex Ia+Ib+Ic)/3 on physical branch voltage base,DERIVED:1.20 x 14309 A = 17170.8 A; TMS 0.10 ENGINEERING_ASSUMPTION; CT 15000/1 VERIFIED,PRIMARY,22
F4,LG,LF360_GAT_IN,GEN-51N,physical-CT,0,0,20,0,2.74694940507175e-12,DERIVED:abs(complex Ia+Ib+Ic)/3 on physical branch voltage base,ENGINEERING_ASSUMPTION:dedicated 20/1 neutral CT; 0.20 A secondary; PRIMARY 4 A; 5 A sensitivity only,PRIMARY,22
F4,LG,LF360_GAT_IN,GSUT-HV-51,physical-CT,4974.48518232747,4.97448518232747,1600,3.10905323895467,3104.00067834155,DERIVED:abs(complex Ia+Ib+Ic)/3 on physical branch voltage base,ENGINEERING_ASSUMPTION:GSUT 1600/1 central CT based on as-built SLD; manufacturer 1500/1 documentary conflict retained,PRIMARY,230
F4,LG,LF360_GAT_IN,GIS-Q0-51,physical-CT,4974.48518232747,4.97448518232747,1600,3.10905323895467,3104.00067834155,DERIVED:abs(complex Ia+Ib+Ic)/3 on physical branch voltage base,CONDITIONAL_ASSUMPTION:GSUT transformer-bay Q0 mapping; 1500 A primary; candidate interrupting rating 50 kA,CONDITIONAL,230
F4,LL,LF360_GAT_IN,GEN-51,physical-CT,33701.6020647316,33.7016020647316,15000,2.24677347098211,1.73732334745425e-12,DERIVED:abs(complex Ia+Ib+Ic)/3 on physical branch voltage base,DERIVED:1.20 x 14309 A = 17170.8 A; TMS 0.10 ENGINEERING_ASSUMPTION; CT 15000/1 VERIFIED,PRIMARY,22
F4,LL,LF360_GAT_IN,GEN-51N,physical-CT,0,0,20,0,1.73732334745425e-12,DERIVED:abs(complex Ia+Ib+Ic)/3 on physical branch voltage base,ENGINEERING_ASSUMPTION:dedicated 20/1 neutral CT; 0.20 A secondary; PRIMARY 4 A; 5 A sensitivity only,PRIMARY,22
F4,LL,LF360_GAT_IN,GSUT-HV-51,physical-CT,3052.97358020664,3.05297358020664,1600,1.90810848762915,1.85793496268943e-13,DERIVED:abs(complex Ia+Ib+Ic)/3 on physical branch voltage base,ENGINEERING_ASSUMPTION:GSUT 1600/1 central CT based on as-built SLD; manufacturer 1500/1 documentary conflict retained,PRIMARY,230
F4,LL,LF360_GAT_IN,GIS-Q0-51,physical-CT,3052.97358020664,3.05297358020664,1600,1.90810848762915,1.85793496268943e-13,DERIVED:abs(complex Ia+Ib+Ic)/3 on physical branch voltage base,CONDITIONAL_ASSUMPTION:GSUT transformer-bay Q0 mapping; 1500 A primary; candidate interrupting rating 50 kA,CONDITIONAL,230
F4,LLG,LF360_GAT_IN,GEN-51,physical-CT,33687.0086937513,33.6870086937513,15000,2.24580057958342,3.20346596770946e-12,DERIVED:abs(complex Ia+Ib+Ic)/3 on physical branch voltage base,DERIVED:1.20 x 14309 A = 17170.8 A; TMS 0.10 ENGINEERING_ASSUMPTION; CT 15000/1 VERIFIED,PRIMARY,22
F4,LLG,LF360_GAT_IN,GEN-51N,physical-CT,0,0,20,0,3.20346596770946e-12,DERIVED:abs(complex Ia+Ib+Ic)/3 on physical branch voltage base,ENGINEERING_ASSUMPTION:dedicated 20/1 neutral CT; 0.20 A secondary; PRIMARY 4 A; 5 A sensitivity only,PRIMARY,22
F4,LLG,LF360_GAT_IN,GSUT-HV-51,physical-CT,4476.89393317044,4.47689393317044,1600,2.79805870823152,2836.75539856035,DERIVED:abs(complex Ia+Ib+Ic)/3 on physical branch voltage base,ENGINEERING_ASSUMPTION:GSUT 1600/1 central CT based on as-built SLD; manufacturer 1500/1 documentary conflict retained,PRIMARY,230
F4,LLG,LF360_GAT_IN,GIS-Q0-51,physical-CT,4476.89393317044,4.47689393317044,1600,2.79805870823152,2836.75539856035,DERIVED:abs(complex Ia+Ib+Ic)/3 on physical branch voltage base,CONDITIONAL_ASSUMPTION:GSUT transformer-bay Q0 mapping; 1500 A primary; candidate interrupting rating 50 kA,CONDITIONAL,230
F5,LLL,LF360_GAT_IN,GEN-51,physical-CT,34021.0975014102,34.0210975014102,15000,2.26807316676068,3.13200420565351e-12,DERIVED:abs(complex Ia+Ib+Ic)/3 on physical branch voltage base,DERIVED:1.20 x 14309 A = 17170.8 A; TMS 0.10 ENGINEERING_ASSUMPTION; CT 15000/1 VERIFIED,PRIMARY,22
F5,LLL,LF360_GAT_IN,GEN-51N,physical-CT,0,0,20,0,3.13200420565351e-12,DERIVED:abs(complex Ia+Ib+Ic)/3 on physical branch voltage base,ENGINEERING_ASSUMPTION:dedicated 20/1 neutral CT; 0.20 A secondary; PRIMARY 4 A; 5 A sensitivity only,PRIMARY,22
F5,LLL,LF360_GAT_IN,GSUT-HV-51,physical-CT,3133.30413731392,3.13330413731392,1600,1.9583150858212,3.32357509947769e-13,DERIVED:abs(complex Ia+Ib+Ic)/3 on physical branch voltage base,ENGINEERING_ASSUMPTION:GSUT 1600/1 central CT based on as-built SLD; manufacturer 1500/1 documentary conflict retained,PRIMARY,230
F5,LLL,LF360_GAT_IN,GIS-Q0-51,physical-CT,3133.30413731392,3.13330413731392,1600,1.9583150858212,3.32357509947769e-13,DERIVED:abs(complex Ia+Ib+Ic)/3 on physical branch voltage base,CONDITIONAL_ASSUMPTION:GSUT transformer-bay Q0 mapping; 1500 A primary; candidate interrupting rating 50 kA,CONDITIONAL,230
F5,LG,LF360_GAT_IN,GEN-51,physical-CT,22828.0271379631,22.8280271379631,15000,1.5218684758642,3.03410478749653e-12,DERIVED:abs(complex Ia+Ib+Ic)/3 on physical branch voltage base,DERIVED:1.20 x 14309 A = 17170.8 A; TMS 0.10 ENGINEERING_ASSUMPTION; CT 15000/1 VERIFIED,PRIMARY,22
F5,LG,LF360_GAT_IN,GEN-51N,physical-CT,0,0,20,0,3.03410478749653e-12,DERIVED:abs(complex Ia+Ib+Ic)/3 on physical branch voltage base,ENGINEERING_ASSUMPTION:dedicated 20/1 neutral CT; 0.20 A secondary; PRIMARY 4 A; 5 A sensitivity only,PRIMARY,22
F5,LG,LF360_GAT_IN,GSUT-HV-51,physical-CT,5017.40574662025,5.01740574662025,1600,3.13587859163766,3106.45782458878,DERIVED:abs(complex Ia+Ib+Ic)/3 on physical branch voltage base,ENGINEERING_ASSUMPTION:GSUT 1600/1 central CT based on as-built SLD; manufacturer 1500/1 documentary conflict retained,PRIMARY,230
F5,LG,LF360_GAT_IN,GIS-Q0-51,physical-CT,5017.40574662025,5.01740574662025,1600,3.13587859163766,3106.45782458878,DERIVED:abs(complex Ia+Ib+Ic)/3 on physical branch voltage base,CONDITIONAL_ASSUMPTION:GSUT transformer-bay Q0 mapping; 1500 A primary; candidate interrupting rating 50 kA,CONDITIONAL,230
F5,LL,LF360_GAT_IN,GEN-51,physical-CT,34074.769062104,34.074769062104,15000,2.27165127080693,2.1975595240574e-12,DERIVED:abs(complex Ia+Ib+Ic)/3 on physical branch voltage base,DERIVED:1.20 x 14309 A = 17170.8 A; TMS 0.10 ENGINEERING_ASSUMPTION; CT 15000/1 VERIFIED,PRIMARY,22
F5,LL,LF360_GAT_IN,GEN-51N,physical-CT,0,0,20,0,2.1975595240574e-12,DERIVED:abs(complex Ia+Ib+Ic)/3 on physical branch voltage base,ENGINEERING_ASSUMPTION:dedicated 20/1 neutral CT; 0.20 A secondary; PRIMARY 4 A; 5 A sensitivity only,PRIMARY,22
F5,LL,LF360_GAT_IN,GSUT-HV-51,physical-CT,3083.23893360243,3.08323893360243,1600,1.92702433350152,0,DERIVED:abs(complex Ia+Ib+Ic)/3 on physical branch voltage base,ENGINEERING_ASSUMPTION:GSUT 1600/1 central CT based on as-built SLD; manufacturer 1500/1 documentary conflict retained,PRIMARY,230
F5,LL,LF360_GAT_IN,GIS-Q0-51,physical-CT,3083.23893360243,3.08323893360243,1600,1.92702433350152,0,DERIVED:abs(complex Ia+Ib+Ic)/3 on physical branch voltage base,CONDITIONAL_ASSUMPTION:GSUT transformer-bay Q0 mapping; 1500 A primary; candidate interrupting rating 50 kA,CONDITIONAL,230
F5,LLG,LF360_GAT_IN,GEN-51,physical-CT,34059.6750280378,34.0596750280378,15000,2.27064500186919,3.10781848304414e-12,DERIVED:abs(complex Ia+Ib+Ic)/3 on physical branch voltage base,DERIVED:1.20 x 14309 A = 17170.8 A; TMS 0.10 ENGINEERING_ASSUMPTION; CT 15000/1 VERIFIED,PRIMARY,22
F5,LLG,LF360_GAT_IN,GEN-51N,physical-CT,0,0,20,0,3.10781848304414e-12,DERIVED:abs(complex Ia+Ib+Ic)/3 on physical branch voltage base,ENGINEERING_ASSUMPTION:dedicated 20/1 neutral CT; 0.20 A secondary; PRIMARY 4 A; 5 A sensitivity only,PRIMARY,22
F5,LLG,LF360_GAT_IN,GSUT-HV-51,physical-CT,4527.06960376965,4.52706960376965,1600,2.82941850235603,2864.18223566848,DERIVED:abs(complex Ia+Ib+Ic)/3 on physical branch voltage base,ENGINEERING_ASSUMPTION:GSUT 1600/1 central CT based on as-built SLD; manufacturer 1500/1 documentary conflict retained,PRIMARY,230
F5,LLG,LF360_GAT_IN,GIS-Q0-51,physical-CT,4527.06960376965,4.52706960376965,1600,2.82941850235603,2864.18223566848,DERIVED:abs(complex Ia+Ib+Ic)/3 on physical branch voltage base,CONDITIONAL_ASSUMPTION:GSUT transformer-bay Q0 mapping; 1500 A primary; candidate interrupting rating 50 kA,CONDITIONAL,230
