fault_type,location,m,caseID,Isc_kA,Iang_deg,FaultMVA,Ip_16x_kA,Ip_255x_kA,Vll_kV,ring_GEN_kA,ring_GSUT_HV_kA,ring_LINE_kA,ring_GRID_kA,ring_NER_A
LLL,F1,0.5,LF360_GAT_OUT,126.21414119005,-110.669930009748,4809.40471384644,201.94262590408,321.846060034627,22,55.0487096805279,72.1051542513644,72.1051542513644,72.1051542513643,NaN
LG,F1,0.5,LF360_GAT_OUT,0.00727200442799167,-21.6515610520438,0.277100585127243,0.0116352070847867,0.0185436112913788,22,8.41411669538933,8.015457382106,8.0154573821059,8.01545738210606,0.00242400147599719
LL,F1,0.5,LF360_GAT_OUT,109.251634191741,159.246106927685,4163.04638706054,174.802614706786,278.59166718894,22,8.3221405568171,29.0168211592792,29.0168211592796,29.0168211592788,NaN
LLG,F1,0.5,LF360_GAT_OUT,109.253451365914,159.246093686566,4163.11563069641,174.805522185462,278.596300983081,22,8.32144673193875,29.0174203926786,29.0174203926795,29.0174203926798,0.00121259176813921
LLL,F2,0.5,LF360_GAT_OUT,126.21414119005,-110.669930009748,4809.40471384644,201.94262590408,321.846060034627,22,55.0487096805279,72.1051542513644,72.1051542513644,72.1051542513643,NaN
LG,F2,0.5,LF360_GAT_OUT,0.00727200442799167,-21.6515610520438,0.277100585127243,0.0116352070847867,0.0185436112913788,22,8.41411669538933,8.015457382106,8.0154573821059,8.01545738210606,0.00242400147599719
LL,F2,0.5,LF360_GAT_OUT,109.251634191741,159.246106927685,4163.04638706054,174.802614706786,278.59166718894,22,8.3221405568171,29.0168211592792,29.0168211592796,29.0168211592788,NaN
LLG,F2,0.5,LF360_GAT_OUT,109.253451365914,159.246093686566,4163.11563069641,174.805522185462,278.596300983081,22,8.32144673193875,29.0174203926786,29.0174203926795,29.0174203926798,0.00121259176813921
LLL,F3,0.5,LF360_GAT_OUT,50.5308851865359,-83.1124339013662,20130.0739137372,80.8494162984574,128.853757225667,230,3.22851324750541,3.21840382095249,47.3697866297748,47.3697866297748,NaN
LG,F3,0.5,LF360_GAT_OUT,45.7377472846575,-83.1457682271016,18220.6234877776,73.180395655452,116.631255575877,230,2.15500463282079,5.17960192958267,40.5828774652387,40.5828774652387,0
LL,F3,0.5,LF360_GAT_OUT,43.7588597564655,-173.119775835774,17432.2907272802,70.0141756103448,111.585092378987,230,0.961418088097737,0.773076231729388,0.773076231729384,0.773076231729385,NaN
LLG,F3,0.5,LF360_GAT_OUT,48.5036617932619,32.3928350224767,19322.4855131854,77.605858869219,123.684337572818,230,1.44184972071598,2.24309144654402,2.24309144654403,2.243091446544,0
LLL,F4,0.5,LF360_GAT_OUT,51.0575960885088,-83.1994743718321,20339.9006236543,81.6921537416141,130.196870025697,230,3.18264385688993,3.17211723298559,51.0575960885088,47.9460944641865,NaN
LG,F4,0.5,LF360_GAT_OUT,46.1170088370327,-83.1994042514144,18371.710551734,73.7872141392523,117.598372534433,230,2.12886030632748,5.02993824392131,46.1170088370324,41.1167063036877,0
LL,F4,0.5,LF360_GAT_OUT,44.215100268403,-173.206530399061,17614.044029124,70.7441604294448,112.748505684428,230,0.940370657561852,0.772983312817029,1.09115455829269e-13,0.77298331281707,NaN
LLG,F4,0.5,LF360_GAT_OUT,48.9663352242708,161.366228036338,19506.8015078439,78.3461363588333,124.864154821891,230,1.41648267770793,2.14340872187696,2.62288831595923e-14,2.14340872187693,0
LLL,F5,0.5,LF360_GAT_OUT,53.0870065530683,-83.4976121609477,21148.3602914809,84.9392104849093,135.371866710324,230,3.21774725627963,3.20756204219366,3.20756204219366,49.9410014601902,NaN
LG,F5,0.5,LF360_GAT_OUT,48.4667640662034,-83.6369864365484,19307.7865034571,77.5468225059254,123.590248368819,230,2.1618216056321,5.07456521662268,5.07456521662272,43.4249970370927,0
LL,F5,0.5,LF360_GAT_OUT,45.9725804350184,-173.504571624129,18314.1743657547,73.5561286960294,117.230080109297,230,0.956299999142649,0.773054189000534,0.773054189000519,0.773054189000532,NaN
LLG,F5,0.5,LF360_GAT_OUT,51.1774982446824,32.3231634812445,20387.6662477331,81.8839971914918,130.50262052394,230,1.44727851027437,2.14336595566524,2.14336595566535,2.14336595566523,0
LLL,F1,0.5,LF360_GAT_IN,128.326643730937,-110.811670944158,4889.90187194901,205.322629969499,327.232941513889,22,54.9411315011198,71.6771000907314,74.4264935064228,74.4264935064234,NaN
LG,F1,0.5,LF360_GAT_IN,0.00727012833908577,-21.7300958441165,0.277029096538544,0.0116322053425372,0.0185388272646687,22,8.39988608970383,7.8939860196109,8.0165823083533,8.01658230835334,0.00242337611302856
LL,F1,0.5,LF360_GAT_IN,111.155817573968,159.158484647048,4235.60551908934,177.849308118349,283.447334813618,22,8.36227439509628,28.9754180002944,30.212900405309,30.2129004053078,NaN
LLG,F1,0.5,LF360_GAT_IN,111.157633999807,159.158470534654,4235.67473420985,177.852214399691,283.451966699508,22,8.36157176534293,28.9760031484228,30.2135076229502,30.2135076229493,0.00121145249646668
LLL,F2,0.5,LF360_GAT_IN,128.326643730937,-110.811670944158,4889.90187194901,205.322629969499,327.232941513889,22,54.9411315011198,71.6771000907314,74.4264935064228,74.4264935064234,NaN
LG,F2,0.5,LF360_GAT_IN,0.00727012833908577,-21.7300958441165,0.277029096538544,0.0116322053425372,0.0185388272646687,22,8.39988608970383,7.8939860196109,8.0165823083533,8.01658230835334,0.00242337611302856
LL,F2,0.5,LF360_GAT_IN,111.155817573968,159.158484647048,4235.60551908934,177.849308118349,283.447334813618,22,8.36227439509628,28.9754180002944,30.212900405309,30.2129004053078,NaN
LLG,F2,0.5,LF360_GAT_IN,111.157633999807,159.158470534654,4235.67473420985,177.852214399691,283.451966699508,22,8.36157176534293,28.9760031484228,30.2135076229502,30.2135076229493,0.00121145249646668
LLL,F3,0.5,LF360_GAT_IN,50.5541945213143,-83.1021842945934,20139.3596927264,80.8867112341029,128.913196029351,230,3.26526799470031,3.144023488595,47.3518920836026,47.3518920836026,NaN
LG,F3,0.5,LF360_GAT_IN,45.8917695676112,-82.9688810592444,18281.9816042795,73.4268313081779,117.024012397409,230,2.17754957525365,5.12463708410399,40.5993051701912,40.5993051701911,0
LL,F3,0.5,LF360_GAT_IN,43.7764189842283,-173.114545151387,17439.2858264444,70.0422703747653,111.629868409782,230,0.975940433074988,0.759095235814971,0.777413441667577,0.777413441667554,NaN
LLG,F3,0.5,LF360_GAT_IN,48.6504494084663,161.300554181774,19380.9615429003,77.8407190535461,124.058645991589,230,1.45759891542972,2.24786874514543,2.29933706482175,2.2993370648216,0
LLL,F4,0.5,LF360_GAT_IN,51.0792262351743,-83.1893156815359,20348.5174616442,81.7267619762789,130.252026899694,230,3.2185631900699,3.09877447239056,51.0792262351743,47.9274295003023,NaN
LG,F4,0.5,LF360_GAT_IN,46.2568830769365,-83.0339578675079,18427.4324884762,74.0110129230984,117.955051846188,230,2.1502944288164,4.97448518232747,46.2568830769365,41.1263276047163,0
LL,F4,0.5,LF360_GAT_IN,44.2313062553968,-173.201202215845,17620.5000354819,70.7700900086349,112.789830951262,230,0.954377168359746,0.759035932182776,6.34392049447922e-14,0.777258496285884,NaN
LLG,F4,0.5,LF360_GAT_IN,49.1279418874374,161.3192583557,19571.1810266765,78.6047070198998,125.276251812965,230,1.43156165256886,2.14720683755489,8.67945767022974e-14,2.19476880428992,0
LLL,F5,0.5,LF360_GAT_IN,53.1089711671963,-83.4875196194795,21157.1103718377,84.9743538675141,135.427876476351,230,3.2541919349175,3.13330413731392,3.24912515527583,49.9221356045447,NaN
LG,F5,0.5,LF360_GAT_IN,48.6057438965753,-83.477559203624,19363.1521327663,77.7691902345205,123.944646936267,230,2.18355042189212,5.01740574662025,5.21493622521063,43.4345900704953,0
LL,F5,0.5,LF360_GAT_IN,45.9890208329902,-173.499245994188,18320.723754809,73.5824333327843,117.272003124125,230,0.970662617349604,0.759081674190735,0.777375553483945,0.77737555348392,NaN
LLG,F5,0.5,LF360_GAT_IN,51.1756530988529,160.537021456926,20386.9311938786,81.8810449581646,130.497915402075,230,1.46280004856202,2.14730769716002,2.19471957884363,2.19471957884363,0
LG,F3,0.5,LF360_GAT_OUT,45.7618450079091,-81.5917783606793,18230.2233384119,73.2189520126546,116.692704770168,230,2.15500463282079,5.17960192958267,40.5828774652387,40.5828774652387,0
LLG,F3,0.5,LF360_GAT_OUT,48.6135580879121,34.0258650855944,19366.2650853419,77.7816929406594,123.964573124176,230,1.44184972071598,2.24309144654402,2.24309144654403,2.243091446544,0
LG,F4,0.5,LF360_GAT_OUT,46.144159407988,-81.6155309207229,18382.5265704543,73.8306550527808,117.667606490369,230,2.12886030632748,5.02993824392131,46.1170088370324,41.1167063036877,0
LLG,F4,0.5,LF360_GAT_OUT,49.0636154685509,33.8912365455244,19545.5552027471,78.5017847496814,125.112219444805,230,1.41648267770793,2.14340872187696,2.62288831595923e-14,2.14340872187693,0
LG,F5,0.5,LF360_GAT_OUT,48.5063610161628,-81.9540314012323,19323.5608071626,77.6101776258605,123.691220591215,230,2.1618216056321,5.07456521662268,5.07456521662272,43.4249970370927,0
LLG,F5,0.5,LF360_GAT_OUT,51.2857695928278,34.0676647627555,20430.7984872112,82.0572313485245,130.778712461711,230,1.44727851027437,2.14336595566524,2.14336595566535,2.14336595566523,0
LG,F3,0.5,LF360_GAT_OUT,45.7251463244229,-83.9263179988444,18215.603622007,73.1602341190766,116.599123127278,230,2.15500463282079,5.17960192958267,40.5828774652387,40.5828774652387,0
LLG,F3,0.5,LF360_GAT_OUT,48.4993425347286,160.52885670827,19320.7648428823,77.5989480555658,123.673323463558,230,1.44184972071598,2.24309144654402,2.24309144654403,2.243091446544,0
LG,F4,0.5,LF360_GAT_OUT,46.1025922479888,-83.9949104237386,18365.967390854,73.7641475967821,117.561610232371,230,2.12886030632748,5.02993824392131,46.1170088370324,41.1167063036877,0
LLG,F4,0.5,LF360_GAT_OUT,48.9864082869807,160.526555360823,19514.7980476736,78.3782532591691,124.915341131801,230,1.41648267770793,2.14340872187696,2.62288831595923e-14,2.14340872187693,0
LG,F5,0.5,LF360_GAT_OUT,48.4450664057613,-84.48205249313,19299.1427698902,77.5121062492181,123.534919334691,230,2.1618216056321,5.07456521662268,5.07456521662272,43.4249970370927,0
LLG,F5,0.5,LF360_GAT_OUT,51.1217014896389,31.4465236304761,20365.4384003676,81.7947223834223,130.360338798579,230,1.44727851027437,2.14336595566524,2.14336595566535,2.14336595566523,0
LG,F3,0.5,LF360_GAT_OUT,41.9870483814158,-81.9064203847203,16726.4512429869,67.1792774102653,107.06697337261,230,2.15500463282079,5.17960192958267,40.5828774652387,40.5828774652387,0
LLG,F3,0.5,LF360_GAT_OUT,44.3865025152623,34.0121745622209,17682.3258311452,71.0184040244197,113.185581413919,230,1.44184972071598,2.24309144654402,2.24309144654403,2.243091446544,0
LG,F4,0.5,LF360_GAT_OUT,42.2704170018954,-81.9281197206205,16839.3372780134,67.6326672030327,107.789563354833,230,2.12886030632748,5.02993824392131,46.1170088370324,41.1167063036877,0
LLG,F4,0.5,LF360_GAT_OUT,44.7339495658616,33.8639452724581,17820.7388983981,71.5743193053786,114.071571392947,230,1.41648267770793,2.14340872187696,2.62288831595923e-14,2.14340872187693,0
LG,F5,0.5,LF360_GAT_OUT,44.2000843960504,-82.2559840933768,17608.0621307421,70.7201350336806,112.710215209929,230,2.1618216056321,5.07456521662268,5.07456521662272,43.4249970370927,0
LLG,F5,0.5,LF360_GAT_OUT,46.5536171263112,33.9954925682824,18545.6429319423,74.4857874020979,118.711723672094,230,1.44727851027437,2.14336595566524,2.14336595566535,2.14336595566523,0
LG,F3,0.5,LF360_GAT_OUT,50.8834405349153,-82.9588867951819,20270.5219821881,81.4135048558645,129.752773364034,230,2.15500463282079,5.17960192958267,40.5828774652387,40.5828774652387,0
LLG,F3,0.5,LF360_GAT_OUT,50.8360444043486,156.616361906268,20251.6407057566,81.3376710469578,129.631913231089,230,1.44184972071598,2.24309144654402,2.24309144654403,2.243091446544,0
LG,F4,0.5,LF360_GAT_OUT,51.4973448781593,-83.0465619529525,20515.0840902898,82.3957518050549,131.318229439306,230,2.12886030632748,5.02993824392131,46.1170088370324,41.1167063036877,0
LLG,F4,0.5,LF360_GAT_OUT,51.4085795875598,156.447905883436,20479.7225118384,82.2537273400957,131.091877948277,230,1.41648267770793,2.14340872187696,2.62288831595923e-14,2.14340872187693,0
LG,F5,0.5,LF360_GAT_OUT,54.6093678525094,-83.5631328063519,21754.8259286459,87.374988564015,139.253888023899,230,2.1618216056321,5.07456521662268,5.07456521662272,43.4249970370927,0
LLG,F5,0.5,LF360_GAT_OUT,53.9365363398946,37.9127313862001,21486.788904746,86.2984581438314,137.538167666731,230,1.44727851027437,2.14336595566524,2.14336595566535,2.14336595566523,0
LG,F3,0.5,LF360_GAT_OUT,42.004249828748,-83.3046814181021,16733.3038125578,67.2067997259968,107.110837063307,230,2.15500463282079,5.17960192958267,40.5828774652387,40.5828774652387,0
LLG,F3,0.5,LF360_GAT_OUT,47.3960212190082,29.1640684753337,18881.232870425,75.8336339504131,120.859854108471,230,1.44184972071598,2.24309144654402,2.24309144654403,2.243091446544,0
LG,F4,0.5,LF360_GAT_OUT,42.2383106975885,-83.3336145358588,16826.5470354438,67.5812971161416,107.707692278851,230,2.12886030632748,5.02993824392131,46.1170088370324,41.1167063036877,0
LLG,F4,0.5,LF360_GAT_OUT,47.8042841410282,28.9270070818284,19043.8732588956,76.4868546256451,121.900924559622,230,1.41648267770793,2.14340872187696,2.62288831595923e-14,2.14340872187693,0
LG,F5,0.5,LF360_GAT_OUT,44.1061579196869,-83.7151109591574,17570.6444820174,70.569852671499,112.470702695202,230,2.1618216056321,5.07456521662268,5.07456521662272,43.4249970370927,0
LLG,F5,0.5,LF360_GAT_OUT,49.8005700856486,28.7547573356603,19839.1370558748,79.6809121370378,126.991453718404,230,1.44727851027437,2.14336595566524,2.14336595566535,2.14336595566523,0
LG,F3,0.5,LF360_GAT_OUT,46.504479603965,-83.2852463766961,18526.0679343321,74.407167366344,118.586422990111,230,2.15500463282079,5.17960192958267,40.5828774652387,40.5828774652387,0
LLG,F3,0.5,LF360_GAT_OUT,49.2483245011759,32.3871554490572,19619.1380514454,78.7973192018815,125.583227477999,230,1.44184972071598,2.24309144654402,2.24309144654403,2.243091446544,0
LG,F4,0.5,LF360_GAT_OUT,46.7891118236539,-83.3270798749879,18639.4573515058,74.8625789178462,119.312235150317,230,2.12886030632748,5.02993824392131,46.1170088370324,41.1167063036877,0
LLG,F4,0.5,LF360_GAT_OUT,49.5827128475138,32.2728040248076,19752.3489006682,79.3323405560221,126.43591776116,230,1.41648267770793,2.14340872187696,2.62288831595923e-14,2.14340872187693,0
LG,F5,0.5,LF360_GAT_OUT,48.4933134068363,-83.6444623156724,19318.3630090403,77.5893014509381,123.657949187433,230,2.1618216056321,5.07456521662268,5.07456521662272,43.4249970370927,0
LLG,F5,0.5,LF360_GAT_OUT,51.1941944307939,32.3406837708998,20394.3175355398,81.9107110892703,130.545195798524,230,1.44727851027437,2.14336595566524,2.14336595566535,2.14336595566523,0
LG,F3,0.5,LF360_GAT_OUT,44.6418590488984,-82.9480833593068,17784.0526439147,71.4269744782374,113.836740574691,230,2.15500463282079,5.17960192958267,40.5828774652387,40.5828774652387,0
LLG,F3,0.5,LF360_GAT_OUT,47.460708221687,161.679408707627,18907.0023407277,75.9371331546992,121.024805965302,230,1.44184972071598,2.24309144654402,2.24309144654403,2.243091446544,0
LG,F4,0.5,LF360_GAT_OUT,45.1452785751287,-83.0148771917037,17984.6007292139,72.2324457202059,115.120460366578,230,2.12886030632748,5.02993824392131,46.1170088370324,41.1167063036877,0
LLG,F4,0.5,LF360_GAT_OUT,48.1312040819397,161.708762369491,19174.1089068588,77.0099265311035,122.734570408946,230,1.41648267770793,2.14340872187696,2.62288831595923e-14,2.14340872187693,0
LG,F5,0.5,LF360_GAT_OUT,48.4274725579661,-83.6260768988353,19292.1338790853,77.4839560927458,123.490055022814,230,2.1618216056321,5.07456521662268,5.07456521662272,43.4249970370927,0
LLG,F5,0.5,LF360_GAT_OUT,51.1528988625244,32.2972108094469,20377.8665503946,81.8446381800391,130.439892099437,230,1.44727851027437,2.14336595566524,2.14336595566535,2.14336595566523,0
LG,F3,0.5,LF360_GAT_OUT,46.1024743774869,-83.2748203634975,18365.9204345834,73.763959003979,117.561309662592,230,2.15500463282079,5.17960192958267,40.5828774652387,40.5828774652387,0
LLG,F3,0.5,LF360_GAT_OUT,48.7155784323667,32.6729756345673,19406.9071019421,77.9449254917867,124.224725002535,230,1.44184972071598,2.24309144654402,2.24309144654403,2.243091446544,0
LG,F4,0.5,LF360_GAT_OUT,46.4649368298421,-83.3303119856485,18510.3152127459,74.3438989277474,118.485588916097,230,2.12886030632748,5.02993824392131,46.1170088370324,41.1167063036877,0
LLG,F4,0.5,LF360_GAT_OUT,49.160382255153,32.4927289132394,19584.1043506495,78.6566116082448,125.35897475064,230,1.41648267770793,2.14340872187696,2.62288831595923e-14,2.14340872187693,0
LG,F5,0.5,LF360_GAT_OUT,48.4903177773153,-83.6484161710586,19317.1696350582,77.5845084437045,123.650310332154,230,2.1618216056321,5.07456521662268,5.07456521662272,43.4249970370927,0
LLG,F5,0.5,LF360_GAT_OUT,51.1936519287556,32.339148200675,20394.1014180883,81.909843086009,130.543812418327,230,1.44727851027437,2.14336595566524,2.14336595566535,2.14336595566523,0
LG,F3,0.5,LF360_GAT_OUT,45.3818729724175,-83.0217296863992,18078.8532380987,72.610996755868,115.723776079665,230,2.15500463282079,5.17960192958267,40.5828774652387,40.5828774652387,0
LLG,F3,0.5,LF360_GAT_OUT,48.4229765780879,161.712569134779,19290.3428080022,77.4767625249406,123.478590274124,230,1.44184972071598,2.24309144654402,2.24309144654403,2.243091446544,0
LG,F4,0.5,LF360_GAT_OUT,45.7745165023377,-83.0708514458257,18235.2713030082,73.2392264037403,116.725017080961,230,2.12886030632748,5.02993824392131,46.1170088370324,41.1167063036877,0
LLG,F4,0.5,LF360_GAT_OUT,48.9216248897031,161.708227194656,19488.9901764921,78.274599823525,124.750143468743,230,1.41648267770793,2.14340872187696,2.62288831595923e-14,2.14340872187693,0
LG,F5,0.5,LF360_GAT_OUT,48.4434410757146,-83.6257902401847,19298.4952844196,77.5095057211434,123.530774743072,230,2.1618216056321,5.07456521662268,5.07456521662272,43.4249970370927,0
LLG,F5,0.5,LF360_GAT_OUT,51.1616088233113,32.307283846337,20381.336352156,81.8585741172981,130.462102499444,230,1.44727851027437,2.14336595566524,2.14336595566535,2.14336595566523,0
LG,F3,0.5,LF360_GAT_OUT,46.0748567923523,-82.9300378520264,18354.9183706373,73.7197708677637,117.490884820498,230,2.15500463282079,5.17960192958267,40.5828774652387,40.5828774652387,0
LLG,F3,0.5,LF360_GAT_OUT,48.7299125864945,161.130465823712,19412.6174230857,77.9678601383912,124.261277095561,230,1.44184972071598,2.24309144654402,2.24309144654403,2.243091446544,0
LG,F4,0.5,LF360_GAT_OUT,46.4440704361454,-83.0031154088339,18502.0026323136,74.3105126978326,118.432379612171,230,2.12886030632748,5.02993824392131,46.1170088370324,41.1167063036877,0
LLG,F4,0.5,LF360_GAT_OUT,49.204833426836,161.146288000343,19601.812438846,78.7277334829376,125.472325238432,230,1.41648267770793,2.14340872187696,2.62288831595923e-14,2.14340872187693,0
LG,F5,0.5,LF360_GAT_OUT,48.490611706443,-83.6264517354392,19317.2867281003,77.5849787303088,123.65105985143,230,2.1618216056321,5.07456521662268,5.07456521662272,43.4249970370927,0
LLG,F5,0.5,LF360_GAT_OUT,51.1796322652476,32.3471802065055,20388.5163811031,81.8874116243962,130.508062276381,230,1.44727851027437,2.14336595566524,2.14336595566535,2.14336595566523,0
LG,F3,0.5,LF360_GAT_OUT,45.6623444291032,-83.1295646059503,18190.5851251008,73.0597510865651,116.438978294213,230,2.15500463282079,5.17960192958267,40.5828774652387,40.5828774652387,0
LLG,F3,0.5,LF360_GAT_OUT,48.3340119059474,32.4155027653667,19254.9018015902,77.3344190495158,123.251730360166,230,1.44184972071598,2.24309144654402,2.24309144654403,2.243091446544,0
LG,F4,0.5,LF360_GAT_OUT,46.0441965647393,-83.1842456788282,18342.7042040779,73.6707145035829,117.412701240085,230,2.12886030632748,5.02993824392131,46.1170088370324,41.1167063036877,0
LLG,F4,0.5,LF360_GAT_OUT,48.8021101513823,161.387066564983,19441.3788887164,78.0833762422117,124.445380886025,230,1.41648267770793,2.14340872187696,2.62288831595923e-14,2.14340872187693,0
LG,F5,0.5,LF360_GAT_OUT,48.3904837663116,-83.622059546227,19277.3985918004,77.4247740260986,123.395733604095,230,2.1618216056321,5.07456521662268,5.07456521662272,43.4249970370927,0
LLG,F5,0.5,LF360_GAT_OUT,51.0075453598338,32.3434558623203,20319.9618304994,81.6120725757341,130.069240667576,230,1.44727851027437,2.14336595566524,2.14336595566535,2.14336595566523,0
LG,F3,0.5,LF360_GAT_OUT,45.7377472846575,-83.1457682271016,18220.6234877776,73.180395655452,116.631255575877,230,2.15500463282079,5.17960192958267,40.5828774652387,40.5828774652387,0
LLG,F3,0.5,LF360_GAT_OUT,48.5036617932619,32.3928350224767,19322.4855131854,77.605858869219,123.684337572818,230,1.44184972071598,2.24309144654402,2.24309144654403,2.243091446544,0
LG,F4,0.5,LF360_GAT_OUT,46.1170088370327,-83.1994042514144,18371.710551734,73.7872141392523,117.598372534433,230,2.12886030632748,5.02993824392131,46.1170088370324,41.1167063036877,0
LLG,F4,0.5,LF360_GAT_OUT,48.9663352242708,161.366228036338,19506.8015078439,78.3461363588333,124.864154821891,230,1.41648267770793,2.14340872187696,2.62288831595923e-14,2.14340872187693,0
LG,F5,0.5,LF360_GAT_OUT,48.4667640662034,-83.6369864365484,19307.7865034571,77.5468225059254,123.590248368819,230,2.1618216056321,5.07456521662268,5.07456521662272,43.4249970370927,0
LLG,F5,0.5,LF360_GAT_OUT,51.1774982446824,32.3231634812445,20387.6662477331,81.8839971914918,130.50262052394,230,1.44727851027437,2.14336595566524,2.14336595566535,2.14336595566523,0
LG,F3,0.5,LF360_GAT_OUT,21.3854882216456,-24.885928922937,8519.37299324787,34.216781154633,54.5329949651963,230,2.15500463282079,5.17960192958267,40.5828774652387,40.5828774652387,0
LLG,F3,0.5,LF360_GAT_OUT,49.3315594209538,-175.497795877931,19652.2964867499,78.9304950735261,125.795476523432,230,1.44184972071598,2.24309144654402,2.24309144654403,2.243091446544,0
LG,F4,0.5,LF360_GAT_OUT,21.432047371794,-24.7276387489075,8537.92084037915,34.2912757948704,54.6517207980747,230,2.12886030632748,5.02993824392131,46.1170088370324,41.1167063036877,0
LLG,F4,0.5,LF360_GAT_OUT,49.7958114048618,-175.545718347707,19837.2413321878,79.6732982477789,126.979319082398,230,1.41648267770793,2.14340872187696,2.62288831595923e-14,2.14340872187693,0
LG,F5,0.5,LF360_GAT_OUT,21.7430258784102,-23.7299310870846,8661.80587228902,34.7888414054563,55.444715989946,230,2.1618216056321,5.07456521662268,5.07456521662272,43.4249970370927,0
LLG,F5,0.5,LF360_GAT_OUT,51.6290643782073,-175.659416018859,20567.5574095689,82.6065030051317,131.654114164429,230,1.44727851027437,2.14336595566524,2.14336595566535,2.14336595566523,0
LG,F3,0.5,LF360_GAT_OUT,42.0515249630434,-63.6063737250508,16752.1368875007,67.2824399408694,107.231388655761,230,2.15500463282079,5.17960192958267,40.5828774652387,40.5828774652387,0
LLG,F3,0.5,LF360_GAT_OUT,54.6802796674247,171.789494186331,21783.0751878926,87.4884474678795,139.434713151933,230,1.44184972071598,2.24309144654402,2.24309144654403,2.243091446544,0
LG,F4,0.5,LF360_GAT_OUT,42.3596347332046,-63.5088273266715,16874.879096033,67.7754155731274,108.017068569672,230,2.12886030632748,5.02993824392131,46.1170088370324,41.1167063036877,0
LLG,F4,0.5,LF360_GAT_OUT,55.2207753835176,171.824378492054,21998.3933774483,88.3532406136282,140.81297722797,230,1.41648267770793,2.14340872187696,2.62288831595923e-14,2.14340872187693,0
LG,F5,0.5,LF360_GAT_OUT,44.31035024238,-62.987776550476,17651.988921824,70.896560387808,112.991393118069,230,2.1618216056321,5.07456521662268,5.07456521662272,43.4249970370927,0
LLG,F5,0.5,LF360_GAT_OUT,57.7583655251161,171.797109014174,23009.2974398762,92.4133848401858,147.283832089046,230,1.44727851027437,2.14336595566524,2.14336595566535,2.14336595566523,0
LG,F3,0.5,LF360_GAT_OUT,45.7377472846575,-83.1457682271016,18220.6234877776,73.180395655452,116.631255575877,230,2.15500463282079,5.17960192958267,40.5828774652387,40.5828774652387,0
LLG,F3,0.5,LF360_GAT_OUT,48.5036617932619,32.3928350224767,19322.4855131854,77.605858869219,123.684337572818,230,1.44184972071598,2.24309144654402,2.24309144654403,2.243091446544,0
LG,F4,0.5,LF360_GAT_OUT,46.1170088370327,-83.1994042514144,18371.710551734,73.7872141392523,117.598372534433,230,2.12886030632748,5.02993824392131,46.1170088370324,41.1167063036877,0
LLG,F4,0.5,LF360_GAT_OUT,48.9663352242708,161.366228036338,19506.8015078439,78.3461363588333,124.864154821891,230,1.41648267770793,2.14340872187696,2.62288831595923e-14,2.14340872187693,0
LG,F5,0.5,LF360_GAT_OUT,48.4667640662034,-83.6369864365484,19307.7865034571,77.5468225059254,123.590248368819,230,2.1618216056321,5.07456521662268,5.07456521662272,43.4249970370927,0
LLG,F5,0.5,LF360_GAT_OUT,51.1774982446824,32.3231634812445,20387.6662477331,81.8839971914918,130.50262052394,230,1.44727851027437,2.14336595566524,2.14336595566535,2.14336595566523,0
LG,F3,0.5,LF360_GAT_OUT,45.7377472846575,-83.1457682271016,18220.6234877776,73.180395655452,116.631255575877,230,2.15500463282079,5.17960192958267,40.5828774652387,40.5828774652387,0
LLG,F3,0.5,LF360_GAT_OUT,48.5036617932619,32.3928350224767,19322.4855131854,77.605858869219,123.684337572818,230,1.44184972071598,2.24309144654402,2.24309144654403,2.243091446544,0
LG,F4,0.5,LF360_GAT_OUT,46.1170088370327,-83.1994042514144,18371.710551734,73.7872141392523,117.598372534433,230,2.12886030632748,5.02993824392131,46.1170088370324,41.1167063036877,0
LLG,F4,0.5,LF360_GAT_OUT,48.9663352242708,161.366228036338,19506.8015078439,78.3461363588333,124.864154821891,230,1.41648267770793,2.14340872187696,2.62288831595923e-14,2.14340872187693,0
LG,F5,0.5,LF360_GAT_OUT,48.4667640662034,-83.6369864365484,19307.7865034571,77.5468225059254,123.590248368819,230,2.1618216056321,5.07456521662268,5.07456521662272,43.4249970370927,0
LLG,F5,0.5,LF360_GAT_OUT,51.1774982446824,32.3231634812445,20387.6662477331,81.8839971914918,130.50262052394,230,1.44727851027437,2.14336595566524,2.14336595566535,2.14336595566523,0
LG,F3,0.5,LF360_GAT_OUT,45.7377472846575,-83.1457682271016,18220.6234877776,73.180395655452,116.631255575877,230,2.15500463282079,5.17960192958267,40.5828774652387,40.5828774652387,0
LLG,F3,0.5,LF360_GAT_OUT,48.5036617932619,32.3928350224767,19322.4855131854,77.605858869219,123.684337572818,230,1.44184972071598,2.24309144654402,2.24309144654403,2.243091446544,0
LG,F4,0.5,LF360_GAT_OUT,46.1170088370327,-83.1994042514144,18371.710551734,73.7872141392523,117.598372534433,230,2.12886030632748,5.02993824392131,46.1170088370324,41.1167063036877,0
LLG,F4,0.5,LF360_GAT_OUT,48.9663352242708,161.366228036338,19506.8015078439,78.3461363588333,124.864154821891,230,1.41648267770793,2.14340872187696,2.62288831595923e-14,2.14340872187693,0
LG,F5,0.5,LF360_GAT_OUT,48.4667640662034,-83.6369864365484,19307.7865034571,77.5468225059254,123.590248368819,230,2.1618216056321,5.07456521662268,5.07456521662272,43.4249970370927,0
LLG,F5,0.5,LF360_GAT_OUT,51.1774982446824,32.3231634812445,20387.6662477331,81.8839971914918,130.50262052394,230,1.44727851027437,2.14336595566524,2.14336595566535,2.14336595566523,0
LG,F3,0.5,LF360_GAT_OUT,45.7377472846575,-83.1457682271016,18220.6234877776,73.180395655452,116.631255575877,230,2.15500463282079,5.17960192958267,40.5828774652387,40.5828774652387,0
LLG,F3,0.5,LF360_GAT_OUT,48.5036617932619,32.3928350224767,19322.4855131854,77.605858869219,123.684337572818,230,1.44184972071598,2.24309144654402,2.24309144654403,2.243091446544,0
LG,F4,0.5,LF360_GAT_OUT,46.1170088370327,-83.1994042514144,18371.710551734,73.7872141392523,117.598372534433,230,2.12886030632748,5.02993824392131,46.1170088370324,41.1167063036877,0
LLG,F4,0.5,LF360_GAT_OUT,48.9663352242708,161.366228036338,19506.8015078439,78.3461363588333,124.864154821891,230,1.41648267770793,2.14340872187696,2.62288831595923e-14,2.14340872187693,0
LG,F5,0.5,LF360_GAT_OUT,48.4667640662034,-83.6369864365484,19307.7865034571,77.5468225059254,123.590248368819,230,2.1618216056321,5.07456521662268,5.07456521662272,43.4249970370927,0
LLG,F5,0.5,LF360_GAT_OUT,51.1774982446824,32.3231634812445,20387.6662477331,81.8839971914918,130.50262052394,230,1.44727851027437,2.14336595566524,2.14336595566535,2.14336595566523,0
LG,F3,0.5,LF360_GAT_OUT,45.7377472846575,-83.1457682271016,18220.6234877776,73.180395655452,116.631255575877,230,2.15500463282079,5.17960192958267,40.5828774652387,40.5828774652387,0
LLG,F3,0.5,LF360_GAT_OUT,48.5036617932619,32.3928350224767,19322.4855131854,77.605858869219,123.684337572818,230,1.44184972071598,2.24309144654402,2.24309144654403,2.243091446544,0
LG,F4,0.5,LF360_GAT_OUT,46.1170088370327,-83.1994042514144,18371.710551734,73.7872141392523,117.598372534433,230,2.12886030632748,5.02993824392131,46.1170088370324,41.1167063036877,0
LLG,F4,0.5,LF360_GAT_OUT,48.9663352242708,161.366228036338,19506.8015078439,78.3461363588333,124.864154821891,230,1.41648267770793,2.14340872187696,2.62288831595923e-14,2.14340872187693,0
LG,F5,0.5,LF360_GAT_OUT,48.4667640662034,-83.6369864365484,19307.7865034571,77.5468225059254,123.590248368819,230,2.1618216056321,5.07456521662268,5.07456521662272,43.4249970370927,0
LLG,F5,0.5,LF360_GAT_OUT,51.1774982446824,32.3231634812445,20387.6662477331,81.8839971914918,130.50262052394,230,1.44727851027437,2.14336595566524,2.14336595566535,2.14336595566523,0
LG,F3,0.5,LF360_GAT_OUT,45.7377472846575,-83.1457682271016,18220.6234877776,73.180395655452,116.631255575877,230,2.15500463282079,5.17960192958267,40.5828774652387,40.5828774652387,0
LLG,F3,0.5,LF360_GAT_OUT,48.5036617932619,32.3928350224767,19322.4855131854,77.605858869219,123.684337572818,230,1.44184972071598,2.24309144654402,2.24309144654403,2.243091446544,0
LG,F4,0.5,LF360_GAT_OUT,46.1170088370327,-83.1994042514144,18371.710551734,73.7872141392523,117.598372534433,230,2.12886030632748,5.02993824392131,46.1170088370324,41.1167063036877,0
LLG,F4,0.5,LF360_GAT_OUT,48.9663352242708,161.366228036338,19506.8015078439,78.3461363588333,124.864154821891,230,1.41648267770793,2.14340872187696,2.62288831595923e-14,2.14340872187693,0
LG,F5,0.5,LF360_GAT_OUT,48.4667640662034,-83.6369864365484,19307.7865034571,77.5468225059254,123.590248368819,230,2.1618216056321,5.07456521662268,5.07456521662272,43.4249970370927,0
LLG,F5,0.5,LF360_GAT_OUT,51.1774982446824,32.3231634812445,20387.6662477331,81.8839971914918,130.50262052394,230,1.44727851027437,2.14336595566524,2.14336595566535,2.14336595566523,0
LG,F3,0.5,LF360_GAT_OUT,45.7377472846575,-83.1457682271016,18220.6234877776,73.180395655452,116.631255575877,230,2.15500463282079,5.17960192958267,40.5828774652387,40.5828774652387,0
LLG,F3,0.5,LF360_GAT_OUT,48.5036617932619,32.3928350224767,19322.4855131854,77.605858869219,123.684337572818,230,1.44184972071598,2.24309144654402,2.24309144654403,2.243091446544,0
LG,F4,0.5,LF360_GAT_OUT,46.1170088370327,-83.1994042514144,18371.710551734,73.7872141392523,117.598372534433,230,2.12886030632748,5.02993824392131,46.1170088370324,41.1167063036877,0
LLG,F4,0.5,LF360_GAT_OUT,48.9663352242708,161.366228036338,19506.8015078439,78.3461363588333,124.864154821891,230,1.41648267770793,2.14340872187696,2.62288831595923e-14,2.14340872187693,0
LG,F5,0.5,LF360_GAT_OUT,48.4667640662034,-83.6369864365484,19307.7865034571,77.5468225059254,123.590248368819,230,2.1618216056321,5.07456521662268,5.07456521662272,43.4249970370927,0
LLG,F5,0.5,LF360_GAT_OUT,51.1774982446824,32.3231634812445,20387.6662477331,81.8839971914918,130.50262052394,230,1.44727851027437,2.14336595566524,2.14336595566535,2.14336595566523,0
LG,F3,0.5,LF360_GAT_OUT,45.7377472846575,-83.1457682271016,18220.6234877776,73.180395655452,116.631255575877,230,2.15500463282079,5.17960192958267,40.5828774652387,40.5828774652387,0
LLG,F3,0.5,LF360_GAT_OUT,48.5036617932619,32.3928350224767,19322.4855131854,77.605858869219,123.684337572818,230,1.44184972071598,2.24309144654402,2.24309144654403,2.243091446544,0
LG,F4,0.5,LF360_GAT_OUT,46.1170088370327,-83.1994042514144,18371.710551734,73.7872141392523,117.598372534433,230,2.12886030632748,5.02993824392131,46.1170088370324,41.1167063036877,0
LLG,F4,0.5,LF360_GAT_OUT,48.9663352242708,161.366228036338,19506.8015078439,78.3461363588333,124.864154821891,230,1.41648267770793,2.14340872187696,2.62288831595923e-14,2.14340872187693,0
LG,F5,0.5,LF360_GAT_OUT,48.4667640662034,-83.6369864365484,19307.7865034571,77.5468225059254,123.590248368819,230,2.1618216056321,5.07456521662268,5.07456521662272,43.4249970370927,0
LLG,F5,0.5,LF360_GAT_OUT,51.1774982446824,32.3231634812445,20387.6662477331,81.8839971914918,130.50262052394,230,1.44727851027437,2.14336595566524,2.14336595566535,2.14336595566523,0
LG,F3,0.5,LF360_GAT_OUT,45.7377472846575,-83.1457682271016,18220.6234877776,73.180395655452,116.631255575877,230,2.15500463282079,5.17960192958267,40.5828774652387,40.5828774652387,0
LLG,F3,0.5,LF360_GAT_OUT,48.5036617932619,32.3928350224767,19322.4855131854,77.605858869219,123.684337572818,230,1.44184972071598,2.24309144654402,2.24309144654403,2.243091446544,0
LG,F4,0.5,LF360_GAT_OUT,46.1170088370327,-83.1994042514144,18371.710551734,73.7872141392523,117.598372534433,230,2.12886030632748,5.02993824392131,46.1170088370324,41.1167063036877,0
LLG,F4,0.5,LF360_GAT_OUT,48.9663352242708,161.366228036338,19506.8015078439,78.3461363588333,124.864154821891,230,1.41648267770793,2.14340872187696,2.62288831595923e-14,2.14340872187693,0
LG,F5,0.5,LF360_GAT_OUT,48.4667640662034,-83.6369864365484,19307.7865034571,77.5468225059254,123.590248368819,230,2.1618216056321,5.07456521662268,5.07456521662272,43.4249970370927,0
LLG,F5,0.5,LF360_GAT_OUT,51.1774982446824,32.3231634812445,20387.6662477331,81.8839971914918,130.50262052394,230,1.44727851027437,2.14336595566524,2.14336595566535,2.14336595566523,0
LG,F3,0.5,LF360_GAT_OUT,45.7377472846575,-83.1457682271016,18220.6234877776,73.180395655452,116.631255575877,230,2.15500463282079,5.17960192958267,40.5828774652387,40.5828774652387,0
LLG,F3,0.5,LF360_GAT_OUT,48.5036617932619,32.3928350224767,19322.4855131854,77.605858869219,123.684337572818,230,1.44184972071598,2.24309144654402,2.24309144654403,2.243091446544,0
LG,F4,0.5,LF360_GAT_OUT,46.1170088370327,-83.1994042514144,18371.710551734,73.7872141392523,117.598372534433,230,2.12886030632748,5.02993824392131,46.1170088370324,41.1167063036877,0
LLG,F4,0.5,LF360_GAT_OUT,48.9663352242708,161.366228036338,19506.8015078439,78.3461363588333,124.864154821891,230,1.41648267770793,2.14340872187696,2.62288831595923e-14,2.14340872187693,0
LG,F5,0.5,LF360_GAT_OUT,48.4667640662034,-83.6369864365484,19307.7865034571,77.5468225059254,123.590248368819,230,2.1618216056321,5.07456521662268,5.07456521662272,43.4249970370927,0
LLG,F5,0.5,LF360_GAT_OUT,51.1774982446824,32.3231634812445,20387.6662477331,81.8839971914918,130.50262052394,230,1.44727851027437,2.14336595566524,2.14336595566535,2.14336595566523,0
LG,F3,0.5,LF360_GAT_OUT,45.7377472846575,-83.1457682271016,18220.6234877776,73.180395655452,116.631255575877,230,2.15500463282079,5.17960192958267,40.5828774652387,40.5828774652387,0
LLG,F3,0.5,LF360_GAT_OUT,48.5036617932619,32.3928350224767,19322.4855131854,77.605858869219,123.684337572818,230,1.44184972071598,2.24309144654402,2.24309144654403,2.243091446544,0
LG,F4,0.5,LF360_GAT_OUT,46.1170088370327,-83.1994042514144,18371.710551734,73.7872141392523,117.598372534433,230,2.12886030632748,5.02993824392131,46.1170088370324,41.1167063036877,0
LLG,F4,0.5,LF360_GAT_OUT,48.9663352242708,161.366228036338,19506.8015078439,78.3461363588333,124.864154821891,230,1.41648267770793,2.14340872187696,2.62288831595923e-14,2.14340872187693,0
LG,F5,0.5,LF360_GAT_OUT,48.4667640662034,-83.6369864365484,19307.7865034571,77.5468225059254,123.590248368819,230,2.1618216056321,5.07456521662268,5.07456521662272,43.4249970370927,0
LLG,F5,0.5,LF360_GAT_OUT,51.1774982446824,32.3231634812445,20387.6662477331,81.8839971914918,130.50262052394,230,1.44727851027437,2.14336595566524,2.14336595566535,2.14336595566523,0
LG,F3,0.5,LF360_GAT_IN,45.8917862903413,-82.9688817647352,18281.9882661417,73.4268580645461,117.02405504037,230,2.17754957525365,5.12463708410399,40.5993051701912,40.5993051701911,0
LLG,F3,0.5,LF360_GAT_IN,48.6504551261439,161.300539095441,19380.9638206611,77.8407282018302,124.058660571667,230,1.45759891542972,2.24786874514543,2.29933706482175,2.2993370648216,0
LG,F4,0.5,LF360_GAT_IN,46.256898563863,-83.0339582336743,18427.4386580292,74.0110377021808,117.955091337851,230,2.1502944288164,4.97448518232747,46.2568830769365,41.1263276047163,0
LLG,F4,0.5,LF360_GAT_IN,49.1279473221152,161.319244667016,19571.1831916983,78.6047157153843,125.276265671394,230,1.43156165256886,2.14720683755489,8.67945767022974e-14,2.19476880428992,0
LG,F5,0.5,LF360_GAT_IN,48.6057594111485,-83.4775593766349,19363.158313333,77.7692150578376,123.944686498429,230,2.18355042189212,5.01740574662025,5.21493622521063,43.4345900704953,0
LLG,F5,0.5,LF360_GAT_IN,51.1756587748327,160.537008130945,20386.9334550282,81.8810540397323,130.497929875823,230,1.46280004856202,2.14730769716002,2.19471957884363,2.19471957884363,0
LLL,F4,0,LF360_GAT_OUT,50.5308851865359,-83.1124339013662,20130.0739137372,80.8494162984574,128.853757225667,230,3.18264385688993,3.17211723298559,51.0575960885088,47.9460944641865,NaN
LG,F4,0,LF360_GAT_OUT,45.7377472846574,-83.1457682271015,18220.6234877776,73.1803956554518,116.631255575876,230,2.12886030632748,5.02993824392131,46.1170088370324,41.1167063036877,0
LL,F4,0,LF360_GAT_OUT,43.7588597564655,-173.119775835774,17432.2907272802,70.0141756103448,111.585092378987,230,0.940370657561852,0.772983312817029,1.09115455829269e-13,0.77298331281707,NaN
LLG,F4,0,LF360_GAT_OUT,48.5036617932619,32.3928350224767,19322.4855131854,77.605858869219,123.684337572818,230,1.41648267770793,2.14340872187696,2.62288831595923e-14,2.14340872187693,0
LLL,F4,0.25,LF360_GAT_OUT,50.6177975993716,-83.1311241933325,20164.6973581504,80.9884761589946,129.075383878398,230,3.18264385688993,3.17211723298559,51.0575960885088,47.9460944641865,NaN
LG,F4,0.25,LF360_GAT_OUT,45.6978295242135,-83.1275631995711,18204.7213822585,73.1165272387416,116.529465286744,230,2.12886030632748,5.02993824392131,46.1170088370324,41.1167063036877,0
LL,F4,0.25,LF360_GAT_OUT,43.8341928006081,-173.138299160528,17462.3012790673,70.134708480973,111.777191641551,230,0.940370657561852,0.772983312817029,1.09115455829269e-13,0.77298331281707,NaN
LLG,F4,0.25,LF360_GAT_OUT,48.5388917065145,161.45509000574,19336.5201131163,77.6622267304232,123.774173851612,230,1.41648267770793,2.14340872187696,2.62288831595923e-14,2.14340872187693,0
LLL,F4,0.75,LF360_GAT_OUT,51.8688445935692,-83.3200014967056,20663.0790581699,82.9901513497107,132.265553713601,230,3.18264385688993,3.17211723298559,51.0575960885088,47.9460944641865,NaN
LG,F4,0.75,LF360_GAT_OUT,47.0208626301031,-83.3656712365504,18731.7803109427,75.233380208165,119.903199706763,230,2.12886030632748,5.02993824392131,46.1170088370324,41.1167063036877,0
LL,F4,0.75,LF360_GAT_OUT,44.9176594176187,-173.326985460289,17893.9237017298,71.8682550681899,114.540031514928,230,0.940370657561852,0.772983312817029,1.09115455829269e-13,0.77298331281707,NaN
LLG,F4,0.75,LF360_GAT_OUT,49.8219511782569,32.2434172580165,19847.6546777801,79.715121885211,127.045975504555,230,1.41648267770793,2.14340872187696,2.62288831595923e-14,2.14340872187693,0
LLL,F4,1,LF360_GAT_OUT,53.0870065530683,-83.4976121609477,21148.3602914809,84.9392104849093,135.371866710324,230,3.18264385688993,3.17211723298559,51.0575960885088,47.9460944641865,NaN
LG,F4,1,LF360_GAT_OUT,48.4667640662034,-83.6369864365484,19307.7865034571,77.5468225059254,123.590248368819,230,2.12886030632748,5.02993824392131,46.1170088370324,41.1167063036877,0
LL,F4,1,LF360_GAT_OUT,45.9725804350184,-173.504571624129,18314.1743657547,73.5561286960294,117.230080109297,230,0.940370657561852,0.772983312817029,1.09115455829269e-13,0.77298331281707,NaN
LLG,F4,1,LF360_GAT_OUT,51.1774982446824,32.3231634812444,20387.6662477331,81.8839971914918,130.50262052394,230,1.41648267770793,2.14340872187696,2.62288831595923e-14,2.14340872187693,0
LLL,F4,0,LF360_GAT_IN,50.5541945213143,-83.1021842945934,20139.3596927264,80.8867112341029,128.913196029351,230,3.2185631900699,3.09877447239056,51.0792262351743,47.9274295003023,NaN
LG,F4,0,LF360_GAT_IN,45.8917695676113,-82.9688810592444,18281.9816042796,73.4268313081781,117.024012397409,230,2.1502944288164,4.97448518232747,46.2568830769365,41.1263276047163,0
LL,F4,0,LF360_GAT_IN,43.7764189842283,-173.114545151387,17439.2858264444,70.0422703747653,111.629868409782,230,0.954377168359746,0.759035932182776,6.34392049447922e-14,0.777258496285884,NaN
LLG,F4,0,LF360_GAT_IN,48.6504494084663,161.300554181774,19380.9615429003,77.8407190535461,124.058645991589,230,1.43156165256886,2.14720683755489,8.67945767022974e-14,2.19476880428992,0
LLL,F4,0.25,LF360_GAT_IN,50.6400158282192,-83.1209227293027,20173.5484714306,81.0240253251507,129.132040361959,230,3.2185631900699,3.09877447239056,51.0792262351743,47.9274295003023,NaN
LG,F4,0.25,LF360_GAT_IN,45.8430421123326,-82.9571077291998,18262.5699657783,73.3488673797322,116.899757386448,230,2.1502944288164,4.97448518232747,46.2568830769365,41.1263276047163,0
LL,F4,0.25,LF360_GAT_IN,43.8508769354628,-173.13300658986,17468.9477659945,70.1614030967405,111.81973618543,230,0.954377168359746,0.759035932182776,6.34392049447922e-14,0.777258496285884,NaN
LLG,F4,0.25,LF360_GAT_IN,48.7048499215672,161.404593603498,19402.6331670094,77.9277598745075,124.197367299996,230,1.43156165256886,2.14720683755489,8.67945767022974e-14,2.19476880428992,0
LLL,F4,0.75,LF360_GAT_IN,51.8903809948347,-83.3098789367546,20671.6585506468,83.0246095917355,132.320471536828,230,3.2185631900699,3.09877447239056,51.0792262351743,47.9274295003023,NaN
LG,F4,0.75,LF360_GAT_IN,47.1586322885922,-83.203892857302,18786.663842039,75.4538116617475,120.25451233591,230,2.1502944288164,4.97448518232747,46.2568830769365,41.1263276047163,0
LL,F4,0.75,LF360_GAT_IN,44.9337769821911,-173.321645936429,17900.3444830985,71.8940431715058,114.581131304587,230,0.954377168359746,0.759035932182776,6.34392049447922e-14,0.777258496285884,NaN
LLG,F4,0.75,LF360_GAT_IN,49.9387532257792,161.037261694176,19894.1853063496,79.9020051612467,127.343820725737,230,1.43156165256886,2.14720683755489,8.67945767022974e-14,2.19476880428992,0
LLL,F4,1,LF360_GAT_IN,53.1089711671963,-83.4875196194795,21157.1103718377,84.9743538675141,135.427876476351,230,3.2185631900699,3.09877447239056,51.0792262351743,47.9274295003023,NaN
LG,F4,1,LF360_GAT_IN,48.6057438965754,-83.477559203624,19363.1521327664,77.7691902345206,123.944646936267,230,2.1502944288164,4.97448518232747,46.2568830769365,41.1263276047163,0
LL,F4,1,LF360_GAT_IN,45.9890208329902,-173.499245994188,18320.723754809,73.5824333327843,117.272003124125,230,0.954377168359746,0.759035932182776,6.34392049447922e-14,0.777258496285884,NaN
LLG,F4,1,LF360_GAT_IN,51.1756530988529,160.537021456926,20386.9311938786,81.8810449581646,130.497915402075,230,1.43156165256886,2.14720683755489,8.67945767022974e-14,2.19476880428992,0
