parameter,value,unit,base,source,locator,status,rationale
south_line_R1,0.00015,pu/km,100MVA-230kV,PGCB/JICA Mallard reference (file MISSING),"PHASE3_FINAL_REPORT.md:53,61; matlab/data/ashuganj_lines.m:79",ENGINEERING_ASSUMPTION,"Phase-3 frozen reference not measured South link; JICA source file MISSING so never PRIMARY"
south_line_X1,0.00077,pu/km,100MVA-230kV,PGCB/JICA Mallard reference (file MISSING),"PHASE3_FINAL_REPORT.md:53,61; matlab/data/ashuganj_lines.m:81",ENGINEERING_ASSUMPTION,"Phase-3 frozen reference; JICA source file MISSING so never PRIMARY"
south_line_Y1,0.001488,pu/km,100MVA-230kV,PGCB/JICA Mallard reference (file MISSING),"PHASE3_FINAL_REPORT.md:53,61",ENGINEERING_ASSUMPTION,"Y1 locator is REPORT ONLY never a .m line per Task1 CONFLICT-1; JICA file MISSING"
south_line_R_eq,0.0277725,ohm,100MVA-230kV,Phase-3 frozen dual-circuit equivalent,"PHASE3_FINAL_REPORT.md:19,61; matlab/data/ashuganj_lines.m:78",ENGINEERING_ASSUMPTION,"Locked lumped 0.7km 2-circuit equivalent R_eq = r1*L/2; DERIVED_FROM_ENGINEERING_REFERENCE"
south_line_X_eq,0.1425655,ohm,100MVA-230kV,Phase-3 frozen dual-circuit equivalent,"PHASE3_FINAL_REPORT.md:19,61; matlab/data/ashuganj_lines.m:80",ENGINEERING_ASSUMPTION,"Locked lumped equivalent X_eq = x1*L/2; DERIVED_FROM_ENGINEERING_REFERENCE"
south_line_B_eq,3.937996,microS,100MVA-230kV,Phase-3 frozen dual-circuit equivalent,"PHASE3_FINAL_REPORT.md:19,61; matlab/data/ashuganj_lines.m:82-83",ENGINEERING_ASSUMPTION,"Locked equivalent B_eq = 2*b1*L at 50Hz; C_eq = B/(2*pi*50) = 1.253503e-08 F"
south_line_length,0.7,km,physical,Phase-3 locked length,"PHASE3_FINAL_REPORT.md:49,61; matlab/data/ashuganj_lines.m:71",ENGINEERING_ASSUMPTION,"Locked GIS-to-grid length; INEL-0026 unavailable; 70km North block fenced"
south_line_circuits,2,count,physical,Phase-3 locked topology,"PHASE3_FINAL_REPORT.md:49; matlab/data/ashuganj_lines.m:74-75",ENGINEERING_ASSUMPTION,"2 circuits both in service LUMPED_DUAL_CIRCUIT_PI; split rule preserves total eq in Task11"
south_line_conductor_ref,MALLARD_795_MCM,designation,physical,Ghorasal-Mallard PGCB/JICA family ref (file MISSING),"PHASE3_FINAL_REPORT.md:49,53; matlab/data/ashuganj_lines.m:76-77",ENGINEERING_ASSUMPTION,"Engineering reference only NOT measured South link; JICA file MISSING"
south_line_Zbase,529,ohm,100MVA-230kV,V-squared-over-S arithmetic,"PHASE3_FINAL_REPORT.md:53,61; matlab/data/ashuganj_lines.m:79,81",DERIVED,"Zbase = 230kV^2/100MVA arithmetic only"
south_line_R0,,ohm/km,100MVA-230kV,,matlab/data/ashuganj_lines.m:84; PHASE3_FINAL_REPORT.md:65,MISSING,"Never 3xX1 as fact; Task9 designs assumption plus sensitivity"
south_line_X0,,ohm/km,100MVA-230kV,,matlab/data/ashuganj_lines.m:85; PHASE3_FINAL_REPORT.md:65,MISSING,"Never 3xX1 as fact; Task9 designs bounded range from audit evidence"
south_line_B0,,microS/km,100MVA-230kV,,matlab/data/ashuganj_lines.m:86 (C0_F NaN); PHASE3_FINAL_REPORT.md:65,MISSING,"Zero-seq susceptance MISSING; Task9 states mutual-coupling treatment"
gen_Snom,458,MVA,458MVA-22kV machine,Ahsuganj South (2).xlsx row3 C3,"matlab/data/ashuganj_generators.m:72; Generator Data_South.pdf p.1/report p.6 s2.1.1",SOURCE/PRIMARY,"Listed for traceability; T4 classifies positive-seq source-backed vs workbook-derived"
gen_Vnom,22,kV,458MVA-22kV machine,Ahsuganj South (2).xlsx row3 D3,"matlab/data/ashuganj_generators.m:74; Generator Name Plate_South.pdf",SOURCE/PRIMARY,"Listed for traceability; T4 classifies positive-seq ONLY"
gen_Xd,1.7830,pu,458MVA-22kV machine,Ahsuganj South (2).xlsx row3 H3,"matlab/data/ashuganj_generators.m:77; Generator Data_South.pdf p.1/report p.6 s2.1.1",SOURCE/PRIMARY,"Listed for traceability; T4 classifies source-backed vs workbook-derived; qualified interpretation"
gen_Xdp,0.3256,pu,458MVA-22kV machine,Ahsuganj South (2).xlsx row3 I3,"matlab/data/ashuganj_generators.m:78; Generator Data_South.pdf p.1/report p.6 s2.1.1",SOURCE/PRIMARY,"Xd-prime; T4 classifies positive-seq ONLY"
gen_Xdpp,0.2608,pu,458MVA-22kV machine,Ahsuganj South (2).xlsx row3 J3,"matlab/data/ashuganj_generators.m:79; Generator Data_South.pdf p.1/report p.6 s2.1.1",SOURCE/PRIMARY,"Xd-double-prime unsaturated/sensitivity case; T4 classifies; T5 selects vs sat"
gen_Xdpp_sat,0.2248,pu,458MVA-22kV machine,Ahsuganj South (2).xlsx row3 K3,"matlab/data/ashuganj_generators.m:80; Generator Data_South.pdf p.1/report p.6 s2.1.1",SOURCE/PRIMARY,"Xd-double-prime saturated primary fault case; T4 classifies; T5 selects stage use"
gen_Xq,1.7510,pu,458MVA-22kV machine,Ahsuganj South (2).xlsx row3 L3,"matlab/data/ashuganj_generators.m:81; Generator Data_South.pdf p.1/report p.6 s2.1.1",SOURCE/PRIMARY,"T4 classifies positive-seq ONLY"
gen_Xqp,0.5087,pu,458MVA-22kV machine,Ahsuganj South (2).xlsx row3 M3,"matlab/data/ashuganj_generators.m:82; Generator Data_South.pdf p.1/report p.6 s2.1.1",SOURCE/PRIMARY,"Xq-prime; T4 classifies positive-seq ONLY"
gen_Xqpp,0.2593,pu,458MVA-22kV machine,Ahsuganj South (2).xlsx row3 N3,"matlab/data/ashuganj_generators.m:83; Generator Data_South.pdf p.1/report p.6 s2.1.1",SOURCE/PRIMARY,"Xq-double-prime; T4 classifies positive-seq ONLY"
gen_X2,0.2242,pu,458MVA-22kV machine,Ahsuganj South (2).xlsx row3 P3 X2-sat,"matlab/data/ashuganj_generators.m:85; Generator Data_South workbook",SOURCE/PRIMARY,"TRACEABILITY ONLY - T7 classifies negative-seq; T4 must NOT classify X2"
gen_X0,0.128,pu,458MVA-22kV machine,Ahsuganj South (2).xlsx row3 Q3 X0-sat,"matlab/data/ashuganj_generators.m:86; Generator Data_South workbook",SOURCE/PRIMARY,"TRACEABILITY ONLY - T9 classifies zero-seq path; T4 must NOT classify X0"
gen_Ra,0.00089,ohm,458MVA-22kV machine,Ahsuganj South (2).xlsx row3 U3 Ra-ohm,"matlab/data/ashuganj_generators.m:87; Generator Data_South workbook",SOURCE/PRIMARY,"Stator resistance ohm; T4 classifies positive-seq ONLY; temp/test conditions not supplied"
ner_primary_voltage,22/sqrt(3),kV,generator neutral,Generator Data_South NER 10BAB11,"Generator Data_South.pdf p.1/report p.6 NER; docs/model/generator_list.md:109; matlab/data/ashuganj_generators.m:15,151",SOURCE/PRIMARY,"10BAB11 neutral earthing transformer primary; high-resistance grounding"
ner_secondary_voltage,500,V,NER secondary,Generator Data_South NER 10BAB11,"Generator Data_South.pdf p.1/report p.6 NER; docs/model/generator_list.md:109",SOURCE/PRIMARY,"10BAB11 secondary voltage"
ner_rating_kVA,135,kVA,NER rating,Generator Data_South NER 10BAB11,"Generator Data_South.pdf p.1/report p.6 NER; docs/model/transformer_list.md:75",SOURCE/PRIMARY,"10BAB11 short-time rating basis"
ner_rating_duration,20,s,NER rating,Generator Data_South NER 10BAB11,"Generator Data_South.pdf p.1/report p.6 NER; docs/model/transformer_list.md:75",SOURCE/PRIMARY,"20 s short-time duration"
ner_R_HV,60,ohm,generator neutral HV side,Generator Data_South NER 10BAB11,"Generator Data_South.pdf p.1/report p.6 s2.3 NER; docs/model/generator_list.md:109",SOURCE/PRIMARY,"Approx HV-side equivalent ~60 ohm; T6 defines reflection equations"
ner_R_loading,2.62,ohm,NER 500V secondary,Generator Data_South NER 10BAB11,"Generator Data_South.pdf p.1/report p.6 s2.3 NER; docs/model/generator_list.md:109",SOURCE/PRIMARY,"Secondary loading resistor; T6 reflects via 22/sqrt3kV:500V ratio"
gsut_Z,16.0,percent,515MVA 230/22kV,GSUT Data Sheet_South plus Nameplate,"GSUT Data Sheet_South.pdf; GSUT Nameplate_South.pdf; matlab/data/ashuganj_transformers.m:121-127",SOURCE/PRIMARY,"YNd1 principal tap 9 at 515MVA ODAF; plates blank recorded NOT_APPLICABLE"
gsut_R,0.21,percent,515MVA 230/22kV,GSUT Data Sheet_South plus Nameplate,"GSUT Data Sheet_South.pdf; GSUT Nameplate_South.pdf; matlab/data/ashuganj_transformers.m:128-129",SOURCE/PRIMARY,"Copper-loss derived; T4 defines positive treatment"
gsut_Z0,15.8,percent,515MVA 230/22kV,GSUT Data Sheet_South,"GSUT Data Sheet_South.pdf; matlab/data/ashuganj_transformers.m:130-132",SOURCE/PRIMARY,"Zero-seq retained for earth-fault study; YNd1 HV-grounded LV-delta block in T8"
uat_Z,10.5,percent,25MVA 22/6.9kV,UAT Data Sheet plus Nameplate,"UAT Data Sheet_South.pdf; UAT Nameplate_South.pdf; matlab/data/ashuganj_transformers.m:218-220",SOURCE/PRIMARY,"Dyn11 principal tap 3 at 25MVA"
uat_R,0.4,percent,25MVA 22/6.9kV,UAT Data Sheet plus Nameplate,"UAT Data Sheet_South.pdf; UAT Nameplate_South.pdf; matlab/data/ashuganj_transformers.m:221-222",SOURCE/PRIMARY,"Approx nameplate value; T4 defines positive treatment"
uat_Z0,9.3,percent,25MVA 22/6.9kV,UAT Data Sheet plus Nameplate,"UAT Data Sheet_South.pdf; UAT Nameplate_South.pdf; matlab/data/ashuganj_transformers.m:223-225",SOURCE/PRIMARY,"Zero-seq retained; Dyn11 LV 5A grounding limit applies in T8"
uat_LV_ground_limit,5,A,6.9kV LV,UAT LV grounding,"UAT Data Sheet_South.pdf; matlab/data/ashuganj_transformers.m:225 note; plan Task8 interface",SOURCE/PRIMARY,"LV ground-current limit for zero-seq contribution; T8 defines path"
gat_Z_PS,12.0,percent,25MVA 230/6.9kV,GAT inside UAT docs (no standalone doc),"UAT Data Sheet_South.pdf plus UAT Nameplate_South.pdf (S/N 100580); matlab/data/ashuganj_transformers.m:294-296",SOURCE/PRIMARY,"YNyn0+d11 Z_PS HV-LV principal tap 13; pairwise only - T8 tertiary decision"
gat_R,0.5,percent,25MVA 230/6.9kV,GAT inside UAT docs (no standalone doc),"UAT Data Sheet_South.pdf plus UAT Nameplate_South.pdf; matlab/data/ashuganj_transformers.m:297-298",SOURCE/PRIMARY,"Approx pairwise value; T8 decides approximation plus sensitivity"
gat_Z0,10.8,percent,25MVA 230/6.9kV,GAT inside UAT docs (no standalone doc),"UAT Data Sheet_South.pdf plus UAT Nameplate_South.pdf; matlab/data/ashuganj_transformers.m:299-300",SOURCE/PRIMARY,"Pairwise incomplete - T8 decides 3-winding model vs justified approximation"
gat_Z_PT,,percent,25MVA 230/3.32kV,,matlab/data/ashuganj_transformers.m:301-302,MISSING,"HV-tertiary MISSING; T8 forbids silently reusing 2-winding LF abstraction"
gat_Z_ST,,percent,25MVA 6.9/3.32kV,,matlab/data/ashuganj_transformers.m:303-304,MISSING,"LV-tertiary MISSING; T8 requires tertiary-grounding sensitivity"
grid_Ik_50kA,50,kA,230kV,Siemens estimate s2.4 GRID,"Generator Data_South.pdf p.2/report p.7 s2.4; matlab/data/ashuganj_grid.m:68-74; PHASE3_FINAL_REPORT.md:73",ENGINEERING_ASSUMPTION,"ESTIMATED primary fault-study candidate ONLY; equipment 50kA ratings are separate"
grid_Ssc_50kA,19918.58,MVA,230kV 50kA,Siemens estimate derived,"matlab/data/ashuganj_grid.m:84-89; PHASE3_FINAL_REPORT.md:73",DERIVED,"Ssc = sqrt3*230kV*50kA arithmetic; input ESTIMATED so result inherits ESTIMATED confidence"
grid_Zmag_50kA,2.65581124,ohm,230kV 50kA,Siemens estimate derived,"matlab/data/ashuganj_grid.m:114-120; PHASE3_FINAL_REPORT.md:73",DERIVED,"|Z| = V^2/Ssc arithmetic; XN 2.66 separately reported never paired as exact R/X"
grid_R_50kA,0,ohm,230kV 50kA,Balanced-LF assumption Q1a,"matlab/data/ashuganj_grid.m:111-112; PHASE3_FINAL_REPORT.md:73",ENGINEERING_ASSUMPTION,"BALANCED LOAD-FLOW ASSUMPTION ONLY infinite X/R; must NOT carry into fault study"
grid_X_50kA,2.65581124,ohm,230kV 50kA,Siemens estimate derived,"matlab/data/ashuganj_grid.m:114-120; PHASE3_FINAL_REPORT.md:73",DERIVED,"X = |Z| since R=0 in LF profile; fault-study R/X resolved in Task10"
grid_XN_reported,2.66,ohm,230kV,Siemens estimate s2.4 rounded,"Generator Data_South.pdf p.2/report p.7 s2.4; matlab/data/ashuganj_grid.m:10-16",ENGINEERING_ASSUMPTION,"Separately-reported rounded estimate; never pair with |Z| as exact R/X pair"
grid_Ik_45kA,45.01,kA,230kV,Secondary dataset 2019 compilation,"Ashuganj_South_Final_Master_Data_and_Assumptions (1).md:524-543; REV3_1_DATA_RECONCILIATION.md:177-192; PHASE3_FINAL_REPORT.md:73",LEGACY,"QUALIFIED/SECONDARY sensitivity ONLY; never merged with 50kA set"
grid_XR_45kA,10.99,dimensionless,230kV 45kA,Secondary dataset 2019 compilation,"Ashuganj_South_Final_Master_Data_and_Assumptions (1).md:530; REV3_1_DATA_RECONCILIATION.md:187-190",LEGACY,"QUALIFIED/SECONDARY sensitivity ONLY; never combine 50kA with 10.99"
grid_Zmag_45kA_c1,2.950246,ohm,230kV 45kA c=1,Secondary profile derived,"PHASE3_FINAL_REPORT.md:73; docs/validation/rev31_phase3/phase3_sensitivity.md:60; matlab/studies/rev3_b1_derivations.m:267-275",DERIVED,"Derived inside secondary profile at c=1 ONLY; never mixed into primary"
grid_R_45kA_c1,0.267344,ohm,230kV 45kA c=1,Secondary profile derived,"PHASE3_FINAL_REPORT.md:73; docs/validation/rev31_phase3/phase3_sensitivity.md:60",DERIVED,"R = |Z|/sqrt(1+(X/R)^2) inside secondary profile ONLY"
grid_X_45kA_c1,2.938108,ohm,230kV 45kA c=1,Secondary profile derived,"PHASE3_FINAL_REPORT.md:73; docs/validation/rev31_phase3/phase3_sensitivity.md:60",DERIVED,"X = R*(X/R) inside secondary profile ONLY"
grid_Ssc_45kA,17930.71,MVA,230kV 45kA,Secondary profile derived,"PHASE3_FINAL_REPORT.md:73; docs/validation/rev31_phase3/phase3_sensitivity.md:60",DERIVED,"Secondary Ssc at c=1; circulating 3.25ohm needs c~1.10 and stays separate"
grid_Zcirc_3p25,3.25,ohm,230kV 45kA,Secondary circulating figure,"REV3_1_DATA_RECONCILIATION.md:189-190; PHASE3_FINAL_REPORT.md:73",LEGACY,"Consistent with 45.01kA ONLY at c~1.10 (3.24527ohm); reconciliation not proof; never primary"
prefault_LF360_GAT_OUT,360.00,MW,plant dispatch,Operating profiles primary,"matlab/data/ashuganj_operating_profiles.m:36; PHASE3_FINAL_REPORT.md prefault",SOURCE/PRIMARY,"PRIMARY_VERIFIED radial GAT OUT; primary EMF derivation pair with GAT_IN"
prefault_LF360_GAT_IN,360.00,MW,plant dispatch,Operating profiles primary,"matlab/data/ashuganj_operating_profiles.m:37; PHASE3_FINAL_REPORT.md prefault",SOURCE/PRIMARY,"PRIMARY_VERIFIED looped GAT IN; primary EMF derivation pair with GAT_OUT"
prefault_LF342_GAT_OUT,342.01,MW,plant dispatch,Operating profiles qualified,"matlab/data/ashuganj_operating_profiles.m:38; PHASE3_FINAL_REPORT.md prefault",ENGINEERING_ASSUMPTION,"PRIMARY_SOURCE_QUALIFIED owner derated radial; sensitivity/prefault alternative"
prefault_LF342_GAT_IN,342.01,MW,plant dispatch,Operating profiles qualified,"matlab/data/ashuganj_operating_profiles.m:39; PHASE3_FINAL_REPORT.md prefault",ENGINEERING_ASSUMPTION,"PRIMARY_SOURCE_QUALIFIED owner derated looped; sensitivity/prefault alternative"
prefault_LF389P30_GAT_OUT,389.30,MW,plant dispatch,Operating profiles historical,"matlab/data/ashuganj_operating_profiles.m:40; PHASE3_FINAL_REPORT.md prefault",HISTORICAL,"HISTORICAL approved_exception OEM PF-reference radial; aliases LF1"
prefault_LF389P30_GAT_IN,389.30,MW,plant dispatch,Operating profiles historical,"matlab/data/ashuganj_operating_profiles.m:41; PHASE3_FINAL_REPORT.md prefault",HISTORICAL,"HISTORICAL approved_exception OEM PF-reference looped; aliases LF2"
