Scenario,Location,Phase,Pre_RMS_A,Initial_RMS_A,Peak_A,Fundamental_RMS_A,Initial_window,Fundamental_window
bus_3ph,GIS230,A,0.000132651086312172,84607.5318599694,139096.281364994,49909.0208008599,full_initial_cycle_measured,full_post_fault_DFT_windows_measured
bus_3ph,GIS230,B,0.000132651079480391,59832.7041853051,103221.942321602,49877.6954264464,full_initial_cycle_measured,full_post_fault_DFT_windows_measured
bus_3ph,GIS230,C,0.000132651080789776,61428.2058633778,106745.884237602,49902.419446427,full_initial_cycle_measured,full_post_fault_DFT_windows_measured
charger_unavailable,GIS230,A,0.000132650989943338,,,,fault_not_enabled,fault_not_enabled
charger_unavailable,GIS230,B,0.000132650998637036,,,,fault_not_enabled,fault_not_enabled
charger_unavailable,GIS230,C,0.000132650995942702,,,,fault_not_enabled,fault_not_enabled
dc_late_recovery_bus_3ph,GIS230,A,0.000132651051244963,84607.5318599694,139096.281364994,49909.0208008599,full_initial_cycle_measured,full_post_fault_DFT_windows_measured
dc_late_recovery_bus_3ph,GIS230,B,0.000132651041326511,59832.7041853051,103221.942321602,49877.6954264464,full_initial_cycle_measured,full_post_fault_DFT_windows_measured
dc_late_recovery_bus_3ph,GIS230,C,0.000132651044156743,61428.2058633778,106745.884237602,49902.419446427,full_initial_cycle_measured,full_post_fault_DFT_windows_measured
dc_loss_bus_3ph,GIS230,A,0.000132651051244963,84607.5318599694,139096.281364994,49909.0208008599,full_initial_cycle_measured,full_post_fault_DFT_windows_measured
dc_loss_bus_3ph,GIS230,B,0.000132651041326511,59832.7041853051,103221.942321602,49877.6954264464,full_initial_cycle_measured,full_post_fault_DFT_windows_measured
dc_loss_bus_3ph,GIS230,C,0.000132651044156743,61428.2058633778,106745.884237602,49902.419446427,full_initial_cycle_measured,full_post_fault_DFT_windows_measured
dc_recovery_bus_3ph,GIS230,A,0.000132651051244963,84607.5318599694,139096.281364994,49909.0208008599,full_initial_cycle_measured,full_post_fault_DFT_windows_measured
dc_recovery_bus_3ph,GIS230,B,0.000132651041326511,59832.7041853051,103221.942321602,49877.6954264464,full_initial_cycle_measured,full_post_fault_DFT_windows_measured
dc_recovery_bus_3ph,GIS230,C,0.000132651044156743,61428.2058633778,106745.884237602,49902.419446427,full_initial_cycle_measured,full_post_fault_DFT_windows_measured
generator_3ph,GEN,A,1.2701724206462e-05,161825.749048291,277362.240305281,111300.091904641,full_initial_cycle_measured,full_post_fault_DFT_windows_measured
generator_3ph,GEN,B,1.27017238631866e-05,153836.442623736,260993.614034756,110889.377801017,full_initial_cycle_measured,full_post_fault_DFT_windows_measured
generator_3ph,GEN,C,1.27017255895622e-05,115037.362738933,186674.2749972,110177.396842326,full_initial_cycle_measured,full_post_fault_DFT_windows_measured
generator_slg,GEN,A,1.27017293001426e-05,7.27163301967909,10.3170826784667,7.2566700242709,full_initial_cycle_measured,full_post_fault_DFT_windows_measured
generator_slg,GEN,B,1.27017261088138e-05,2.22289058188157e-05,3.16891581175352e-05,2.19996360509893e-05,full_initial_cycle_measured,full_post_fault_DFT_windows_measured
generator_slg,GEN,C,1.27017249783685e-05,2.19488506481719e-05,3.15341620384089e-05,2.19918106096669e-05,full_initial_cycle_measured,full_post_fault_DFT_windows_measured
generator_slg_timed,GEN,A,1.27017293001426e-05,7.27163301967909,10.3170826784667,7.2566700242709,full_initial_cycle_measured,full_post_fault_DFT_windows_measured
generator_slg_timed,GEN,B,1.27017261088138e-05,2.22289058188157e-05,3.16891581175352e-05,2.19996360509893e-05,full_initial_cycle_measured,full_post_fault_DFT_windows_measured
generator_slg_timed,GEN,C,1.27017249783685e-05,2.19488506481719e-05,3.15341620384089e-05,2.19918106096669e-05,full_initial_cycle_measured,full_post_fault_DFT_windows_measured
grid_external_ll,GRID230,A,0.000132634129942068,0.000198696650109346,0.000282456699450713,0.000198203315810611,full_initial_cycle_measured,full_post_fault_DFT_windows_measured
grid_external_ll,GRID230,B,0.00013263412365358,45708.3628851076,66433.8874270337,45569.1566449052,full_initial_cycle_measured,full_post_fault_DFT_windows_measured
grid_external_ll,GRID230,C,0.000132634124892975,45708.2965122365,66433.7929985792,45569.090379698,full_initial_cycle_measured,full_post_fault_DFT_windows_measured
interactive_bus_trip,GIS230,A,0.000132651086312172,84607.5318599694,139096.281364994,49909.0208008599,full_initial_cycle_measured,full_post_fault_DFT_windows_measured
interactive_bus_trip,GIS230,B,0.000132651079480391,59832.7041853051,103221.942321602,49877.6954264464,full_initial_cycle_measured,full_post_fault_DFT_windows_measured
interactive_bus_trip,GIS230,C,0.000132651080789776,61428.2058633778,106745.884237602,49902.419446427,full_initial_cycle_measured,full_post_fault_DFT_windows_measured
line_slg,LINE230,A,0.00013264260281578,76473.8502823318,126029.68451369,45807.8041397919,full_initial_cycle_measured,full_post_fault_DFT_windows_measured
line_slg,LINE230,B,0.000132642596334614,0.000138859229049353,0.00019771849774358,0.000138619629186496,full_initial_cycle_measured,full_post_fault_DFT_windows_measured
line_slg,LINE230,C,0.000132642597541404,0.000140138105867075,0.000199810835445573,0.000139919972325363,full_initial_cycle_measured,full_post_fault_DFT_windows_measured
manual_bus_default,GIS230,A,0.000132833643467506,67600.4033980651,113811.503530713,46099.827517943,full_initial_cycle_measured,full_post_fault_DFT_windows_measured
manual_bus_default,GIS230,B,0.000132833588077406,51874.8297721863,86244.92009042,45720.9260503058,full_initial_cycle_measured,full_post_fault_DFT_windows_measured
manual_bus_default,GIS230,C,0.000132833595615687,51890.1483509247,91598.166943899,45798.2312970331,full_initial_cycle_measured,full_post_fault_DFT_windows_measured
manual_bus_delay_100ms,GIS230,A,0.000132833643467506,67600.4033980651,113811.503530713,46099.827517943,full_initial_cycle_measured,full_post_fault_DFT_windows_measured
manual_bus_delay_100ms,GIS230,B,0.000132833588077406,51874.8297721863,86244.92009042,45720.9260503058,full_initial_cycle_measured,full_post_fault_DFT_windows_measured
manual_bus_delay_100ms,GIS230,C,0.000132833595615687,51890.1483509247,91598.166943899,45798.2312970331,full_initial_cycle_measured,full_post_fault_DFT_windows_measured
normal,GIS230,A,0.000132650933643663,,,,fault_not_enabled,fault_not_enabled
normal,GIS230,B,0.000132650935442908,,,,fault_not_enabled,fault_not_enabled
normal,GIS230,C,0.000132650935830788,,,,fault_not_enabled,fault_not_enabled
protection_disabled,GIS230,A,0.000132651086312172,84607.5318599694,139096.281364994,49909.0208008599,full_initial_cycle_measured,full_post_fault_DFT_windows_measured
protection_disabled,GIS230,B,0.000132651079480391,59832.7041853051,103221.942321602,49877.6954264464,full_initial_cycle_measured,full_post_fault_DFT_windows_measured
protection_disabled,GIS230,C,0.000132651080789776,61428.2058633778,106745.884237602,49902.419446427,full_initial_cycle_measured,full_post_fault_DFT_windows_measured
reduced_180MW,GIS230,A,0.000132755983111674,,,,fault_not_enabled,fault_not_enabled
reduced_180MW,GIS230,B,0.000132755986039108,,,,fault_not_enabled,fault_not_enabled
reduced_180MW,GIS230,C,0.000132755985937256,,,,fault_not_enabled,fault_not_enabled
regression_170b59eb-0aae-4914-ad5a-d28ae9a55b35,GIS230,A,0.000132651086312172,84607.5318599694,139096.281364994,49909.0208008599,full_initial_cycle_measured,full_post_fault_DFT_windows_measured
regression_170b59eb-0aae-4914-ad5a-d28ae9a55b35,GIS230,B,0.000132651079480391,59832.7041853051,103221.942321602,49877.6954264464,full_initial_cycle_measured,full_post_fault_DFT_windows_measured
regression_170b59eb-0aae-4914-ad5a-d28ae9a55b35,GIS230,C,0.000132651080789776,61428.2058633778,106745.884237602,49902.419446427,full_initial_cycle_measured,full_post_fault_DFT_windows_measured
regression_1e668b9d-3bfe-4c4e-870d-d530b29fcb75,GIS230,A,0.000132833643467506,67600.4033980651,113811.503530713,46099.827517943,full_initial_cycle_measured,full_post_fault_DFT_windows_measured
regression_1e668b9d-3bfe-4c4e-870d-d530b29fcb75,GIS230,B,0.000132833588077406,51874.8297721863,86244.92009042,45720.9260503058,full_initial_cycle_measured,full_post_fault_DFT_windows_measured
regression_1e668b9d-3bfe-4c4e-870d-d530b29fcb75,GIS230,C,0.000132833595615687,51890.1483509247,91598.166943899,45798.2312970331,full_initial_cycle_measured,full_post_fault_DFT_windows_measured
reset_normal,GIS230,A,0.000132650989943338,,,,fault_not_enabled,fault_not_enabled
reset_normal,GIS230,B,0.000132650998637036,,,,fault_not_enabled,fault_not_enabled
reset_normal,GIS230,C,0.000132650995942702,,,,fault_not_enabled,fault_not_enabled
transformer_hv_llg,GSUT_HV,A,0.000132651173186535,0.000144030697380182,0.000205866679312531,0.000143522993972294,full_initial_cycle_measured,full_post_fault_DFT_windows_measured
transformer_hv_llg,GSUT_HV,B,0.000132651166473723,55099.6689000845,93964.9666202831,48204.9593817188,full_initial_cycle_measured,full_post_fault_DFT_windows_measured
transformer_hv_llg,GSUT_HV,C,0.000132651167743619,55468.8369162279,96386.8424592747,47818.2782105751,full_initial_cycle_measured,full_post_fault_DFT_windows_measured
transformer_lv_ll,GSUT_LV,A,1.27007863392802e-05,1.88842905174742e-05,2.77678005866706e-05,1.83457747238687e-05,full_initial_cycle_measured,full_post_fault_DFT_windows_measured
transformer_lv_ll,GSUT_LV,B,1.27007845535181e-05,109684.805693066,178494.887807138,98969.7497022883,full_initial_cycle_measured,full_post_fault_DFT_windows_measured
transformer_lv_ll,GSUT_LV,C,1.27007814798361e-05,109684.799624645,178494.878674204,98969.7436143713,full_initial_cycle_measured,full_post_fault_DFT_windows_measured
v4_gen_3ph,GEN,A,1.27018217422315e-05,156613.629251306,268549.106398621,107990.566539868,full_initial_cycle_measured,full_post_fault_DFT_windows_measured
v4_gen_3ph,GEN,B,1.27018073164206e-05,148663.484977641,252155.092423417,107569.041036212,full_initial_cycle_measured,full_post_fault_DFT_windows_measured
v4_gen_3ph,GEN,C,1.27017891349473e-05,111656.911069114,181814.939771751,106857.408694783,full_initial_cycle_measured,full_post_fault_DFT_windows_measured
v4_gsut_hv_3ph,GSUT_HV,A,0.000132833730096076,67597.3500852371,113806.864731305,46099.8470415162,full_initial_cycle_measured,full_post_fault_DFT_windows_measured
v4_gsut_hv_3ph,GSUT_HV,B,0.000132833674709327,51873.9100848539,86242.0498871066,45720.7975122126,full_initial_cycle_measured,full_post_fault_DFT_windows_measured
v4_gsut_hv_3ph,GSUT_HV,C,0.000132833682241819,51888.5725155009,91595.8562722724,45798.1411255807,full_initial_cycle_measured,full_post_fault_DFT_windows_measured
v4_line230_3ph,LINE230,A,0.000132825202254131,68238.0946494947,114869.545770274,46485.3455166793,full_initial_cycle_measured,full_post_fault_DFT_windows_measured
v4_line230_3ph,LINE230,B,0.000132825147940033,52336.0431987929,87047.4641350311,46106.789668933,full_initial_cycle_measured,full_post_fault_DFT_windows_measured
v4_line230_3ph,LINE230,C,0.000132825155446013,52353.7085273196,92399.7959223167,46184.5570028883,full_initial_cycle_measured,full_post_fault_DFT_windows_measured
v4_normal,GIS230,A,0.000132833862530295,,,,fault_not_enabled,fault_not_enabled
v4_normal,GIS230,B,0.000132833859686982,,,,fault_not_enabled,fault_not_enabled
v4_normal,GIS230,C,0.000132833856051966,,,,fault_not_enabled,fault_not_enabled
