System,Block,Left,Top,Right,Bottom
PHASE6_ASHUGANJ_CCPP_CLOSED_LOOP_TRIP,PHASE6_ASHUGANJ_CCPP_CLOSED_LOOP_TRIP/Auxiliaries,840,485,1060,595
PHASE6_ASHUGANJ_CCPP_CLOSED_LOOP_TRIP,PHASE6_ASHUGANJ_CCPP_CLOSED_LOOP_TRIP/Auxiliary kV,1570,651,1730,679
PHASE6_ASHUGANJ_CCPP_CLOSED_LOOP_TRIP,PHASE6_ASHUGANJ_CCPP_CLOSED_LOOP_TRIP/Battery SOC percent,1570,746,1730,774
PHASE6_ASHUGANJ_CCPP_CLOSED_LOOP_TRIP,PHASE6_ASHUGANJ_CCPP_CLOSED_LOOP_TRIP/Breaker Control,1140,1025,1360,1105
PHASE6_ASHUGANJ_CCPP_CLOSED_LOOP_TRIP,PHASE6_ASHUGANJ_CCPP_CLOSED_LOOP_TRIP/Bus voltage kV,1570,561,1730,589
PHASE6_ASHUGANJ_CCPP_CLOSED_LOOP_TRIP,PHASE6_ASHUGANJ_CCPP_CLOSED_LOOP_TRIP/DC Supply,830,1025,1050,1105
PHASE6_ASHUGANJ_CCPP_CLOSED_LOOP_TRIP,PHASE6_ASHUGANJ_CCPP_CLOSED_LOOP_TRIP/DC healthy,1570,791,1730,819
PHASE6_ASHUGANJ_CCPP_CLOSED_LOOP_TRIP,PHASE6_ASHUGANJ_CCPP_CLOSED_LOOP_TRIP/DC voltage V,1570,701,1730,729
PHASE6_ASHUGANJ_CCPP_CLOSED_LOOP_TRIP,PHASE6_ASHUGANJ_CCPP_CLOSED_LOOP_TRIP/Fault current kA,1570,881,1730,909
PHASE6_ASHUGANJ_CCPP_CLOSED_LOOP_TRIP,PHASE6_ASHUGANJ_CCPP_CLOSED_LOOP_TRIP/Frequency Hz,1570,471,1730,499
PHASE6_ASHUGANJ_CCPP_CLOSED_LOOP_TRIP,PHASE6_ASHUGANJ_CCPP_CLOSED_LOOP_TRIP/GCB closed,1570,931,1730,959
PHASE6_ASHUGANJ_CCPP_CLOSED_LOOP_TRIP,PHASE6_ASHUGANJ_CCPP_CLOSED_LOOP_TRIP/GCB command,290,662,420,688
PHASE6_ASHUGANJ_CCPP_CLOSED_LOOP_TRIP,PHASE6_ASHUGANJ_CCPP_CLOSED_LOOP_TRIP/Generator,430,795,610,915
PHASE6_ASHUGANJ_CCPP_CLOSED_LOOP_TRIP,PHASE6_ASHUGANJ_CCPP_CLOSED_LOOP_TRIP/Generator Breaker,480,645,560,705
PHASE6_ASHUGANJ_CCPP_CLOSED_LOOP_TRIP,PHASE6_ASHUGANJ_CCPP_CLOSED_LOOP_TRIP/Generator MVAr,1570,331,1730,359
PHASE6_ASHUGANJ_CCPP_CLOSED_LOOP_TRIP,PHASE6_ASHUGANJ_CCPP_CLOSED_LOOP_TRIP/Generator MW,1570,286,1730,314
PHASE6_ASHUGANJ_CCPP_CLOSED_LOOP_TRIP,PHASE6_ASHUGANJ_CCPP_CLOSED_LOOP_TRIP/Generator kA,1570,421,1730,449
PHASE6_ASHUGANJ_CCPP_CLOSED_LOOP_TRIP,PHASE6_ASHUGANJ_CCPP_CLOSED_LOOP_TRIP/Generator kV,1570,376,1730,404
PHASE6_ASHUGANJ_CCPP_CLOSED_LOOP_TRIP,PHASE6_ASHUGANJ_CCPP_CLOSED_LOOP_TRIP/Grid,1210,120,1370,210
PHASE6_ASHUGANJ_CCPP_CLOSED_LOOP_TRIP,PHASE6_ASHUGANJ_CCPP_CLOSED_LOOP_TRIP/Grid current kA,1570,606,1730,634
PHASE6_ASHUGANJ_CCPP_CLOSED_LOOP_TRIP,PHASE6_ASHUGANJ_CCPP_CLOSED_LOOP_TRIP/Line local closed,1570,1021,1730,1049
PHASE6_ASHUGANJ_CCPP_CLOSED_LOOP_TRIP,PHASE6_ASHUGANJ_CCPP_CLOSED_LOOP_TRIP/Line remote closed,1570,1066,1730,1094
PHASE6_ASHUGANJ_CCPP_CLOSED_LOOP_TRIP,PHASE6_ASHUGANJ_CCPP_CLOSED_LOOP_TRIP/Live Meter Signals,1430,297,1450,1118
PHASE6_ASHUGANJ_CCPP_CLOSED_LOOP_TRIP,PHASE6_ASHUGANJ_CCPP_CLOSED_LOOP_TRIP/Live Three Phase Measurements,830,855,1050,920
PHASE6_ASHUGANJ_CCPP_CLOSED_LOOP_TRIP,PHASE6_ASHUGANJ_CCPP_CLOSED_LOOP_TRIP/Measurements,830,735,1050,815
PHASE6_ASHUGANJ_CCPP_CLOSED_LOOP_TRIP,PHASE6_ASHUGANJ_CCPP_CLOSED_LOOP_TRIP/Protection,430,1025,650,1105
PHASE6_ASHUGANJ_CCPP_CLOSED_LOOP_TRIP,PHASE6_ASHUGANJ_CCPP_CLOSED_LOOP_TRIP/Q0 closed,1570,976,1730,1004
PHASE6_ASHUGANJ_CCPP_CLOSED_LOOP_TRIP,PHASE6_ASHUGANJ_CCPP_CLOSED_LOOP_TRIP/Relay trip,1570,836,1730,864
PHASE6_ASHUGANJ_CCPP_CLOSED_LOOP_TRIP,PHASE6_ASHUGANJ_CCPP_CLOSED_LOOP_TRIP/Results,1140,735,1360,815
PHASE6_ASHUGANJ_CCPP_CLOSED_LOOP_TRIP,PHASE6_ASHUGANJ_CCPP_CLOSED_LOOP_TRIP/Scenario,45,165,265,230
PHASE6_ASHUGANJ_CCPP_CLOSED_LOOP_TRIP,PHASE6_ASHUGANJ_CCPP_CLOSED_LOOP_TRIP/Switchyard,430,122,620,213
PHASE6_ASHUGANJ_CCPP_CLOSED_LOOP_TRIP,PHASE6_ASHUGANJ_CCPP_CLOSED_LOOP_TRIP/Transformer,440,345,600,465
PHASE6_ASHUGANJ_CCPP_CLOSED_LOOP_TRIP,PHASE6_ASHUGANJ_CCPP_CLOSED_LOOP_TRIP/Transformer HV kA,1570,516,1730,544
PHASE6_ASHUGANJ_CCPP_CLOSED_LOOP_TRIP,PHASE6_ASHUGANJ_CCPP_CLOSED_LOOP_TRIP/Transmission Line,830,120,1030,210
PHASE6_ASHUGANJ_CCPP_CLOSED_LOOP_TRIP,PHASE6_ASHUGANJ_CCPP_CLOSED_LOOP_TRIP/Turbine and AVR,50,1025,280,1105
PHASE6_ASHUGANJ_CCPP_CLOSED_LOOP_TRIP,PHASE6_ASHUGANJ_CCPP_CLOSED_LOOP_TRIP/powergui,55,45,185,85
PHASE6_ASHUGANJ_CCPP_CLOSED_LOOP_TRIP/Generator,PHASE6_ASHUGANJ_CCPP_CLOSED_LOOP_TRIP/Generator/Field voltage input,130,65,230,95
PHASE6_ASHUGANJ_CCPP_CLOSED_LOOP_TRIP/Generator,PHASE6_ASHUGANJ_CCPP_CLOSED_LOOP_TRIP/Generator/Generator fault,310,542,370,598
PHASE6_ASHUGANJ_CCPP_CLOSED_LOOP_TRIP/Generator,PHASE6_ASHUGANJ_CCPP_CLOSED_LOOP_TRIP/Generator/Generator fault measurement,310,337,370,393
PHASE6_ASHUGANJ_CCPP_CLOSED_LOOP_TRIP/Generator,PHASE6_ASHUGANJ_CCPP_CLOSED_LOOP_TRIP/Generator/Generator fault measurement current,300,300,420,320
PHASE6_ASHUGANJ_CCPP_CLOSED_LOOP_TRIP/Generator,PHASE6_ASHUGANJ_CCPP_CLOSED_LOOP_TRIP/Generator/Generator fault measurement voltage,300,265,420,285
PHASE6_ASHUGANJ_CCPP_CLOSED_LOOP_TRIP/Generator,PHASE6_ASHUGANJ_CCPP_CLOSED_LOOP_TRIP/Generator/Generator inner CT,270,172,320,248
PHASE6_ASHUGANJ_CCPP_CLOSED_LOOP_TRIP/Generator,PHASE6_ASHUGANJ_CCPP_CLOSED_LOOP_TRIP/Generator/Generator inner CT current,290,140,410,160
PHASE6_ASHUGANJ_CCPP_CLOSED_LOOP_TRIP/Generator,PHASE6_ASHUGANJ_CCPP_CLOSED_LOOP_TRIP/Generator/Generator inner CT voltage,290,115,410,135
PHASE6_ASHUGANJ_CCPP_CLOSED_LOOP_TRIP/Generator,PHASE6_ASHUGANJ_CCPP_CLOSED_LOOP_TRIP/Generator/Generator terminal CT,425,172,475,248
PHASE6_ASHUGANJ_CCPP_CLOSED_LOOP_TRIP/Generator,PHASE6_ASHUGANJ_CCPP_CLOSED_LOOP_TRIP/Generator/Generator terminal CT current,445,140,565,160
PHASE6_ASHUGANJ_CCPP_CLOSED_LOOP_TRIP/Generator,PHASE6_ASHUGANJ_CCPP_CLOSED_LOOP_TRIP/Generator/Generator terminal CT voltage,445,115,565,135
PHASE6_ASHUGANJ_CCPP_CLOSED_LOOP_TRIP/Generator,PHASE6_ASHUGANJ_CCPP_CLOSED_LOOP_TRIP/Generator/Machine states,260,87,390,113
PHASE6_ASHUGANJ_CCPP_CLOSED_LOOP_TRIP/Generator,PHASE6_ASHUGANJ_CCPP_CLOSED_LOOP_TRIP/Generator/Machine zero-sequence equivalent,400,405,510,465
PHASE6_ASHUGANJ_CCPP_CLOSED_LOOP_TRIP/Generator,PHASE6_ASHUGANJ_CCPP_CLOSED_LOOP_TRIP/Generator/Mechanical power input,10,65,110,95
PHASE6_ASHUGANJ_CCPP_CLOSED_LOOP_TRIP/Generator,PHASE6_ASHUGANJ_CCPP_CLOSED_LOOP_TRIP/Generator/Neutral current,545,414,575,441
PHASE6_ASHUGANJ_CCPP_CLOSED_LOOP_TRIP/Generator,PHASE6_ASHUGANJ_CCPP_CLOSED_LOOP_TRIP/Generator/Neutral current tag,705,607,815,633
PHASE6_ASHUGANJ_CCPP_CLOSED_LOOP_TRIP/Generator,PHASE6_ASHUGANJ_CCPP_CLOSED_LOOP_TRIP/Generator/Neutral current vector,650,584,655,656
PHASE6_ASHUGANJ_CCPP_CLOSED_LOOP_TRIP/Generator,PHASE6_ASHUGANJ_CCPP_CLOSED_LOOP_TRIP/Generator/Neutral earth,735,440,755,460
PHASE6_ASHUGANJ_CCPP_CLOSED_LOOP_TRIP/Generator,PHASE6_ASHUGANJ_CCPP_CLOSED_LOOP_TRIP/Generator/Neutral padding,550,542,610,568
PHASE6_ASHUGANJ_CCPP_CLOSED_LOOP_TRIP/Generator,PHASE6_ASHUGANJ_CCPP_CLOSED_LOOP_TRIP/Generator/Neutral resistor,620,437,685,473
PHASE6_ASHUGANJ_CCPP_CLOSED_LOOP_TRIP/Generator,PHASE6_ASHUGANJ_CCPP_CLOSED_LOOP_TRIP/Generator/Neutral voltage tag,660,537,775,563
PHASE6_ASHUGANJ_CCPP_CLOSED_LOOP_TRIP/Generator,PHASE6_ASHUGANJ_CCPP_CLOSED_LOOP_TRIP/Generator/Numerical terminal shunt,250,430,340,495
PHASE6_ASHUGANJ_CCPP_CLOSED_LOOP_TRIP/Generator,PHASE6_ASHUGANJ_CCPP_CLOSED_LOOP_TRIP/Generator/Synchronous machine,70,172,210,313
PHASE6_ASHUGANJ_CCPP_CLOSED_LOOP_TRIP/Generator,PHASE6_ASHUGANJ_CCPP_CLOSED_LOOP_TRIP/Generator/Zero,555,665,610,685
PHASE6_ASHUGANJ_CCPP_CLOSED_LOOP_TRIP/Generator,PHASE6_ASHUGANJ_CCPP_CLOSED_LOOP_TRIP/Generator/22 kV A,630,170,650,190
PHASE6_ASHUGANJ_CCPP_CLOSED_LOOP_TRIP/Generator,PHASE6_ASHUGANJ_CCPP_CLOSED_LOOP_TRIP/Generator/22 kV B,630,205,650,225
PHASE6_ASHUGANJ_CCPP_CLOSED_LOOP_TRIP/Generator,PHASE6_ASHUGANJ_CCPP_CLOSED_LOOP_TRIP/Generator/22 kV C,630,240,650,260
PHASE6_ASHUGANJ_CCPP_CLOSED_LOOP_TRIP/Transformer,PHASE6_ASHUGANJ_CCPP_CLOSED_LOOP_TRIP/Transformer/GSUT 10BAT10,290,220,390,315
PHASE6_ASHUGANJ_CCPP_CLOSED_LOOP_TRIP/Transformer,PHASE6_ASHUGANJ_CCPP_CLOSED_LOOP_TRIP/Transformer/HV CT,180,87,230,153
PHASE6_ASHUGANJ_CCPP_CLOSED_LOOP_TRIP/Transformer,PHASE6_ASHUGANJ_CCPP_CLOSED_LOOP_TRIP/Transformer/HV CT current,200,55,320,75
PHASE6_ASHUGANJ_CCPP_CLOSED_LOOP_TRIP/Transformer,PHASE6_ASHUGANJ_CCPP_CLOSED_LOOP_TRIP/Transformer/HV CT voltage,200,30,320,50
PHASE6_ASHUGANJ_CCPP_CLOSED_LOOP_TRIP/Transformer,PHASE6_ASHUGANJ_CCPP_CLOSED_LOOP_TRIP/Transformer/HV winding equivalent fault,510,162,570,218
PHASE6_ASHUGANJ_CCPP_CLOSED_LOOP_TRIP/Transformer,PHASE6_ASHUGANJ_CCPP_CLOSED_LOOP_TRIP/Transformer/HV winding equivalent fault measurement,370,72,430,128
PHASE6_ASHUGANJ_CCPP_CLOSED_LOOP_TRIP/Transformer,PHASE6_ASHUGANJ_CCPP_CLOSED_LOOP_TRIP/Transformer/HV winding equivalent fault measurement current,390,40,510,60
PHASE6_ASHUGANJ_CCPP_CLOSED_LOOP_TRIP/Transformer,PHASE6_ASHUGANJ_CCPP_CLOSED_LOOP_TRIP/Transformer/HV winding equivalent fault measurement voltage,390,15,510,35
PHASE6_ASHUGANJ_CCPP_CLOSED_LOOP_TRIP/Transformer,PHASE6_ASHUGANJ_CCPP_CLOSED_LOOP_TRIP/Transformer/LV CT,480,365,530,425
PHASE6_ASHUGANJ_CCPP_CLOSED_LOOP_TRIP/Transformer,PHASE6_ASHUGANJ_CCPP_CLOSED_LOOP_TRIP/Transformer/LV CT current,500,335,620,355
PHASE6_ASHUGANJ_CCPP_CLOSED_LOOP_TRIP/Transformer,PHASE6_ASHUGANJ_CCPP_CLOSED_LOOP_TRIP/Transformer/LV CT voltage,500,310,620,330
PHASE6_ASHUGANJ_CCPP_CLOSED_LOOP_TRIP/Transformer,PHASE6_ASHUGANJ_CCPP_CLOSED_LOOP_TRIP/Transformer/LV connection fault,480,547,535,603
PHASE6_ASHUGANJ_CCPP_CLOSED_LOOP_TRIP/Transformer,PHASE6_ASHUGANJ_CCPP_CLOSED_LOOP_TRIP/Transformer/LV connection fault measurement,340,457,395,513
PHASE6_ASHUGANJ_CCPP_CLOSED_LOOP_TRIP/Transformer,PHASE6_ASHUGANJ_CCPP_CLOSED_LOOP_TRIP/Transformer/LV connection fault measurement current,360,425,480,445
PHASE6_ASHUGANJ_CCPP_CLOSED_LOOP_TRIP/Transformer,PHASE6_ASHUGANJ_CCPP_CLOSED_LOOP_TRIP/Transformer/LV connection fault measurement voltage,360,400,480,420
PHASE6_ASHUGANJ_CCPP_CLOSED_LOOP_TRIP/Transformer,PHASE6_ASHUGANJ_CCPP_CLOSED_LOOP_TRIP/Transformer/230 kV A,70,85,90,105
PHASE6_ASHUGANJ_CCPP_CLOSED_LOOP_TRIP/Transformer,PHASE6_ASHUGANJ_CCPP_CLOSED_LOOP_TRIP/Transformer/230 kV B,70,120,90,140
PHASE6_ASHUGANJ_CCPP_CLOSED_LOOP_TRIP/Transformer,PHASE6_ASHUGANJ_CCPP_CLOSED_LOOP_TRIP/Transformer/230 kV C,70,155,90,175
PHASE6_ASHUGANJ_CCPP_CLOSED_LOOP_TRIP/Transformer,PHASE6_ASHUGANJ_CCPP_CLOSED_LOOP_TRIP/Transformer/22 kV A,650,365,670,385
PHASE6_ASHUGANJ_CCPP_CLOSED_LOOP_TRIP/Transformer,PHASE6_ASHUGANJ_CCPP_CLOSED_LOOP_TRIP/Transformer/22 kV B,650,400,670,420
PHASE6_ASHUGANJ_CCPP_CLOSED_LOOP_TRIP/Transformer,PHASE6_ASHUGANJ_CCPP_CLOSED_LOOP_TRIP/Transformer/22 kV C,650,435,670,455
PHASE6_ASHUGANJ_CCPP_CLOSED_LOOP_TRIP/Switchyard,PHASE6_ASHUGANJ_CCPP_CLOSED_LOOP_TRIP/Switchyard/Bus incoming CT,255,165,305,245
PHASE6_ASHUGANJ_CCPP_CLOSED_LOOP_TRIP/Switchyard,PHASE6_ASHUGANJ_CCPP_CLOSED_LOOP_TRIP/Switchyard/Bus incoming CT current,275,135,395,155
PHASE6_ASHUGANJ_CCPP_CLOSED_LOOP_TRIP/Switchyard,PHASE6_ASHUGANJ_CCPP_CLOSED_LOOP_TRIP/Switchyard/Bus incoming CT voltage,275,110,395,130
PHASE6_ASHUGANJ_CCPP_CLOSED_LOOP_TRIP/Switchyard,PHASE6_ASHUGANJ_CCPP_CLOSED_LOOP_TRIP/Switchyard/GAT feeder CT,570,345,620,415
PHASE6_ASHUGANJ_CCPP_CLOSED_LOOP_TRIP/Switchyard,PHASE6_ASHUGANJ_CCPP_CLOSED_LOOP_TRIP/Switchyard/GAT feeder CT current,590,315,710,335
PHASE6_ASHUGANJ_CCPP_CLOSED_LOOP_TRIP/Switchyard,PHASE6_ASHUGANJ_CCPP_CLOSED_LOOP_TRIP/Switchyard/GAT feeder CT voltage,590,290,710,310
PHASE6_ASHUGANJ_CCPP_CLOSED_LOOP_TRIP/Switchyard,PHASE6_ASHUGANJ_CCPP_CLOSED_LOOP_TRIP/Switchyard/GIS bus fault,455,522,515,578
PHASE6_ASHUGANJ_CCPP_CLOSED_LOOP_TRIP/Switchyard,PHASE6_ASHUGANJ_CCPP_CLOSED_LOOP_TRIP/Switchyard/GIS bus fault measurement,315,432,375,488
PHASE6_ASHUGANJ_CCPP_CLOSED_LOOP_TRIP/Switchyard,PHASE6_ASHUGANJ_CCPP_CLOSED_LOOP_TRIP/Switchyard/GIS bus fault measurement current,335,400,455,420
PHASE6_ASHUGANJ_CCPP_CLOSED_LOOP_TRIP/Switchyard,PHASE6_ASHUGANJ_CCPP_CLOSED_LOOP_TRIP/Switchyard/GIS bus fault measurement voltage,335,375,455,395
PHASE6_ASHUGANJ_CCPP_CLOSED_LOOP_TRIP/Switchyard,PHASE6_ASHUGANJ_CCPP_CLOSED_LOOP_TRIP/Switchyard/GSUT breaker Q0,140,165,210,245
PHASE6_ASHUGANJ_CCPP_CLOSED_LOOP_TRIP/Switchyard,PHASE6_ASHUGANJ_CCPP_CLOSED_LOOP_TRIP/Switchyard/Line feeder CT,570,97,620,173
PHASE6_ASHUGANJ_CCPP_CLOSED_LOOP_TRIP/Switchyard,PHASE6_ASHUGANJ_CCPP_CLOSED_LOOP_TRIP/Switchyard/Line feeder CT current,590,65,710,85
PHASE6_ASHUGANJ_CCPP_CLOSED_LOOP_TRIP/Switchyard,PHASE6_ASHUGANJ_CCPP_CLOSED_LOOP_TRIP/Switchyard/Line feeder CT voltage,590,40,710,60
PHASE6_ASHUGANJ_CCPP_CLOSED_LOOP_TRIP/Switchyard,PHASE6_ASHUGANJ_CCPP_CLOSED_LOOP_TRIP/Switchyard/Q0 command,20,122,125,148
PHASE6_ASHUGANJ_CCPP_CLOSED_LOOP_TRIP/Switchyard,PHASE6_ASHUGANJ_CCPP_CLOSED_LOOP_TRIP/Switchyard/GSUT A,40,195,60,215
PHASE6_ASHUGANJ_CCPP_CLOSED_LOOP_TRIP/Switchyard,PHASE6_ASHUGANJ_CCPP_CLOSED_LOOP_TRIP/Switchyard/GSUT B,40,230,60,250
PHASE6_ASHUGANJ_CCPP_CLOSED_LOOP_TRIP/Switchyard,PHASE6_ASHUGANJ_CCPP_CLOSED_LOOP_TRIP/Switchyard/GSUT C,40,265,60,285
PHASE6_ASHUGANJ_CCPP_CLOSED_LOOP_TRIP/Switchyard,PHASE6_ASHUGANJ_CCPP_CLOSED_LOOP_TRIP/Switchyard/Line A,740,115,760,135
PHASE6_ASHUGANJ_CCPP_CLOSED_LOOP_TRIP/Switchyard,PHASE6_ASHUGANJ_CCPP_CLOSED_LOOP_TRIP/Switchyard/Line B,740,150,760,170
PHASE6_ASHUGANJ_CCPP_CLOSED_LOOP_TRIP/Switchyard,PHASE6_ASHUGANJ_CCPP_CLOSED_LOOP_TRIP/Switchyard/Line C,740,185,760,205
PHASE6_ASHUGANJ_CCPP_CLOSED_LOOP_TRIP/Switchyard,PHASE6_ASHUGANJ_CCPP_CLOSED_LOOP_TRIP/Switchyard/GAT A,740,365,760,385
PHASE6_ASHUGANJ_CCPP_CLOSED_LOOP_TRIP/Switchyard,PHASE6_ASHUGANJ_CCPP_CLOSED_LOOP_TRIP/Switchyard/GAT B,740,400,760,420
PHASE6_ASHUGANJ_CCPP_CLOSED_LOOP_TRIP/Switchyard,PHASE6_ASHUGANJ_CCPP_CLOSED_LOOP_TRIP/Switchyard/GAT C,740,435,760,455
PHASE6_ASHUGANJ_CCPP_CLOSED_LOOP_TRIP/Transmission Line,PHASE6_ASHUGANJ_CCPP_CLOSED_LOOP_TRIP/Transmission Line/Circuit 1 - plant half,365,112,475,188
PHASE6_ASHUGANJ_CCPP_CLOSED_LOOP_TRIP/Transmission Line,PHASE6_ASHUGANJ_CCPP_CLOSED_LOOP_TRIP/Transmission Line/Circuit 1 - remote half,600,112,710,188
PHASE6_ASHUGANJ_CCPP_CLOSED_LOOP_TRIP/Transmission Line,PHASE6_ASHUGANJ_CCPP_CLOSED_LOOP_TRIP/Transmission Line/Circuit 2 - plant half,365,452,475,528
PHASE6_ASHUGANJ_CCPP_CLOSED_LOOP_TRIP/Transmission Line,PHASE6_ASHUGANJ_CCPP_CLOSED_LOOP_TRIP/Transmission Line/Circuit 2 - remote half,600,452,710,528
PHASE6_ASHUGANJ_CCPP_CLOSED_LOOP_TRIP/Transmission Line,PHASE6_ASHUGANJ_CCPP_CLOSED_LOOP_TRIP/Transmission Line/Line midpoint fault,585,342,640,398
PHASE6_ASHUGANJ_CCPP_CLOSED_LOOP_TRIP/Transmission Line,PHASE6_ASHUGANJ_CCPP_CLOSED_LOOP_TRIP/Transmission Line/Line midpoint fault measurement,445,252,500,308
PHASE6_ASHUGANJ_CCPP_CLOSED_LOOP_TRIP/Transmission Line,PHASE6_ASHUGANJ_CCPP_CLOSED_LOOP_TRIP/Transmission Line/Line midpoint fault measurement current,465,220,585,240
PHASE6_ASHUGANJ_CCPP_CLOSED_LOOP_TRIP/Transmission Line,PHASE6_ASHUGANJ_CCPP_CLOSED_LOOP_TRIP/Transmission Line/Line midpoint fault measurement voltage,465,195,585,215
PHASE6_ASHUGANJ_CCPP_CLOSED_LOOP_TRIP/Transmission Line,PHASE6_ASHUGANJ_CCPP_CLOSED_LOOP_TRIP/Transmission Line/LineLocal command,-5,202,100,228
PHASE6_ASHUGANJ_CCPP_CLOSED_LOOP_TRIP/Transmission Line,PHASE6_ASHUGANJ_CCPP_CLOSED_LOOP_TRIP/Transmission Line/LineRemote command,980,357,1110,383
PHASE6_ASHUGANJ_CCPP_CLOSED_LOOP_TRIP/Transmission Line,PHASE6_ASHUGANJ_CCPP_CLOSED_LOOP_TRIP/Transmission Line/Local line CT,225,240,275,320
PHASE6_ASHUGANJ_CCPP_CLOSED_LOOP_TRIP/Transmission Line,PHASE6_ASHUGANJ_CCPP_CLOSED_LOOP_TRIP/Transmission Line/Local line CT current,245,210,365,230
PHASE6_ASHUGANJ_CCPP_CLOSED_LOOP_TRIP/Transmission Line,PHASE6_ASHUGANJ_CCPP_CLOSED_LOOP_TRIP/Transmission Line/Local line CT voltage,245,185,365,205
PHASE6_ASHUGANJ_CCPP_CLOSED_LOOP_TRIP/Transmission Line,PHASE6_ASHUGANJ_CCPP_CLOSED_LOOP_TRIP/Transmission Line/Local line breaker,115,247,180,323
PHASE6_ASHUGANJ_CCPP_CLOSED_LOOP_TRIP/Transmission Line,PHASE6_ASHUGANJ_CCPP_CLOSED_LOOP_TRIP/Transmission Line/Remote line CT,840,240,890,320
PHASE6_ASHUGANJ_CCPP_CLOSED_LOOP_TRIP/Transmission Line,PHASE6_ASHUGANJ_CCPP_CLOSED_LOOP_TRIP/Transmission Line/Remote line CT current,860,210,980,230
PHASE6_ASHUGANJ_CCPP_CLOSED_LOOP_TRIP/Transmission Line,PHASE6_ASHUGANJ_CCPP_CLOSED_LOOP_TRIP/Transmission Line/Remote line CT voltage,860,185,980,205
PHASE6_ASHUGANJ_CCPP_CLOSED_LOOP_TRIP/Transmission Line,PHASE6_ASHUGANJ_CCPP_CLOSED_LOOP_TRIP/Transmission Line/Remote line breaker,965,247,1030,323
PHASE6_ASHUGANJ_CCPP_CLOSED_LOOP_TRIP/Transmission Line,PHASE6_ASHUGANJ_CCPP_CLOSED_LOOP_TRIP/Transmission Line/Plant A,30,260,50,280
PHASE6_ASHUGANJ_CCPP_CLOSED_LOOP_TRIP/Transmission Line,PHASE6_ASHUGANJ_CCPP_CLOSED_LOOP_TRIP/Transmission Line/Plant B,30,295,50,315
PHASE6_ASHUGANJ_CCPP_CLOSED_LOOP_TRIP/Transmission Line,PHASE6_ASHUGANJ_CCPP_CLOSED_LOOP_TRIP/Transmission Line/Plant C,30,330,50,350
PHASE6_ASHUGANJ_CCPP_CLOSED_LOOP_TRIP/Transmission Line,PHASE6_ASHUGANJ_CCPP_CLOSED_LOOP_TRIP/Transmission Line/Remote A,1130,260,1150,280
PHASE6_ASHUGANJ_CCPP_CLOSED_LOOP_TRIP/Transmission Line,PHASE6_ASHUGANJ_CCPP_CLOSED_LOOP_TRIP/Transmission Line/Remote B,1130,295,1150,315
PHASE6_ASHUGANJ_CCPP_CLOSED_LOOP_TRIP/Transmission Line,PHASE6_ASHUGANJ_CCPP_CLOSED_LOOP_TRIP/Transmission Line/Remote C,1130,330,1150,350
PHASE6_ASHUGANJ_CCPP_CLOSED_LOOP_TRIP/Grid,PHASE6_ASHUGANJ_CCPP_CLOSED_LOOP_TRIP/Grid/Grid CT and VT,125,155,180,225
PHASE6_ASHUGANJ_CCPP_CLOSED_LOOP_TRIP/Grid,PHASE6_ASHUGANJ_CCPP_CLOSED_LOOP_TRIP/Grid/Grid CT and VT current,145,125,265,145
PHASE6_ASHUGANJ_CCPP_CLOSED_LOOP_TRIP/Grid,PHASE6_ASHUGANJ_CCPP_CLOSED_LOOP_TRIP/Grid/Grid CT and VT voltage,145,100,265,120
PHASE6_ASHUGANJ_CCPP_CLOSED_LOOP_TRIP/Grid,PHASE6_ASHUGANJ_CCPP_CLOSED_LOOP_TRIP/Grid/Grid sequence impedance,300,155,420,225
PHASE6_ASHUGANJ_CCPP_CLOSED_LOOP_TRIP/Grid,PHASE6_ASHUGANJ_CCPP_CLOSED_LOOP_TRIP/Grid/PGCB voltage source,515,150,625,230
PHASE6_ASHUGANJ_CCPP_CLOSED_LOOP_TRIP/Grid,PHASE6_ASHUGANJ_CCPP_CLOSED_LOOP_TRIP/Grid/Remote bus fault,315,407,375,463
PHASE6_ASHUGANJ_CCPP_CLOSED_LOOP_TRIP/Grid,PHASE6_ASHUGANJ_CCPP_CLOSED_LOOP_TRIP/Grid/Remote bus fault measurement,175,317,235,373
PHASE6_ASHUGANJ_CCPP_CLOSED_LOOP_TRIP/Grid,PHASE6_ASHUGANJ_CCPP_CLOSED_LOOP_TRIP/Grid/Remote bus fault measurement current,195,285,315,305
PHASE6_ASHUGANJ_CCPP_CLOSED_LOOP_TRIP/Grid,PHASE6_ASHUGANJ_CCPP_CLOSED_LOOP_TRIP/Grid/Remote bus fault measurement voltage,195,260,315,280
PHASE6_ASHUGANJ_CCPP_CLOSED_LOOP_TRIP/Grid,PHASE6_ASHUGANJ_CCPP_CLOSED_LOOP_TRIP/Grid/230 kV A,25,180,45,200
PHASE6_ASHUGANJ_CCPP_CLOSED_LOOP_TRIP/Grid,PHASE6_ASHUGANJ_CCPP_CLOSED_LOOP_TRIP/Grid/230 kV B,25,215,45,235
PHASE6_ASHUGANJ_CCPP_CLOSED_LOOP_TRIP/Grid,PHASE6_ASHUGANJ_CCPP_CLOSED_LOOP_TRIP/Grid/230 kV C,25,250,45,270
PHASE6_ASHUGANJ_CCPP_CLOSED_LOOP_TRIP/Auxiliaries,PHASE6_ASHUGANJ_CCPP_CLOSED_LOOP_TRIP/Auxiliaries/Auxiliary bus CT and VT,375,377,430,453
PHASE6_ASHUGANJ_CCPP_CLOSED_LOOP_TRIP/Auxiliaries,PHASE6_ASHUGANJ_CCPP_CLOSED_LOOP_TRIP/Auxiliaries/Auxiliary bus CT and VT current,395,345,515,365
PHASE6_ASHUGANJ_CCPP_CLOSED_LOOP_TRIP/Auxiliaries,PHASE6_ASHUGANJ_CCPP_CLOSED_LOOP_TRIP/Auxiliaries/Auxiliary bus CT and VT voltage,395,320,515,340
PHASE6_ASHUGANJ_CCPP_CLOSED_LOOP_TRIP/Auxiliaries,PHASE6_ASHUGANJ_CCPP_CLOSED_LOOP_TRIP/Auxiliaries/Auxiliary bus fault,855,482,915,538
PHASE6_ASHUGANJ_CCPP_CLOSED_LOOP_TRIP/Auxiliaries,PHASE6_ASHUGANJ_CCPP_CLOSED_LOOP_TRIP/Auxiliaries/Auxiliary bus fault measurement,715,392,775,448
PHASE6_ASHUGANJ_CCPP_CLOSED_LOOP_TRIP/Auxiliaries,PHASE6_ASHUGANJ_CCPP_CLOSED_LOOP_TRIP/Auxiliaries/Auxiliary bus fault measurement current,735,360,855,380
PHASE6_ASHUGANJ_CCPP_CLOSED_LOOP_TRIP/Auxiliaries,PHASE6_ASHUGANJ_CCPP_CLOSED_LOOP_TRIP/Auxiliaries/Auxiliary bus fault measurement voltage,735,335,855,355
PHASE6_ASHUGANJ_CCPP_CLOSED_LOOP_TRIP/Auxiliaries,PHASE6_ASHUGANJ_CCPP_CLOSED_LOOP_TRIP/Auxiliaries/GAT 10BBT20,604,195,701,290
PHASE6_ASHUGANJ_CCPP_CLOSED_LOOP_TRIP/Auxiliaries,PHASE6_ASHUGANJ_CCPP_CLOSED_LOOP_TRIP/Auxiliaries/GAT command,495,42,600,68
PHASE6_ASHUGANJ_CCPP_CLOSED_LOOP_TRIP/Auxiliaries,PHASE6_ASHUGANJ_CCPP_CLOSED_LOOP_TRIP/Auxiliaries/GAT earth,795,285,815,310
PHASE6_ASHUGANJ_CCPP_CLOSED_LOOP_TRIP/Auxiliaries,PHASE6_ASHUGANJ_CCPP_CLOSED_LOOP_TRIP/Auxiliaries/GAT incomer,619,85,686,145
PHASE6_ASHUGANJ_CCPP_CLOSED_LOOP_TRIP/Auxiliaries,PHASE6_ASHUGANJ_CCPP_CLOSED_LOOP_TRIP/Auxiliaries/GAT neutral resistor,705,280,770,310
PHASE6_ASHUGANJ_CCPP_CLOSED_LOOP_TRIP/Auxiliaries,PHASE6_ASHUGANJ_CCPP_CLOSED_LOOP_TRIP/Auxiliaries/MV BUS aux group,122,590,228,660
PHASE6_ASHUGANJ_CCPP_CLOSED_LOOP_TRIP/Auxiliaries,PHASE6_ASHUGANJ_CCPP_CLOSED_LOOP_TRIP/Auxiliaries/UAT 10BBT10,214,195,311,290
PHASE6_ASHUGANJ_CCPP_CLOSED_LOOP_TRIP/Auxiliaries,PHASE6_ASHUGANJ_CCPP_CLOSED_LOOP_TRIP/Auxiliaries/UAT earth,405,285,425,310
PHASE6_ASHUGANJ_CCPP_CLOSED_LOOP_TRIP/Auxiliaries,PHASE6_ASHUGANJ_CCPP_CLOSED_LOOP_TRIP/Auxiliaries/UAT neutral resistor,315,280,380,310
PHASE6_ASHUGANJ_CCPP_CLOSED_LOOP_TRIP/Auxiliaries,PHASE6_ASHUGANJ_CCPP_CLOSED_LOOP_TRIP/Auxiliaries/Water intake - motor group 1,352,590,458,660
PHASE6_ASHUGANJ_CCPP_CLOSED_LOOP_TRIP/Auxiliaries,PHASE6_ASHUGANJ_CCPP_CLOSED_LOOP_TRIP/Auxiliaries/Water intake - motor group 2,582,590,688,660
PHASE6_ASHUGANJ_CCPP_CLOSED_LOOP_TRIP/Auxiliaries,PHASE6_ASHUGANJ_CCPP_CLOSED_LOOP_TRIP/Auxiliaries/Unit 22 kV A,40,125,60,145
PHASE6_ASHUGANJ_CCPP_CLOSED_LOOP_TRIP/Auxiliaries,PHASE6_ASHUGANJ_CCPP_CLOSED_LOOP_TRIP/Auxiliaries/Unit 22 kV B,40,160,60,180
PHASE6_ASHUGANJ_CCPP_CLOSED_LOOP_TRIP/Auxiliaries,PHASE6_ASHUGANJ_CCPP_CLOSED_LOOP_TRIP/Auxiliaries/Unit 22 kV C,40,195,60,215
PHASE6_ASHUGANJ_CCPP_CLOSED_LOOP_TRIP/Auxiliaries,PHASE6_ASHUGANJ_CCPP_CLOSED_LOOP_TRIP/Auxiliaries/GIS 230 kV A,815,125,835,145
PHASE6_ASHUGANJ_CCPP_CLOSED_LOOP_TRIP/Auxiliaries,PHASE6_ASHUGANJ_CCPP_CLOSED_LOOP_TRIP/Auxiliaries/GIS 230 kV B,815,160,835,180
PHASE6_ASHUGANJ_CCPP_CLOSED_LOOP_TRIP/Auxiliaries,PHASE6_ASHUGANJ_CCPP_CLOSED_LOOP_TRIP/Auxiliaries/GIS 230 kV C,815,195,835,215
PHASE6_ASHUGANJ_CCPP_CLOSED_LOOP_TRIP/Measurements,PHASE6_ASHUGANJ_CCPP_CLOSED_LOOP_TRIP/Measurements/All measured channels,360,87,365,523
PHASE6_ASHUGANJ_CCPP_CLOSED_LOOP_TRIP/Measurements,PHASE6_ASHUGANJ_CCPP_CLOSED_LOOP_TRIP/Measurements/Auxiliary and neutral,50,342,270,418
PHASE6_ASHUGANJ_CCPP_CLOSED_LOOP_TRIP/Measurements,PHASE6_ASHUGANJ_CCPP_CLOSED_LOOP_TRIP/Measurements/CT measurement test factors,435,220,560,280
PHASE6_ASHUGANJ_CCPP_CLOSED_LOOP_TRIP/Measurements,PHASE6_ASHUGANJ_CCPP_CLOSED_LOOP_TRIP/Measurements/Fault currents,50,477,270,553
PHASE6_ASHUGANJ_CCPP_CLOSED_LOOP_TRIP/Measurements,PHASE6_ASHUGANJ_CCPP_CLOSED_LOOP_TRIP/Measurements/Generator and transformer,50,72,270,148
PHASE6_ASHUGANJ_CCPP_CLOSED_LOOP_TRIP/Measurements,PHASE6_ASHUGANJ_CCPP_CLOSED_LOOP_TRIP/Measurements/Live RMS Readings,1130,400,1350,475
PHASE6_ASHUGANJ_CCPP_CLOSED_LOOP_TRIP/Measurements,PHASE6_ASHUGANJ_CCPP_CLOSED_LOOP_TRIP/Measurements/Measurement ready,940,295,1100,325
PHASE6_ASHUGANJ_CCPP_CLOSED_LOOP_TRIP/Measurements,PHASE6_ASHUGANJ_CCPP_CLOSED_LOOP_TRIP/Measurements/Primary phasors,940,195,1100,225
PHASE6_ASHUGANJ_CCPP_CLOSED_LOOP_TRIP/Measurements,PHASE6_ASHUGANJ_CCPP_CLOSED_LOOP_TRIP/Measurements/Switchyard and line,50,207,270,283
PHASE6_ASHUGANJ_CCPP_CLOSED_LOOP_TRIP/Measurements,PHASE6_ASHUGANJ_CCPP_CLOSED_LOOP_TRIP/Measurements/Synchronized RMS and phasors,650,200,860,310
PHASE6_ASHUGANJ_CCPP_CLOSED_LOOP_TRIP/Measurements,PHASE6_ASHUGANJ_CCPP_CLOSED_LOOP_TRIP/Measurements/Waveform RMS,940,245,1100,275
PHASE6_ASHUGANJ_CCPP_CLOSED_LOOP_TRIP/Measurements,PHASE6_ASHUGANJ_CCPP_CLOSED_LOOP_TRIP/Measurements/phase6_phasors,930,375,1090,405
PHASE6_ASHUGANJ_CCPP_CLOSED_LOOP_TRIP/Measurements,PHASE6_ASHUGANJ_CCPP_CLOSED_LOOP_TRIP/Measurements/phase6_raw,430,390,595,420
PHASE6_ASHUGANJ_CCPP_CLOSED_LOOP_TRIP/Measurements,PHASE6_ASHUGANJ_CCPP_CLOSED_LOOP_TRIP/Measurements/phase6_rms,930,435,1090,465
PHASE6_ASHUGANJ_CCPP_CLOSED_LOOP_TRIP/Protection,PHASE6_ASHUGANJ_CCPP_CLOSED_LOOP_TRIP/Protection/CT phasors,30,70,195,100
PHASE6_ASHUGANJ_CCPP_CLOSED_LOOP_TRIP/Protection,PHASE6_ASHUGANJ_CCPP_CLOSED_LOOP_TRIP/Protection/Measurement ready,30,130,195,160
PHASE6_ASHUGANJ_CCPP_CLOSED_LOOP_TRIP/Protection,PHASE6_ASHUGANJ_CCPP_CLOSED_LOOP_TRIP/Protection/Pickup and relay timing,305,77,520,173
PHASE6_ASHUGANJ_CCPP_CLOSED_LOOP_TRIP/Protection,PHASE6_ASHUGANJ_CCPP_CLOSED_LOOP_TRIP/Protection/Relay indications,615,70,770,100
PHASE6_ASHUGANJ_CCPP_CLOSED_LOOP_TRIP/Protection,PHASE6_ASHUGANJ_CCPP_CLOSED_LOOP_TRIP/Protection/Relay pickup and timing,625,285,710,335
PHASE6_ASHUGANJ_CCPP_CLOSED_LOOP_TRIP/Protection,PHASE6_ASHUGANJ_CCPP_CLOSED_LOOP_TRIP/Protection/Trip requests,615,135,770,165
PHASE6_ASHUGANJ_CCPP_CLOSED_LOOP_TRIP/Protection,PHASE6_ASHUGANJ_CCPP_CLOSED_LOOP_TRIP/Protection/phase6_relay,615,205,790,235
PHASE6_ASHUGANJ_CCPP_CLOSED_LOOP_TRIP/DC Supply,PHASE6_ASHUGANJ_CCPP_CLOSED_LOOP_TRIP/DC Supply/AC supply magnitude,395,75,595,115
PHASE6_ASHUGANJ_CCPP_CLOSED_LOOP_TRIP/DC Supply,PHASE6_ASHUGANJ_CCPP_CLOSED_LOOP_TRIP/DC Supply/Auxiliary AC measurements,35,80,205,110
PHASE6_ASHUGANJ_CCPP_CLOSED_LOOP_TRIP/DC Supply,PHASE6_ASHUGANJ_CCPP_CLOSED_LOOP_TRIP/DC Supply/Auxiliary phase voltage,270,75,335,115
PHASE6_ASHUGANJ_CCPP_CLOSED_LOOP_TRIP/DC Supply,PHASE6_ASHUGANJ_CCPP_CLOSED_LOOP_TRIP/DC Supply/Battery charger and DC bus,690,82,920,193
PHASE6_ASHUGANJ_CCPP_CLOSED_LOOP_TRIP/DC Supply,PHASE6_ASHUGANJ_CCPP_CLOSED_LOOP_TRIP/DC Supply/DC measurements and alarms,1000,102,1190,138
PHASE6_ASHUGANJ_CCPP_CLOSED_LOOP_TRIP/DC Supply,PHASE6_ASHUGANJ_CCPP_CLOSED_LOOP_TRIP/DC Supply/DC voltage current and SOC,1020,277,1110,333
PHASE6_ASHUGANJ_CCPP_CLOSED_LOOP_TRIP/DC Supply,PHASE6_ASHUGANJ_CCPP_CLOSED_LOOP_TRIP/DC Supply/Protection trip demand,35,205,220,235
PHASE6_ASHUGANJ_CCPP_CLOSED_LOOP_TRIP/DC Supply,PHASE6_ASHUGANJ_CCPP_CLOSED_LOOP_TRIP/DC Supply/Trip coil demand,395,207,595,243
PHASE6_ASHUGANJ_CCPP_CLOSED_LOOP_TRIP/DC Supply,PHASE6_ASHUGANJ_CCPP_CLOSED_LOOP_TRIP/DC Supply/phase6_dc,1000,190,1190,220
PHASE6_ASHUGANJ_CCPP_CLOSED_LOOP_TRIP/Breaker Control,PHASE6_ASHUGANJ_CCPP_CLOSED_LOOP_TRIP/Breaker Control/Breaker indications,850,365,1040,395
PHASE6_ASHUGANJ_CCPP_CLOSED_LOOP_TRIP/Breaker Control,PHASE6_ASHUGANJ_CCPP_CLOSED_LOOP_TRIP/Breaker Control/DC healthy,275,190,340,220
PHASE6_ASHUGANJ_CCPP_CLOSED_LOOP_TRIP/Breaker Control,PHASE6_ASHUGANJ_CCPP_CLOSED_LOOP_TRIP/Breaker Control/DC supply status,40,190,240,220
PHASE6_ASHUGANJ_CCPP_CLOSED_LOOP_TRIP/Breaker Control,PHASE6_ASHUGANJ_CCPP_CLOSED_LOOP_TRIP/Breaker Control/DC trip path and mechanism,380,80,615,180
PHASE6_ASHUGANJ_CCPP_CLOSED_LOOP_TRIP/Breaker Control,PHASE6_ASHUGANJ_CCPP_CLOSED_LOOP_TRIP/Breaker Control/GAT,680,260,745,290
PHASE6_ASHUGANJ_CCPP_CLOSED_LOOP_TRIP/Breaker Control,PHASE6_ASHUGANJ_CCPP_CLOSED_LOOP_TRIP/Breaker Control/GAT output,835,260,1000,290
PHASE6_ASHUGANJ_CCPP_CLOSED_LOOP_TRIP/Breaker Control,PHASE6_ASHUGANJ_CCPP_CLOSED_LOOP_TRIP/Breaker Control/GCB,680,40,745,70
PHASE6_ASHUGANJ_CCPP_CLOSED_LOOP_TRIP/Breaker Control,PHASE6_ASHUGANJ_CCPP_CLOSED_LOOP_TRIP/Breaker Control/GCB output,835,40,1000,70
PHASE6_ASHUGANJ_CCPP_CLOSED_LOOP_TRIP/Breaker Control,PHASE6_ASHUGANJ_CCPP_CLOSED_LOOP_TRIP/Breaker Control/LineLocal,680,150,745,180
PHASE6_ASHUGANJ_CCPP_CLOSED_LOOP_TRIP/Breaker Control,PHASE6_ASHUGANJ_CCPP_CLOSED_LOOP_TRIP/Breaker Control/LineLocal output,835,150,1000,180
PHASE6_ASHUGANJ_CCPP_CLOSED_LOOP_TRIP/Breaker Control,PHASE6_ASHUGANJ_CCPP_CLOSED_LOOP_TRIP/Breaker Control/LineRemote,680,205,745,235
PHASE6_ASHUGANJ_CCPP_CLOSED_LOOP_TRIP/Breaker Control,PHASE6_ASHUGANJ_CCPP_CLOSED_LOOP_TRIP/Breaker Control/LineRemote output,835,205,1000,235
PHASE6_ASHUGANJ_CCPP_CLOSED_LOOP_TRIP/Breaker Control,PHASE6_ASHUGANJ_CCPP_CLOSED_LOOP_TRIP/Breaker Control/Protection requests,40,60,240,90
PHASE6_ASHUGANJ_CCPP_CLOSED_LOOP_TRIP/Breaker Control,PHASE6_ASHUGANJ_CCPP_CLOSED_LOOP_TRIP/Breaker Control/Q0,680,95,745,125
PHASE6_ASHUGANJ_CCPP_CLOSED_LOOP_TRIP/Breaker Control,PHASE6_ASHUGANJ_CCPP_CLOSED_LOOP_TRIP/Breaker Control/Q0 output,835,95,1000,125
PHASE6_ASHUGANJ_CCPP_CLOSED_LOOP_TRIP/Breaker Control,PHASE6_ASHUGANJ_CCPP_CLOSED_LOOP_TRIP/Breaker Control/UNIT_TRIP,680,315,745,345
PHASE6_ASHUGANJ_CCPP_CLOSED_LOOP_TRIP/Breaker Control,PHASE6_ASHUGANJ_CCPP_CLOSED_LOOP_TRIP/Breaker Control/UNIT_TRIP output,835,315,1000,345
PHASE6_ASHUGANJ_CCPP_CLOSED_LOOP_TRIP/Breaker Control,PHASE6_ASHUGANJ_CCPP_CLOSED_LOOP_TRIP/Breaker Control/phase6_breakers,385,290,590,320
PHASE6_ASHUGANJ_CCPP_CLOSED_LOOP_TRIP/Turbine and AVR,PHASE6_ASHUGANJ_CCPP_CLOSED_LOOP_TRIP/Turbine and AVR/Controller measurements,560,87,565,273
PHASE6_ASHUGANJ_CCPP_CLOSED_LOOP_TRIP/Turbine and AVR,PHASE6_ASHUGANJ_CCPP_CLOSED_LOOP_TRIP/Turbine and AVR/Excitation input,1045,210,1185,250
PHASE6_ASHUGANJ_CCPP_CLOSED_LOOP_TRIP/Turbine and AVR,PHASE6_ASHUGANJ_CCPP_CLOSED_LOOP_TRIP/Turbine and AVR/Field voltage,920,210,985,250
PHASE6_ASHUGANJ_CCPP_CLOSED_LOOP_TRIP/Turbine and AVR,PHASE6_ASHUGANJ_CCPP_CLOSED_LOOP_TRIP/Turbine and AVR/Governor turbine and AVR,645,127,860,223
PHASE6_ASHUGANJ_CCPP_CLOSED_LOOP_TRIP/Turbine and AVR,PHASE6_ASHUGANJ_CCPP_CLOSED_LOOP_TRIP/Turbine and AVR/Machine measurements,30,117,175,153
PHASE6_ASHUGANJ_CCPP_CLOSED_LOOP_TRIP/Turbine and AVR,PHASE6_ASHUGANJ_CCPP_CLOSED_LOOP_TRIP/Turbine and AVR/Machine state record,330,387,335,543
PHASE6_ASHUGANJ_CCPP_CLOSED_LOOP_TRIP/Turbine and AVR,PHASE6_ASHUGANJ_CCPP_CLOSED_LOOP_TRIP/Turbine and AVR/Machine state record tag,440,420,660,450
PHASE6_ASHUGANJ_CCPP_CLOSED_LOOP_TRIP/Turbine and AVR,PHASE6_ASHUGANJ_CCPP_CLOSED_LOOP_TRIP/Turbine and AVR/Machine voltage and speed,220,87,225,228
PHASE6_ASHUGANJ_CCPP_CLOSED_LOOP_TRIP/Turbine and AVR,PHASE6_ASHUGANJ_CCPP_CLOSED_LOOP_TRIP/Turbine and AVR/Mechanical input,1045,105,1185,145
PHASE6_ASHUGANJ_CCPP_CLOSED_LOOP_TRIP/Turbine and AVR,PHASE6_ASHUGANJ_CCPP_CLOSED_LOOP_TRIP/Turbine and AVR/Mechanical power,920,105,985,145
PHASE6_ASHUGANJ_CCPP_CLOSED_LOOP_TRIP/Turbine and AVR,PHASE6_ASHUGANJ_CCPP_CLOSED_LOOP_TRIP/Turbine and AVR/Terminal voltage,365,145,490,185
PHASE6_ASHUGANJ_CCPP_CLOSED_LOOP_TRIP/Turbine and AVR,PHASE6_ASHUGANJ_CCPP_CLOSED_LOOP_TRIP/Turbine and AVR/Unit trip,325,250,490,280
PHASE6_ASHUGANJ_CCPP_CLOSED_LOOP_TRIP/Turbine and AVR,PHASE6_ASHUGANJ_CCPP_CLOSED_LOOP_TRIP/Turbine and AVR/dq voltage,300,147,305,198
PHASE6_ASHUGANJ_CCPP_CLOSED_LOOP_TRIP/Turbine and AVR,PHASE6_ASHUGANJ_CCPP_CLOSED_LOOP_TRIP/Turbine and AVR/phase6_machine,440,500,660,530
PHASE6_ASHUGANJ_CCPP_CLOSED_LOOP_TRIP/Results,PHASE6_ASHUGANJ_CCPP_CLOSED_LOOP_TRIP/Results/BREAKERS,45,240,250,270
PHASE6_ASHUGANJ_CCPP_CLOSED_LOOP_TRIP/Results,PHASE6_ASHUGANJ_CCPP_CLOSED_LOOP_TRIP/Results/DC,45,305,250,335
PHASE6_ASHUGANJ_CCPP_CLOSED_LOOP_TRIP/Results,PHASE6_ASHUGANJ_CCPP_CLOSED_LOOP_TRIP/Results/Dynamic response,690,247,790,313
PHASE6_ASHUGANJ_CCPP_CLOSED_LOOP_TRIP/Results,PHASE6_ASHUGANJ_CCPP_CLOSED_LOOP_TRIP/Results/MACHINE_RECORD,45,110,250,140
PHASE6_ASHUGANJ_CCPP_CLOSED_LOOP_TRIP/Results,PHASE6_ASHUGANJ_CCPP_CLOSED_LOOP_TRIP/Results/PHASORS,45,45,250,75
PHASE6_ASHUGANJ_CCPP_CLOSED_LOOP_TRIP/Results,PHASE6_ASHUGANJ_CCPP_CLOSED_LOOP_TRIP/Results/Plant quantities,370,72,575,248
PHASE6_ASHUGANJ_CCPP_CLOSED_LOOP_TRIP/Results,PHASE6_ASHUGANJ_CCPP_CLOSED_LOOP_TRIP/Results/Plant summary,690,80,870,110
PHASE6_ASHUGANJ_CCPP_CLOSED_LOOP_TRIP/Results,PHASE6_ASHUGANJ_CCPP_CLOSED_LOOP_TRIP/Results/RELAY,45,175,250,205
PHASE6_ASHUGANJ_CCPP_CLOSED_LOOP_TRIP/Results,PHASE6_ASHUGANJ_CCPP_CLOSED_LOOP_TRIP/Results/phase6_summary,690,150,890,180
