"Path","Hash"
"C:\Users\sindi\Downloads\306 Power Project -kimi k3\306 Power Project -kimi k3-v4\Phase6\PHASE6_ASHUGANJ_CCPP_CLOSED_LOOP_TRIP.slx","D929EDE9BA1B84C27721E764DEFE1B1C03A9F6A912F189F0CED31D9B7037DBCF"
"C:\Users\sindi\Downloads\306 Power Project -kimi k3\306 Power Project -kimi k3-v4\Phase6\START_PHASE6.m","8B0122D152421E4EBE71FEEA29A7C712C147821E583E79DFF57DA6550F634A4F"
"C:\Users\sindi\Downloads\306 Power Project -kimi k3\306 Power Project -kimi k3-v4\Phase6\scripts\build_phase6_model.m","ED7F2C4B4DD1FD2A74809D84BE86607563618A92A15C938A1E463CE15BF845E1"
"C:\Users\sindi\Downloads\306 Power Project -kimi k3\306 Power Project -kimi k3-v4\Phase6\scripts\phase6_interactive_settings.m","ECB3D8C74B5C81351168AB9D7B33FB60F3EAC1FA5121FFC165A28FC158A813C9"
"C:\Users\sindi\Downloads\306 Power Project -kimi k3\306 Power Project -kimi k3-v4\matlab\phase6\build_dynamic_protection_sim.m","255E2B1D669AEC50BE400C7A8D7A2B2E96B923585C6F92D93D10D5BDBBC86C8B"
"C:\Users\sindi\Downloads\306 Power Project -kimi k3\306 Power Project -kimi k3-v4\matlab\phase6\run_dynamic_trip_simulation.m","03BD48A28D76E39BD26ACD7C5BD86A05A59481DF5F367D2F6807478EA5E53622"
"C:\Users\sindi\Downloads\306 Power Project -kimi k3\306 Power Project -kimi k3-v4\matlab\tests\test_phase6_dynamic_trip.m","8FC9BD96D6749C5CA9A01111E9F8C44030F820EFAE85DE08D34625B6F637B3DC"
"C:\Users\sindi\Downloads\306 Power Project -kimi k3\306 Power Project -kimi k3-v4\MANUAL_CHANGES_v4.md","090382837EFBFF3A85AC7E6D1DAF73A9E4B91417F4A3BECCF150ACF5AE0EB93F"
"C:\Users\sindi\Downloads\306 Power Project -kimi k3\306 Power Project -kimi k3-v4\NOT_DETERMINABLE_REGISTER.md","A59A53CB5022065FEDC55A8B477531E64FDA435598FE3694DE5CB3DF5B1B0CBD"
