Case,Bus,P_solver_MW,Q_solver_MVAr,P_branches_MW,Q_branches_MVAr,dP_MW,dQ_MVAr,Residual_MVA
LF1,BGRID230,-374.483506232911,29.9861998550796,-374.483506224522,29.9861999407979,-8.38883806864033e-09,-8.5718365738785e-08,8.61278748667931e-08
LF1,B22,389.299999895339,31.6758542188715,389.29999989628,31.6758542172421,-9.41213329497259e-10,1.62941304893138e-09,1.88171980264097e-09
LF1,B6_6,-13.9999999009099,-8.67641988466798,-13.9999999018793,-8.67641988418059,9.69368585401753e-10,-4.87386131453604e-10,1.0849980163563e-09
LF1,B230_1,7.73118167538853e-08,5.11089063757871e-07,2.02095407075831e-08,5.43986448775513e-07,5.71022760463022e-08,-3.2897385017642e-08,6.59007425653693e-08
LF1,GAT_HV,-6.7400576574266e-10,3.55567653558693e-11,-1.04268016573247e-09,2.31317892791794e-10,3.68674399989813e-10,-1.95761127435924e-10,4.17424522785657e-10
LF2,BGRID230,-374.466580641925,33.7043641594079,-374.466580625256,33.7043641553631,-1.66686504599056e-08,4.04480005045116e-09,1.71523851286823e-08
LF2,B22,389.299999932741,27.4609572825779,389.299999934316,27.4609572875431,-1.57507429321413e-09,-4.9651518452265e-09,5.20899144511681e-09
LF2,B6_6,-13.9999999755608,-8.67642064163614,-13.999604450063,-8.67597352835903,-0.000395525497809857,-0.000447113277109779,0.000596951172195499
LF2,B230_1,1.12007921575109e-07,7.65959521290729e-07,-0.000413907667488722,-0.000452492860145703,0.000414019675410297,0.000453258819666994,0.000613885860101668
LF2,GAT_HV,-9.99331556823935e-09,-9.52646213399571e-09,0,0,-9.99331556823935e-09,-9.52646213399571e-09,1.38065142898875e-08
LF3,BGRID230,-327.329807893456,23.4174861323368,-327.329807885273,23.4174862180997,-8.18312173578306e-09,-8.57629700590223e-08,8.61524840888956e-08
LF3,B22,342.009999950319,26.1744257564179,342.009999951312,26.1744257548643,-9.9265662356629e-10,1.55356261188899e-09,1.84361708642803e-09
LF3,B6_6,-13.9999999568765,-8.67642037574743,-13.9999999578458,-8.67642037525998,9.69322400123929e-10,-4.87451856656662e-10,1.08498628006996e-09
LF3,B230_1,4.85404019185457e-08,3.4255843523184e-07,-1.03755155578256e-08,3.7463955493422e-07,5.89159174763712e-08,-3.20811197023801e-08,6.70841529233322e-08
LF3,GAT_HV,-2.89185495424563e-10,1.52335941447895e-11,-6.58378348367128e-10,2.18409055164487e-10,3.69192852942565e-10,-2.03175461019697e-10,4.21406728261945e-10
LF4,BGRID230,-327.319742714959,27.2310746474176,-327.319742698281,27.2310746434095,-1.66780864674365e-08,4.00808275458076e-09,1.71529383950056e-08
LF4,B22,342.009999963418,22.0070003567159,342.009999965106,22.0070003616749,-1.688249540166e-09,-4.95901986141689e-09,5.23851739481677e-09
LF4,B6_6,-13.9999999877835,-8.6764206923206,-13.9996149226081,-8.67609463213433,-0.000385065175397159,-0.000326060186269572,0.000504569553554109
LF4,B230_1,7.23511078004917e-08,5.27903201823651e-07,-0.00039689041348101,-0.000332188714554427,0.000396962764588811,0.00033271661775625,0.000517957318899106
LF4,GAT_HV,-5.69071671766191e-09,-7.51495282735151e-09,0,0,-5.69071671766191e-09,-7.51495282735151e-09,9.42649313148825e-09
