Case,Transformer,KKS,VectorGroup,V_HV_kV,V_LV_kV,Z_pct,Z_base_MVA,From_bus,To_bus,P_LV_MW,Q_LV_MVAr,S_LV_MVA,P_HV_MW,Q_HV_MVAr,S_HV_MVA,P_loss_MW,Q_loss_MVAr,I_HV_A,Rating_stages_MVA,Loading_pct_lowest_stage,Loading_pct_highest_stage,Tap_used,Tap_kV,Note
LF1,GSUT 10BAT10,10BAT10,YNd1,230,22,16,515,B22,B230_1,375.219765656068,21.6130730984707,375.841718636655,374.485776415542,-22.8976327600017,375.185152056372,0.7339892405263,44.5107058584723,943.049530881473,[355 460 515],105.87,72.98,9,230,"| ratio 1.000000, shift +30 deg, Z 16.0000 % on 515 MVA"
LF1,UAT 10BBT10,10BBT10,Dyn11,22,6.9,10.5,25,B6_6,B22,-14.0190588171779,-8.73897227497952,16.5197955962643,-14.0802342402119,-10.0627811187714,17.3064311775576,0.0611754230340406,1.32380884379191,454.17603177612,[19 25],91.09,69.23,3,22,"| ratio 0.956522, shift -30 deg, Z 10.5000 % on 25 MVA"
LF1,GAT 10BBT20,10BBT20,YNyn0+d11,230,6.9,12,25,B6_6,GAT_HV,0.0190589152986195,0.0625523907989233,0.0653914661635689,-0.00201640971943516,-0.00286993709858133,0.00350748444136906,0.0210753250180546,0.0654223278975046,0.00919783322399442,[19 25],0.34,0.26,13,230,"GAT bay 10BAY20 OPEN: the GAT stays connected to the 6.6 kV bus and is BACK-ENERGISED from the LV side, so it carries magnetising current only and its HV terminal floats at the turns-ratio voltage. | ratio 0.956522, shift +0 deg, Z 12.0000 % on 25 MVA"
LF2,GSUT 10BAT10,10BAT10,YNd1,230,22,16,515,B22,B230_1,369.314701840237,21.6075253816233,369.946258459875,368.598651889544,-21.5374155706913,369.227337076027,0.716049950693254,43.1449409523145,928.247707957733,[355 460 515],104.21,71.83,9,230,"| ratio 1.000000, shift +30 deg, Z 16.0000 % on 515 MVA"
LF2,UAT 10BBT10,10BBT10,Dyn11,22,6.9,10.5,25,B6_6,B22,-19.9023745780635,-3.9642323599474,20.2933400910053,-19.9852980940784,-5.85343190591978,20.8248602633106,0.0829235160148628,1.88919954597239,546.510849039032,[19 25],109.60,83.30,3,22,"| ratio 0.956522, shift -30 deg, Z 10.5000 % on 25 MVA"
LF2,GAT 10BBT20,10BBT20,YNyn0+d11,230,6.9,12,25,B6_6,B230_2,5.90277012800049,-4.71174116841163,7.55269488474941,5.86834264337981,-5.06954571967849,7.7548526216828,0.0344274846206701,0.357804551266863,19.4959133541752,[19 25],40.82,31.02,13,230,"| ratio 0.956522, shift +0 deg, Z 12.0000 % on 25 MVA"
LF3,GSUT 10BAT10,10BAT10,YNd1,230,22,16,515,B22,B230_1,327.929815423982,16.1108353894693,328.325330824402,327.332057388275,-18.0086954232201,327.827071647366,0.597758035706608,34.1195308126894,823.774723275185,[355 460 515],92.49,63.75,9,230,"| ratio 1.000000, shift +30 deg, Z 16.0000 % on 515 MVA"
LF3,UAT 10BBT10,10BBT10,Dyn11,22,6.9,10.5,25,B6_6,B22,-14.0190067779121,-8.73971952295189,16.5201467420544,-14.0801845273301,-10.063590365395,17.3068612800282,0.0611777494180205,1.32387084244314,454.187319038717,[19 25],91.09,69.23,3,22,"| ratio 0.956522, shift -30 deg, Z 10.5000 % on 25 MVA"
LF3,GAT 10BBT20,10BBT20,YNyn0+d11,230,6.9,12,25,B6_6,GAT_HV,0.0190068200662619,0.0632991476919174,0.06609115907256,-0.00206828262824882,-0.00212269174519289,0.0029637161259854,0.0210751026945107,0.0654218394371103,0.00777194319370956,[19 25],0.35,0.26,13,230,"GAT bay 10BAY20 OPEN: the GAT stays connected to the 6.6 kV bus and is BACK-ENERGISED from the LV side, so it carries magnetising current only and its HV terminal floats at the turns-ratio voltage. | ratio 0.956522, shift +0 deg, Z 12.0000 % on 25 MVA"
LF4,GSUT 10BAT10,10BAT10,YNd1,230,22,16,515,B22,B230_1,323.575504293163,16.3439853300731,323.988013412602,322.989301680982,-16.8966174067112,323.430958135051,0.586202612180697,33.2406027367843,812.883805189497,[355 460 515],91.26,62.91,9,230,"| ratio 1.000000, shift +30 deg, Z 16.0000 % on 515 MVA"
LF4,UAT 10BBT10,10BBT10,Dyn11,22,6.9,10.5,25,B6_6,B22,-18.3614410376369,-4.03291304879585,18.79911978359,-18.4344956719429,-5.66301503160188,19.284718559705,0.0730546343059579,1.63010198280603,506.092611440539,[19 25],101.50,77.14,3,22,"| ratio 0.956522, shift -30 deg, Z 10.5000 % on 25 MVA"
LF4,GAT 10BBT20,10BBT20,YNyn0+d11,230,6.9,12,25,B6_6,B230_2,4.36182611502882,-4.64318158333847,6.37060925450628,4.33083790771236,-4.91809026199323,6.55314953346793,0.0309882073164611,0.274908678654752,16.4701275334221,[19 25],34.49,26.21,13,230,"| ratio 0.956522, shift +0 deg, Z 12.0000 % on 25 MVA"
