Relay,Phase,Current_sensor_or_zone,Operating_quantity,CT_ratio,Secondary_pickup_setting_A,Measured_threshold_crossing_s,Secondary_operating_current_at_crossing_A,Secondary_threshold_at_crossing_A,Status,Parameter_source
GEN51,A,genTerminal,phase_current,15000,1.14472,NaN,NaN,NaN,not_observed,info.controls.relayParameters
GEN51,B,genTerminal,phase_current,15000,1.14472,0.155,1.33751660918486,1.14472,observed,info.controls.relayParameters
GEN51,C,genTerminal,phase_current,15000,1.14472,0.155,1.18213202658151,1.14472,observed,info.controls.relayParameters
GSUT51,A,gsutHV,phase_current,1600,0.8625,0.16,0.872357875469858,0.8625,observed,info.controls.relayParameters
GSUT51,B,gsutHV,phase_current,1600,0.8625,0.156,1.21576955415164,0.8625,observed,info.controls.relayParameters
GSUT51,C,gsutHV,phase_current,1600,0.8625,0.156,1.02331361028317,0.8625,observed,info.controls.relayParameters
GEN51N,neutral,neutral,physical_neutral_current,20,0.2,NaN,NaN,NaN,not_observed,info.controls.relayParameters
87G,A,genInner-genTerminal,compensated_differential_current,15000,0.160253333333333,NaN,NaN,NaN,not_observed,info.controls.relayParameters
87G,B,genInner-genTerminal,compensated_differential_current,15000,0.160253333333333,NaN,NaN,NaN,not_observed,info.controls.relayParameters
87G,C,genInner-genTerminal,compensated_differential_current,15000,0.160253333333333,NaN,NaN,NaN,not_observed,info.controls.relayParameters
87T,A,compensated_gsutLV-gsutHV,compensated_differential_current,1600,0.2424,0.153,0.310871600713526,0.2424,observed,info.controls.relayParameters
87T,B,compensated_gsutLV-gsutHV,compensated_differential_current,1600,0.2424,0.153,0.623467870623415,0.2424,observed,info.controls.relayParameters
87T,C,compensated_gsutLV-gsutHV,compensated_differential_current,1600,0.2424,0.153,0.312596521831009,0.2424,observed,info.controls.relayParameters
87B,A,busIn-busOut-gatHV,compensated_differential_current,1600,0.2,NaN,NaN,NaN,not_observed,info.controls.relayParameters
87B,B,busIn-busOut-gatHV,compensated_differential_current,1600,0.2,NaN,NaN,NaN,not_observed,info.controls.relayParameters
87B,C,busIn-busOut-gatHV,compensated_differential_current,1600,0.2,NaN,NaN,NaN,not_observed,info.controls.relayParameters
87L,A,lineLocal-lineRemote,compensated_differential_current,1600,0.2,NaN,NaN,NaN,not_observed,info.controls.relayParameters
87L,B,lineLocal-lineRemote,compensated_differential_current,1600,0.2,NaN,NaN,NaN,not_observed,info.controls.relayParameters
87L,C,lineLocal-lineRemote,compensated_differential_current,1600,0.2,NaN,NaN,NaN,not_observed,info.controls.relayParameters
