Quantity,Mean,Minimum,Maximum,Standard_deviation,Window_start_s,Window_end_exclusive_s,Samples,Status
Generator_P_MW,179.943860952946,179.936053167312,179.951956720961,0.00470620288374606,0.3,0.4,100,measured_pre_event_window
Generator_Q_MVAr,13.2036845347036,13.2033047400104,13.204294101213,0.000297276478948421,0.3,0.4,100,measured_pre_event_window
Generator_V_kV,21.9999872103652,21.9999864951038,21.9999890719646,7.60449437179656e-07,0.3,0.4,100,measured_pre_event_window
Generator_I_kA,4.73500575805005,4.73479845352575,4.73521906663934,0.000123752348759459,0.3,0.4,100,measured_pre_event_window
Frequency_Hz,50.0000265561207,50.0000203603078,50.0000298489944,2.8557252488056e-06,0.3,0.4,100,measured_pre_event_window
Rotor_speed_pu,1.00000053112241,1.00000040720616,1.00000059697989,5.71145049769054e-08,0.3,0.4,100,measured_pre_event_window
Machine_delta,33.2179501457786,33.2176710594023,33.2182840050103,0.000182062120000158,0.3,0.4,100,measured_pre_event_window
GSUT_HV_I_kA,0.4160432469375,0.416023706948809,0.416063509747778,1.18211199587828e-05,0.3,0.4,100,measured_pre_event_window
Bus230_V_kV,229.940111711198,229.940108853668,229.940116512417,2.13476234695214e-06,0.3,0.4,100,measured_pre_event_window
Grid_I_kA,0.416018266574,0.415998727097188,0.41603852914207,1.18210398130789e-05,0.3,0.4,100,measured_pre_event_window
Fault_I_kA,1.32756028509778e-07,1.32756026449627e-07,1.32756031377687e-07,1.23085895509616e-15,0.3,0.4,100,measured_pre_event_window
Relay_pickup,0,0,0,0,0.3,0.4,100,measured_pre_event_window
Relay_trip,0,0,0,0,0.3,0.4,100,measured_pre_event_window
GCB_closed,1,1,1,0,0.3,0.4,100,measured_pre_event_window
Q0_closed,1,1,1,0,0.3,0.4,100,measured_pre_event_window
Line_local_closed,1,1,1,0,0.3,0.4,100,measured_pre_event_window
Line_remote_closed,1,1,1,0,0.3,0.4,100,measured_pre_event_window
DC_V,123.75,123.75,123.75,0,0.3,0.4,100,measured_pre_event_window
Battery_SOC_pct,100,100,100,0,0.3,0.4,100,measured_pre_event_window
DC_healthy,1,1,1,0,0.3,0.4,100,measured_pre_event_window
Auxiliary_V_kV,6.6057664569256,6.60576625159279,6.60576700454376,2.26057791017936e-07,0.3,0.4,100,measured_pre_event_window
Grid_P_MW,165.568910799463,165.561118694927,165.576990785613,0.00469692856498476,0.3,0.4,100,measured_pre_event_window
Grid_Q_MVAr,-5.91930833727746,-5.91954080273508,-5.91887296156378,0.00020228309080253,0.3,0.4,100,measured_pre_event_window
DC_alarm,0,0,0,0,0.3,0.4,100,measured_pre_event_window
