CaseID,Branch,Ends,S_from_MVA,S_to_MVA,Smax_MVA,I_A
P1A,GSUT,B01-B02,342.27,342.39,342.39,859.5
P1A,UAT,B01-B11,13.33,13.00,13.33,1166.1
P1A,GAT,B02-B11,0.00,0.00,0.00,0.0
P1A,GRID+B02B03,B02-B03,342.38,342.25,342.38,859.1
P1B,GSUT,B01-B02,348.29,348.41,348.41,874.6
P1B,UAT,B01-B11,13.33,13.00,13.33,1166.1
P1B,GAT,B02-B11,0.00,0.00,0.00,0.0
P1B,GRID+B02B03,B02-B03,348.39,348.28,348.39,874.3
P1C,GSUT,B01-B02,335.98,336.05,336.05,843.6
P1C,UAT,B01-B11,18.62,18.35,18.62,1628.5
P1C,GAT,B02-B11,7.08,6.98,7.08,619.5
P1C,GRID+B02B03,B02-B03,342.51,342.43,342.51,859.6
P1D,GSUT,B01-B02,342.27,342.38,342.38,859.5
P1D,UAT,B01-B11,13.33,13.00,13.33,1166.1
P1D,GAT,B02-B11,0.00,0.00,0.00,0.0
P1D,GRID+B02B03,B02-B03,342.37,342.26,342.37,859.1
P1E,GSUT,B01-B02,342.27,342.38,342.38,859.5
P1E,UAT,B01-B11,13.33,13.00,13.33,1166.1
P1E,GAT,B02-B11,0.00,0.00,0.00,0.0
P1E,GRID+B02B03,B02-B03,342.37,342.26,342.37,859.1
P1F,GSUT,B01-B02,342.27,342.38,342.38,859.5
P1F,UAT,B01-B11,13.33,13.00,13.33,1166.1
P1F,GAT,B02-B11,0.00,0.00,0.00,0.0
P1F,GRID+B02B03,B02-B03,342.37,342.26,342.37,859.1
P1G,GSUT,B01-B02,342.26,342.39,342.39,859.5
P1G,UAT,B01-B11,13.33,13.00,13.33,1166.1
P1G,GAT,B02-B11,0.00,0.00,0.00,0.0
P1G,GRID+B02B03,B02-B03,342.38,342.25,342.38,859.1
