CaseID,Bus,FaultType,Vnom_kV,Vpre_pu,Vpre_ang_deg,Zth1_R_pu,Zth1_X_pu,Zth0_R_pu,Zth0_X_pu,I0_mag_pu,I1_mag_pu,I2_mag_pu,Ia_kA,Ib_kA,Ic_kA,Isym_kA,Vfault_min_pu,Igen_kA_22kV,Igrid_kA_230kV,FaultMVA,XR_pos,kappa,Ipeak_kA,Note_StatusC
F1-B01-LLL,B01,LLL,22.0,1.000000,7.4747,3.215570e-04,2.144518e-02,2.758264e-04,2.794760e-02,0.000000,46.625277,0.000000,122.360,122.360,122.360,122.360,0.000000,54.817,6.590,4662.5,66.69,1.9569,338.63,BASE sat g1.0 l1.0
F2-B01-LG,B01,LG,22.0,1.000000,7.4747,3.215570e-04,2.144518e-02,2.758264e-04,2.794760e-02,14.120529,14.120529,14.120529,111.170,0.000,0.000,111.170,0.000000,70.672,4.027,4236.2,66.69,1.9569,307.66,BASE sat g1.0 l1.0
F3-B01-LL,B01,LL,22.0,1.000000,7.4747,3.215570e-04,2.144518e-02,2.758264e-04,2.794760e-02,0.000000,23.326261,23.326261,0.000,106.028,106.028,106.028,0.499708,52.077,6.135,4040.2,66.69,1.9569,293.43,BASE sat g1.0 l1.0
F4-B01-LLG,B01,LLG,22.0,1.000000,7.4747,3.215570e-04,2.144518e-02,2.758264e-04,2.794760e-02,12.923571,29.784236,16.860761,0.000,117.416,117.756,117.756,0.000000,64.992,6.092,4487.1,66.69,1.9569,325.88,BASE sat g1.0 l1.0
F5-B02-LLL,B02,LLL,230.0,1.000353,1.1402,4.899796e-04,5.407432e-03,4.783711e-04,5.314160e-03,0.000000,184.241122,0.000000,46.249,46.249,46.249,46.249,0.000000,33.146,43.159,18424.1,11.04,1.7667,115.55,BASE sat g1.0 l1.0
F6-B02-LG,B02,LG,230.0,1.000353,1.1402,4.899796e-04,5.407432e-03,4.783711e-04,5.314160e-03,61.772163,61.772163,61.772163,46.518,0.000,0.000,46.518,0.000000,23.150,41.885,18531.6,11.04,1.7667,116.23,BASE sat g1.0 l1.0
F7-B02-LL,B02,LL,230.0,1.000353,1.1402,4.899796e-04,5.407432e-03,4.783711e-04,5.314160e-03,0.000000,92.125501,92.125501,0.000,40.055,40.055,40.055,0.500150,33.271,37.806,15956.6,11.04,1.7667,100.08,BASE sat g1.0 l1.0
F8-B02-LLG,B02,LLG,230.0,1.000353,1.1402,4.899796e-04,5.407432e-03,4.783711e-04,5.314160e-03,62.128121,123.187894,61.059778,0.000,46.377,46.393,46.393,0.000000,32.339,42.614,18481.5,11.04,1.7667,115.91,BASE sat g1.0 l1.0
F9-B03-LLL,B03,LLL,230.0,1.000236,1.0941,4.464032e-04,5.205479e-03,3.818124e-04,4.761671e-03,0.000000,191.447895,0.000000,48.058,48.058,48.058,48.058,0.000000,33.053,44.980,19144.8,11.66,1.7777,120.82,BASE sat g1.0 l1.0
S-LLL-B02-sat-g0.7-l0.8,B02,LLL,230.0,1.000353,1.1402,3.611944e-04,3.882677e-03,3.797011e-04,3.973236e-03,0.000000,256.537536,0.000000,64.397,64.397,64.397,64.397,0.000000,33.146,61.300,25653.8,10.75,1.7613,160.41,SENS sat g0.7 l0.8 gridZ0x1
S-LLL-B02-sat-g0.7-l1.0,B02,LLL,230.0,1.000353,1.1402,3.704194e-04,3.924735e-03,4.020280e-04,4.095398e-03,0.000000,253.756546,0.000000,63.698,63.698,63.698,63.698,0.000000,33.146,60.600,25375.7,10.60,1.7583,158.40,SENS sat g0.7 l1.0 gridZ0x1
S-LLL-B02-sat-g0.7-l1.2,B02,LLL,230.0,1.000353,1.1402,3.796244e-04,3.966749e-03,4.239708e-04,4.216546e-03,0.000000,251.037612,0.000000,63.016,63.016,63.016,63.016,0.000000,33.146,59.916,25103.8,10.45,1.7554,156.44,SENS sat g0.7 l1.2 gridZ0x1
S-LLL-B02-sat-g1.0-l0.8,B02,LLL,230.0,1.000353,1.1402,4.812289e-04,5.366943e-03,4.585954e-04,5.202231e-03,0.000000,185.646795,0.000000,46.601,46.601,46.601,46.601,0.000000,33.146,43.512,18564.7,11.15,1.7689,116.58,SENS sat g1.0 l0.8 gridZ0x1
S-LLL-B02-sat-g1.0-l1.0,B02,LLL,230.0,1.000353,1.1402,4.899796e-04,5.407432e-03,4.783711e-04,5.314160e-03,0.000000,184.241122,0.000000,46.249,46.249,46.249,46.249,0.000000,33.146,43.159,18424.1,11.04,1.7667,115.55,SENS sat g1.0 l1.0 gridZ0x1
S-LLL-B02-sat-g1.0-l1.2,B02,LLL,230.0,1.000353,1.1402,4.987117e-04,5.447881e-03,4.978182e-04,5.425198e-03,0.000000,182.857843,0.000000,45.901,45.901,45.901,45.901,0.000000,33.146,42.811,18285.8,10.92,1.7647,114.55,SENS sat g1.0 l1.2 gridZ0x1
S-LLL-B02-sat-g1.5-l0.8,B02,LLL,230.0,1.000353,1.1402,6.620396e-04,7.718985e-03,5.623956e-04,7.030298e-03,0.000000,129.122399,0.000000,32.413,32.413,32.413,32.413,0.000000,33.146,29.328,12912.2,11.66,1.7777,81.49,SENS sat g1.5 l0.8 gridZ0x1
S-LLL-B02-sat-g1.5-l1.0,B02,LLL,230.0,1.000353,1.1402,6.700721e-04,7.757047e-03,5.787439e-04,7.127809e-03,0.000000,128.482069,0.000000,32.252,32.252,32.252,32.252,0.000000,33.146,29.167,12848.2,11.58,1.7763,81.02,SENS sat g1.5 l1.0 gridZ0x1
S-LLL-B02-sat-g1.5-l1.2,B02,LLL,230.0,1.000353,1.1402,6.780880e-04,7.795072e-03,5.948349e-04,7.224593e-03,0.000000,127.848647,0.000000,32.093,32.093,32.093,32.093,0.000000,33.146,29.008,12784.9,11.50,1.7749,80.56,SENS sat g1.5 l1.2 gridZ0x1
S-LLL-B02-unsat-g0.7-l0.8,B02,LLL,230.0,1.000353,1.1402,3.640472e-04,3.898958e-03,3.797011e-04,3.973236e-03,0.000000,255.458184,0.000000,64.126,64.126,64.126,64.126,0.000000,30.424,61.300,25545.8,10.71,1.7606,159.66,SENS unsat g0.7 l0.8 gridZ0x1
S-LLL-B02-unsat-g0.7-l1.0,B02,LLL,230.0,1.000353,1.1402,3.733800e-04,3.941368e-03,4.020280e-04,4.095398e-03,0.000000,252.677313,0.000000,63.428,63.428,63.428,63.428,0.000000,30.424,60.600,25267.7,10.56,1.7576,157.65,SENS unsat g0.7 l1.0 gridZ0x1
S-LLL-B02-unsat-g0.7-l1.2,B02,LLL,230.0,1.000353,1.1402,3.826943e-04,3.983737e-03,4.239708e-04,4.216546e-03,0.000000,249.958496,0.000000,62.745,62.745,62.745,62.745,0.000000,30.424,59.916,24995.8,10.41,1.7546,155.70,SENS unsat g0.7 l1.2 gridZ0x1
S-LLL-B02-unsat-g1.0-l0.8,B02,LLL,230.0,1.000353,1.1402,4.864810e-04,5.398118e-03,4.585954e-04,5.202231e-03,0.000000,184.567163,0.000000,46.330,46.330,46.330,46.330,0.000000,30.424,43.512,18456.7,11.10,1.7678,115.83,SENS unsat g1.0 l0.8 gridZ0x1
S-LLL-B02-unsat-g1.0-l1.0,B02,LLL,230.0,1.000353,1.1402,4.953721e-04,5.439076e-03,4.783711e-04,5.314160e-03,0.000000,183.161570,0.000000,45.978,45.978,45.978,45.978,0.000000,30.424,43.159,18316.2,10.98,1.7657,114.81,SENS unsat g1.0 l1.0 gridZ0x1
S-LLL-B02-unsat-g1.0-l1.2,B02,LLL,230.0,1.000353,1.1402,5.042459e-04,5.479996e-03,4.978182e-04,5.425198e-03,0.000000,181.778370,0.000000,45.630,45.630,45.630,45.630,0.000000,30.424,42.811,18177.8,10.87,1.7636,113.81,SENS unsat g1.0 l1.2 gridZ0x1
S-LLL-B02-unsat-g1.5-l0.8,B02,LLL,230.0,1.000353,1.1402,6.724350e-04,7.783674e-03,5.623956e-04,7.030298e-03,0.000000,128.042459,0.000000,32.141,32.141,32.141,32.141,0.000000,30.424,29.328,12804.2,11.58,1.7763,80.74,SENS unsat g1.5 l0.8 gridZ0x1
S-LLL-B02-unsat-g1.5-l1.0,B02,LLL,230.0,1.000353,1.1402,6.806521e-04,7.822373e-03,5.787439e-04,7.127809e-03,0.000000,127.402178,0.000000,31.981,31.981,31.981,31.981,0.000000,30.424,29.167,12740.2,11.49,1.7748,80.27,SENS unsat g1.5 l1.0 gridZ0x1
S-LLL-B02-unsat-g1.5-l1.2,B02,LLL,230.0,1.000353,1.1402,6.888535e-04,7.861037e-03,5.948349e-04,7.224593e-03,0.000000,126.768805,0.000000,31.822,31.822,31.822,31.822,0.000000,30.424,29.008,12676.9,11.41,1.7735,79.81,SENS unsat g1.5 l1.2 gridZ0x1
S-LG-B02-sat-g0.7-l0.8,B02,LG,230.0,1.000353,1.1402,3.611944e-04,3.882677e-03,3.797011e-04,3.973236e-03,84.848224,84.848224,84.848224,63.896,0.000,0.000,63.896,0.000000,22.892,59.212,25454.5,10.75,1.7613,159.16,SENS sat g0.7 l0.8 gridZ0x1
S-LG-B02-sat-g0.7-l1.0,B02,LG,230.0,1.000353,1.1402,3.704194e-04,3.924735e-03,4.020280e-04,4.095398e-03,83.368934,83.368934,83.368934,62.782,0.000,0.000,62.782,0.000000,22.765,58.076,25010.7,10.60,1.7583,156.12,SENS sat g0.7 l1.0 gridZ0x1
S-LG-B02-sat-g0.7-l1.2,B02,LG,230.0,1.000353,1.1402,3.796244e-04,3.966749e-03,4.239708e-04,4.216546e-03,81.947729,81.947729,81.947729,61.712,0.000,0.000,61.712,0.000000,22.645,56.985,24584.3,10.45,1.7554,153.20,SENS sat g0.7 l1.2 gridZ0x1
S-LG-B02-sat-g1.0-l0.8,B02,LG,230.0,1.000353,1.1402,4.812289e-04,5.366943e-03,4.585954e-04,5.202231e-03,62.526846,62.526846,62.526846,47.087,0.000,0.000,47.087,0.000000,23.238,42.468,18758.1,11.15,1.7689,117.79,SENS sat g1.0 l0.8 gridZ0x1
S-LG-B02-sat-g1.0-l1.0,B02,LG,230.0,1.000353,1.1402,4.899796e-04,5.407432e-03,4.783711e-04,5.314160e-03,61.772163,61.772163,61.772163,46.518,0.000,0.000,46.518,0.000000,23.150,41.885,18531.6,11.04,1.7667,116.23,SENS sat g1.0 l1.0 gridZ0x1
S-LG-B02-sat-g1.0-l1.2,B02,LG,230.0,1.000353,1.1402,4.987117e-04,5.447881e-03,4.978182e-04,5.425198e-03,61.039125,61.039125,61.039125,45.966,0.000,0.000,45.966,0.000000,23.065,41.318,18311.7,10.92,1.7647,114.71,SENS sat g1.0 l1.2 gridZ0x1
S-LG-B02-sat-g1.5-l0.8,B02,LG,230.0,1.000353,1.1402,6.620396e-04,7.718985e-03,5.623956e-04,7.030298e-03,44.369150,44.369150,44.369150,33.413,0.000,0.000,33.413,0.000000,23.630,28.863,13310.7,11.66,1.7777,84.00,SENS sat g1.5 l0.8 gridZ0x1
S-LG-B02-sat-g1.5-l1.0,B02,LG,230.0,1.000353,1.1402,6.700721e-04,7.757047e-03,5.787439e-04,7.127809e-03,44.025993,44.025993,44.025993,33.154,0.000,0.000,33.154,0.000000,23.575,28.595,13207.8,11.58,1.7763,83.29,SENS sat g1.5 l1.0 gridZ0x1
S-LG-B02-sat-g1.5-l1.2,B02,LG,230.0,1.000353,1.1402,6.780880e-04,7.795072e-03,5.948349e-04,7.224593e-03,43.689649,43.689649,43.689649,32.901,0.000,0.000,32.901,0.000000,23.521,28.333,13106.9,11.50,1.7749,82.58,SENS sat g1.5 l1.2 gridZ0x1
S-LG-B02-unsat-g0.7-l0.8,B02,LG,230.0,1.000353,1.1402,3.640472e-04,3.898958e-03,3.797011e-04,3.973236e-03,84.729812,84.729812,84.729812,63.807,0.000,0.000,63.807,0.000000,22.045,59.215,25418.9,10.71,1.7606,158.87,SENS unsat g0.7 l0.8 gridZ0x1
S-LG-B02-unsat-g0.7-l1.0,B02,LG,230.0,1.000353,1.1402,3.733800e-04,3.941368e-03,4.020280e-04,4.095398e-03,83.252099,83.252099,83.252099,62.694,0.000,0.000,62.694,0.000000,21.925,58.080,24975.6,10.56,1.7576,155.83,SENS unsat g0.7 l1.0 gridZ0x1
S-LG-B02-unsat-g0.7-l1.2,B02,LG,230.0,1.000353,1.1402,3.826943e-04,3.983737e-03,4.239708e-04,4.216546e-03,81.832389,81.832389,81.832389,61.625,0.000,0.000,61.625,0.000000,21.811,56.989,24549.7,10.41,1.7546,152.92,SENS unsat g0.7 l1.2 gridZ0x1
S-LG-B02-unsat-g1.0-l0.8,B02,LG,230.0,1.000353,1.1402,4.864810e-04,5.398118e-03,4.585954e-04,5.202231e-03,62.403906,62.403906,62.403906,46.994,0.000,0.000,46.994,0.000000,22.377,42.470,18721.2,11.10,1.7678,117.49,SENS unsat g1.0 l0.8 gridZ0x1
S-LG-B02-unsat-g1.0-l1.0,B02,LG,230.0,1.000353,1.1402,4.953721e-04,5.439076e-03,4.783711e-04,5.314160e-03,61.650337,61.650337,61.650337,46.427,0.000,0.000,46.427,0.000000,22.294,41.887,18495.1,10.98,1.7657,115.93,SENS unsat g1.0 l1.0 gridZ0x1
S-LG-B02-unsat-g1.0-l1.2,B02,LG,230.0,1.000353,1.1402,5.042459e-04,5.479996e-03,4.978182e-04,5.425198e-03,60.918369,60.918369,60.918369,45.876,0.000,0.000,45.876,0.000000,22.213,41.321,18275.5,10.87,1.7636,114.42,SENS unsat g1.0 l1.2 gridZ0x1
S-LG-B02-unsat-g1.5-l0.8,B02,LG,230.0,1.000353,1.1402,6.724350e-04,7.783674e-03,5.623956e-04,7.030298e-03,44.240951,44.240951,44.240951,33.316,0.000,0.000,33.316,0.000000,22.754,28.864,13272.3,11.58,1.7763,83.69,SENS unsat g1.5 l0.8 gridZ0x1
S-LG-B02-unsat-g1.5-l1.0,B02,LG,230.0,1.000353,1.1402,6.806521e-04,7.822373e-03,5.787439e-04,7.127809e-03,43.898508,43.898508,43.898508,33.058,0.000,0.000,33.058,0.000000,22.702,28.597,13169.6,11.49,1.7748,82.98,SENS unsat g1.5 l1.0 gridZ0x1
S-LG-B02-unsat-g1.5-l1.2,B02,LG,230.0,1.000353,1.1402,6.888535e-04,7.861037e-03,5.948349e-04,7.224593e-03,43.562857,43.562857,43.562857,32.806,0.000,0.000,32.806,0.000000,22.651,28.335,13068.9,11.41,1.7735,82.28,SENS unsat g1.5 l1.2 gridZ0x1
