Downstream,Upstream,Location,Type,I_kA,t_down_s,t_up_s,Margin_s,Verdict
GEN-51,GSUT-HV-51,F1,LLL,126.21414119005,0.593881345298921,2.35448934339138,1.76060799809246,PASS
GSUT-HV-51,GIS-Q0-51,F1,LLL,126.21414119005,2.35448934339138,3.61491502209167,1.26042567870029,CONDITIONAL-PASS
GEN-51,GSUT-HV-51,F1,LG,0.00727200442799167,,,,NO-TRIP
GSUT-HV-51,GIS-Q0-51,F1,LG,0.00727200442799167,,,,NO-TRIP
GEN-51N,GSUT-HV-51,F1,LG,0.00727200442799167,1.74614454927095,,,NO-PAIR
GSUT-HV-51,GIS-Q0-51,F1,LG,0.00727200442799167,,,,NO-PAIR
GEN-51,GSUT-HV-51,F1,LL,109.251634191741,0.627120896235227,2.35448934339138,1.72736844715616,PASS
GSUT-HV-51,GIS-Q0-51,F1,LL,109.251634191741,2.35448934339138,3.61491502209167,1.26042567870029,CONDITIONAL-PASS
GEN-51,GSUT-HV-51,F1,LLG,109.253451365914,0.627104743325408,2.3544893433914,1.72738460006599,PASS
GSUT-HV-51,GIS-Q0-51,F1,LLG,109.253451365914,2.3544893433914,3.61491502209167,1.26042567870027,CONDITIONAL-PASS
GEN-51N,GSUT-HV-51,F1,LLG,109.253451365914,,,,NO-TRIP
GSUT-HV-51,GIS-Q0-51,F1,LLG,109.253451365914,,,,NO-PAIR
GEN-51,GSUT-HV-51,F2,LLL,126.21414119005,0.593881345298921,2.35448934339138,1.76060799809246,PASS
GSUT-HV-51,GIS-Q0-51,F2,LLL,126.21414119005,2.35448934339138,3.61491502209167,1.26042567870029,CONDITIONAL-PASS
GEN-51,GSUT-HV-51,F2,LG,0.00727200442799167,,,,NO-TRIP
GSUT-HV-51,GIS-Q0-51,F2,LG,0.00727200442799167,,,,NO-TRIP
GEN-51N,GSUT-HV-51,F2,LG,0.00727200442799167,1.74614454927095,,,NO-PAIR
GSUT-HV-51,GIS-Q0-51,F2,LG,0.00727200442799167,,,,NO-PAIR
GEN-51,GSUT-HV-51,F2,LL,109.251634191741,0.627120896235227,2.35448934339138,1.72736844715616,PASS
GSUT-HV-51,GIS-Q0-51,F2,LL,109.251634191741,2.35448934339138,3.61491502209167,1.26042567870029,CONDITIONAL-PASS
GEN-51,GSUT-HV-51,F2,LLG,109.253451365914,0.627104743325408,2.3544893433914,1.72738460006599,PASS
GSUT-HV-51,GIS-Q0-51,F2,LLG,109.253451365914,2.3544893433914,3.61491502209167,1.26042567870027,CONDITIONAL-PASS
GEN-51N,GSUT-HV-51,F2,LLG,109.253451365914,,,,NO-TRIP
GSUT-HV-51,GIS-Q0-51,F2,LLG,109.253451365914,,,,NO-PAIR
GIS-Q0-51,REMOTE-GRID-boundary,F3,LLL,50.5308851865359,7.27955016159817,,,NO-PAIR
GIS-Q0-51,REMOTE-GRID-boundary,F3,LG,45.7377472846575,4.46304578242018,,,NO-PAIR
GEN-51N,GSUT-HV-51,F3,LG,45.7377472846575,,,,NO-TRIP
GSUT-HV-51,GIS-Q0-51,F3,LG,45.7377472846575,,,,NO-PAIR
GIS-Q0-51,REMOTE-GRID-boundary,F3,LL,43.7588597564655,7.45300837106393,,,NO-PAIR
GIS-Q0-51,REMOTE-GRID-boundary,F3,LLG,48.5036617932619,4.88164238679543,,,NO-PAIR
GEN-51N,GSUT-HV-51,F3,LLG,48.5036617932619,,,,NO-TRIP
GSUT-HV-51,GIS-Q0-51,F3,LLG,48.5036617932619,,,,NO-PAIR
GIS-Q0-51,REMOTE-GRID-boundary,F4,LLL,51.0575960885088,7.42143266064313,,,NO-PAIR
GIS-Q0-51,REMOTE-GRID-boundary,F4,LG,46.1170088370327,4.57254459176743,,,NO-PAIR
GEN-51N,GSUT-HV-51,F4,LG,46.1170088370327,,,,NO-TRIP
GSUT-HV-51,GIS-Q0-51,F4,LG,46.1170088370327,,,,NO-PAIR
GIS-Q0-51,REMOTE-GRID-boundary,F4,LL,44.215100268403,7.58497747610213,,,NO-PAIR
GIS-Q0-51,REMOTE-GRID-boundary,F4,LLG,48.9663352242708,5.01402674918844,,,NO-PAIR
GEN-51N,GSUT-HV-51,F4,LLG,48.9663352242708,,,,NO-TRIP
GSUT-HV-51,GIS-Q0-51,F4,LLG,48.9663352242708,,,,NO-PAIR
GIS-Q0-51,REMOTE-GRID-boundary,F5,LLL,53.0870065530683,7.31211646625481,,,NO-PAIR
GIS-Q0-51,REMOTE-GRID-boundary,F5,LG,48.4667640662034,4.53900224994442,,,NO-PAIR
GEN-51N,GSUT-HV-51,F5,LG,48.4667640662034,,,,NO-TRIP
GSUT-HV-51,GIS-Q0-51,F5,LG,48.4667640662034,,,,NO-PAIR
GIS-Q0-51,REMOTE-GRID-boundary,F5,LL,45.9725804350184,7.48317505241084,,,NO-PAIR
GIS-Q0-51,REMOTE-GRID-boundary,F5,LLG,51.1774982446824,4.96274952487512,,,NO-PAIR
GEN-51N,GSUT-HV-51,F5,LLG,51.1774982446824,,,,NO-TRIP
GSUT-HV-51,GIS-Q0-51,F5,LLG,51.1774982446824,,,,NO-PAIR
GEN-51,GSUT-HV-51,F1,LLL,128.326643730937,0.59489188195674,2.36337610100214,1.7684842190454,PASS
GSUT-HV-51,GIS-Q0-51,F1,LLL,128.326643730937,2.36337610100214,3.62929581012677,1.26591970912462,CONDITIONAL-PASS
GEN-51,GSUT-HV-51,F1,LG,0.00727012833908577,,,,NO-TRIP
GSUT-HV-51,GIS-Q0-51,F1,LG,0.00727012833908577,,,,NO-TRIP
GEN-51N,GSUT-HV-51,F1,LG,0.00727012833908577,1.74690313695682,,,NO-PAIR
GSUT-HV-51,GIS-Q0-51,F1,LG,0.00727012833908577,,,,NO-PAIR
GEN-51,GSUT-HV-51,F1,LL,111.155817573968,0.62786791092108,2.36347554478287,1.73560763386179,PASS
GSUT-HV-51,GIS-Q0-51,F1,LL,111.155817573968,2.36347554478287,3.6294567657406,1.26598122095774,CONDITIONAL-PASS
GEN-51,GSUT-HV-51,F1,LLG,111.157633999807,0.627851766926035,2.3634755462939,1.73562377936786,PASS
GSUT-HV-51,GIS-Q0-51,F1,LLG,111.157633999807,2.3634755462939,3.62945676818628,1.26598122189238,CONDITIONAL-PASS
GEN-51N,GSUT-HV-51,F1,LLG,111.157633999807,,,,NO-TRIP
GSUT-HV-51,GIS-Q0-51,F1,LLG,111.157633999807,,,,NO-PAIR
GEN-51,GSUT-HV-51,F2,LLL,128.326643730937,0.59489188195674,2.36337610100214,1.7684842190454,PASS
GSUT-HV-51,GIS-Q0-51,F2,LLL,128.326643730937,2.36337610100214,3.62929581012677,1.26591970912462,CONDITIONAL-PASS
GEN-51,GSUT-HV-51,F2,LG,0.00727012833908577,,,,NO-TRIP
GSUT-HV-51,GIS-Q0-51,F2,LG,0.00727012833908577,,,,NO-TRIP
GEN-51N,GSUT-HV-51,F2,LG,0.00727012833908577,1.74690313695682,,,NO-PAIR
GSUT-HV-51,GIS-Q0-51,F2,LG,0.00727012833908577,,,,NO-PAIR
GEN-51,GSUT-HV-51,F2,LL,111.155817573968,0.62786791092108,2.36347554478287,1.73560763386179,PASS
GSUT-HV-51,GIS-Q0-51,F2,LL,111.155817573968,2.36347554478287,3.6294567657406,1.26598122095774,CONDITIONAL-PASS
GEN-51,GSUT-HV-51,F2,LLG,111.157633999807,0.627851766926035,2.3634755462939,1.73562377936786,PASS
GSUT-HV-51,GIS-Q0-51,F2,LLG,111.157633999807,2.3634755462939,3.62945676818628,1.26598122189238,CONDITIONAL-PASS
GEN-51N,GSUT-HV-51,F2,LLG,111.157633999807,,,,NO-TRIP
GSUT-HV-51,GIS-Q0-51,F2,LLG,111.157633999807,,,,NO-PAIR
GIS-Q0-51,REMOTE-GRID-boundary,F3,LLL,50.5541945213143,7.51131469558901,,,NO-PAIR
GIS-Q0-51,REMOTE-GRID-boundary,F3,LG,45.8917695676112,4.50228289746965,,,NO-PAIR
GEN-51N,GSUT-HV-51,F3,LG,45.8917695676112,,,,NO-TRIP
GSUT-HV-51,GIS-Q0-51,F3,LG,45.8917695676112,,,,NO-PAIR
GIS-Q0-51,REMOTE-GRID-boundary,F3,LL,43.7764189842283,7.68397246929356,,,NO-PAIR
GIS-Q0-51,REMOTE-GRID-boundary,F3,LLG,48.6504494084663,4.92874557338953,,,NO-PAIR
GEN-51N,GSUT-HV-51,F3,LLG,48.6504494084663,,,,NO-TRIP
GSUT-HV-51,GIS-Q0-51,F3,LLG,48.6504494084663,,,,NO-PAIR
GIS-Q0-51,REMOTE-GRID-boundary,F4,LLL,51.0792262351743,7.66250754160499,,,NO-PAIR
GIS-Q0-51,REMOTE-GRID-boundary,F4,LG,46.2568830769365,4.61534056097983,,,NO-PAIR
GEN-51N,GSUT-HV-51,F4,LG,46.2568830769365,,,,NO-TRIP
GSUT-HV-51,GIS-Q0-51,F4,LG,46.2568830769365,,,,NO-PAIR
GIS-Q0-51,REMOTE-GRID-boundary,F4,LL,44.2313062553968,7.82423185794281,,,NO-PAIR
GIS-Q0-51,REMOTE-GRID-boundary,F4,LLG,49.1279418874374,5.06554149192102,,,NO-PAIR
GEN-51N,GSUT-HV-51,F4,LLG,49.1279418874374,,,,NO-TRIP
GSUT-HV-51,GIS-Q0-51,F4,LLG,49.1279418874374,,,,NO-PAIR
GIS-Q0-51,REMOTE-GRID-boundary,F5,LLL,53.1089711671963,7.54639835131367,,,NO-PAIR
GIS-Q0-51,REMOTE-GRID-boundary,F5,LG,48.6057438965753,4.58210662560625,,,NO-PAIR
GEN-51N,GSUT-HV-51,F5,LG,48.6057438965753,,,,NO-TRIP
GSUT-HV-51,GIS-Q0-51,F5,LG,48.6057438965753,,,,NO-PAIR
GIS-Q0-51,REMOTE-GRID-boundary,F5,LL,45.9890208329902,7.71634717333973,,,NO-PAIR
GIS-Q0-51,REMOTE-GRID-boundary,F5,LLG,51.1756530988529,5.01387000201493,,,NO-PAIR
GEN-51N,GSUT-HV-51,F5,LLG,51.1756530988529,,,,NO-TRIP
GSUT-HV-51,GIS-Q0-51,F5,LLG,51.1756530988529,,,,NO-PAIR
