group,fault_type,min_Ik_kA,max_Ik_kA,min_leg,max_leg,mid_Ik_kA,mid_leg,incomplete,note
F1_LLL_production,LLL,126.21414119005,128.326643730937,base,GAT-IN,126.21414119005,base,0,production band from OFAT leg spread across production segments (merged min/max; mid prefers base leg)
F1_LG_production,LG,0.00727012833908577,0.00727200442799167,GAT-IN,base,0.00727200442799167,base,0,production band from OFAT leg spread across production segments (merged min/max; mid prefers base leg)
F1_LL_production,LL,109.251634191741,111.155817573968,base,GAT-IN,109.251634191741,base,0,production band from OFAT leg spread across production segments (merged min/max; mid prefers base leg)
F1_LLG_production,LLG,109.253451365914,111.157633999807,base,GAT-IN,109.253451365914,base,0,production band from OFAT leg spread across production segments (merged min/max; mid prefers base leg)
F2_LLL_production,LLL,126.21414119005,128.326643730937,base,GAT-IN,126.21414119005,base,0,production band from OFAT leg spread across production segments (merged min/max; mid prefers base leg)
F2_LG_production,LG,0.00727012833908577,0.00727200442799167,GAT-IN,base,0.00727200442799167,base,0,production band from OFAT leg spread across production segments (merged min/max; mid prefers base leg)
F2_LL_production,LL,109.251634191741,111.155817573968,base,GAT-IN,109.251634191741,base,0,production band from OFAT leg spread across production segments (merged min/max; mid prefers base leg)
F2_LLG_production,LLG,109.253451365914,111.157633999807,base,GAT-IN,109.253451365914,base,0,production band from OFAT leg spread across production segments (merged min/max; mid prefers base leg)
F3_LLL_production,LLL,50.5308851865359,50.5541945213143,base,GAT-IN,50.5308851865359,base,0,production band from OFAT leg spread across production segments (merged min/max; mid prefers base leg)
F3_LG_production,LG,21.3854882216456,50.8834405349153,F-earth,A-k0g1.0,45.7377472846575,base,0,production band from OFAT leg spread across production segments (merged min/max; mid prefers base leg)
F3_LL_production,LL,43.7588597564655,43.7764189842283,base,GAT-IN,43.7588597564655,base,0,production band from OFAT leg spread across production segments (merged min/max; mid prefers base leg)
F3_LLG_production,LLG,44.3865025152623,54.6802796674247,A-S,F-phase,48.5036617932619,base,0,production band from OFAT leg spread across production segments (merged min/max; mid prefers base leg)
F4_LLL_production,LLL,51.0575960885088,51.0792262351743,base,GAT-IN,51.0575960885088,base,0,production band from OFAT leg spread across production segments (merged min/max; mid prefers base leg)
F4_LG_production,LG,21.432047371794,51.4973448781593,F-earth,A-k0g1.0,46.1170088370327,base,0,production band from OFAT leg spread across production segments (merged min/max; mid prefers base leg)
F4_LL_production,LL,44.215100268403,44.2313062553968,base,GAT-IN,44.215100268403,base,0,production band from OFAT leg spread across production segments (merged min/max; mid prefers base leg)
F4_LLG_production,LLG,44.7339495658616,55.2207753835176,A-S,F-phase,48.9663352242708,base,0,production band from OFAT leg spread across production segments (merged min/max; mid prefers base leg)
F5_LLL_production,LLL,53.0870065530683,53.1089711671963,base,GAT-IN,53.0870065530683,base,0,production band from OFAT leg spread across production segments (merged min/max; mid prefers base leg)
F5_LG_production,LG,21.7430258784102,54.6093678525094,F-earth,A-k0g1.0,48.4667640662034,base,0,production band from OFAT leg spread across production segments (merged min/max; mid prefers base leg)
F5_LL_production,LL,45.9725804350184,45.9890208329902,base,GAT-IN,45.9725804350184,base,0,production band from OFAT leg spread across production segments (merged min/max; mid prefers base leg)
F5_LLG_production,LLG,46.5536171263112,57.7583655251161,A-S,F-phase,51.1774982446824,base,0,production band from OFAT leg spread across production segments (merged min/max; mid prefers base leg)
