"file","change","basis"
"matlab/phase5/phase5b_branch_phasors.m","MODIFIED","Compared with pre_final_correction.zip"
"matlab/phase5/phase5b_cached_branches.m","CREATED","Compared with pre_final_correction.zip"
"matlab/phase5/phase5b_coord.m","CREATED","Compared with pre_final_correction.zip"
"matlab/phase5/phase5b_ct_scope.m","MODIFIED","Compared with pre_final_correction.zip"
"matlab/phase5/phase5b_duty.m","MODIFIED","Compared with pre_final_correction.zip"
"matlab/phase5/phase5b_effectiveness.m","MODIFIED","Compared with pre_final_correction.zip"
"matlab/phase5/phase5b_export_applicability.m","CREATED","Compared with pre_final_correction.zip"
"matlab/phase5/phase5b_finalize_manifest.m","CREATED","Compared with pre_final_correction.zip"
"matlab/phase5/phase5b_final_reports.m","CREATED","Compared with pre_final_correction.zip"
"matlab/phase5/phase5b_gate.m","MODIFIED","Compared with pre_final_correction.zip"
"matlab/phase5/phase5b_independent_arithmetic.m","CREATED","Compared with pre_final_correction.zip"
"matlab/phase5/phase5b_parameters.m","CREATED","Compared with pre_final_correction.zip"
"matlab/phase5/phase5b_physical_currents.m","CREATED","Compared with pre_final_correction.zip"
"matlab/phase5/phase5b_pickup.m","MODIFIED","Compared with pre_final_correction.zip"
"matlab/phase5/phase5b_registry.m","MODIFIED","Compared with pre_final_correction.zip"
"matlab/phase5/phase5b_sensitivity_v2.m","MODIFIED","Compared with pre_final_correction.zip"
"matlab/phase5/phase5b_sha256.m","CREATED","Compared with pre_final_correction.zip"
"matlab/phase5/phase5b_source_ledger.m","MODIFIED","Compared with pre_final_correction.zip"
"matlab/phase5/phase5b_tcc.m","MODIFIED","Compared with pre_final_correction.zip"
"matlab/phase5/phase5b_validate.m","MODIFIED","Compared with pre_final_correction.zip"
"matlab/phase5/phase5b_verify_artifacts.m","CREATED","Compared with pre_final_correction.zip"
"matlab/phase5/phase5b_verify_baseline.m","CREATED","Compared with pre_final_correction.zip"
"matlab/phase5/phase5b_writer.m","MODIFIED","Compared with pre_final_correction.zip"
"matlab/phase5/phase5b_zones.m","MODIFIED","Compared with pre_final_correction.zip"
"matlab/phase5/run_phase5b_production.m","MODIFIED","Compared with pre_final_correction.zip"
"matlab/tests/test_phase5b_artifacts.m","CREATED","Compared with pre_final_correction.zip"
"matlab/tests/test_phase5b_assumptions.m","MODIFIED","Compared with pre_final_correction.zip"
"matlab/tests/test_phase5b_branch_phasors.m","MODIFIED","Compared with pre_final_correction.zip"
"matlab/tests/test_phase5b_duty.m","MODIFIED","Compared with pre_final_correction.zip"
"matlab/tests/test_phase5b_effectiveness.m","MODIFIED","Compared with pre_final_correction.zip"
"matlab/tests/test_phase5b_final_engineering.m","CREATED","Compared with pre_final_correction.zip"
"matlab/tests/test_phase5b_gate.m","MODIFIED","Compared with pre_final_correction.zip"
"matlab/tests/test_phase5b_independent_arithmetic.m","CREATED","Compared with pre_final_correction.zip"
"matlab/tests/test_phase5b_ledger.m","MODIFIED","Compared with pre_final_correction.zip"
"matlab/tests/test_phase5b_parameters.m","CREATED","Compared with pre_final_correction.zip"
"matlab/tests/test_phase5b_physical_currents.m","CREATED","Compared with pre_final_correction.zip"
"matlab/tests/test_phase5b_pickup.m","MODIFIED","Compared with pre_final_correction.zip"
"matlab/tests/test_phase5b_registry.m","MODIFIED","Compared with pre_final_correction.zip"
"matlab/tests/test_phase5b_report.m","MODIFIED","Compared with pre_final_correction.zip"
"matlab/tests/test_phase5b_sensitivity_v2.m","MODIFIED","Compared with pre_final_correction.zip"
"matlab/tests/test_phase5b_tcc.m","MODIFIED","Compared with pre_final_correction.zip"
"matlab/tests/test_phase5b_validate.m","MODIFIED","Compared with pre_final_correction.zip"
"matlab/tests/test_phase5b_writer.m","MODIFIED","Compared with pre_final_correction.zip"
"matlab/tests/test_phase5b_zones.m","MODIFIED","Compared with pre_final_correction.zip"
