Time_s,Vdc_V,Battery_current_A,Charger_current_A,Load_current_A,Battery_SOC_pu,DC_healthy,DC_low_voltage,Battery_low,Charger_failure,Trip_unavailable,Charger_AC_power_W,Trip_coil_power_W
0,0,0,0,0,1,0,1,0,1,1,0,0
0.001,114.956123463593,20.8775307281486,0,20.8775307281486,0.99999997100343,1,0,0,1,0,0,0
0.002,114.956123141707,20.8775307866072,0,20.8775307866072,0.999999942006859,1,0,0,1,0,0,0
0.003,114.956122819822,20.8775308450657,0,20.8775308450657,0.999999913010288,1,0,0,1,0,0,0
0.004,114.956122497937,20.8775309035243,0,20.8775309035243,0.999999884013718,1,0,0,1,0,0,0
0.005,114.956122176052,20.8775309619828,0,20.8775309619828,0.999999855017147,1,0,0,1,0,0,0
0.006,114.956121854167,20.8775310204414,0,20.8775310204414,0.999999826020576,1,0,0,1,0,0,0
0.007,114.956121532281,20.8775310788999,0,20.8775310788999,0.999999797024005,1,0,0,1,0,0,0
0.008,114.956121210396,20.8775311373585,0,20.8775311373585,0.999999768027434,1,0,0,1,0,0,0
0.009,114.956120888511,20.877531195817,0,20.877531195817,0.999999739030863,1,0,0,1,0,0,0
0.01,114.956120566626,20.8775312542756,0,20.8775312542756,0.999999710034292,1,0,0,1,0,0,0
0.011,114.956120244741,20.8775313127341,0,20.8775313127341,0.999999681037721,1,0,0,1,0,0,0
0.012,114.956119922855,20.8775313711927,0,20.8775313711927,0.999999652041149,1,0,0,1,0,0,0
0.013,114.95611960097,20.8775314296512,0,20.8775314296512,0.999999623044578,1,0,0,1,0,0,0
0.014,114.956119279085,20.8775314881098,0,20.8775314881098,0.999999594048006,1,0,0,1,0,0,0
0.015,114.9561189572,20.8775315465684,0,20.8775315465684,0.999999565051435,1,0,0,1,0,0,0
0.016,114.956118635314,20.8775316050269,0,20.8775316050269,0.999999536054863,1,0,0,1,0,0,0
0.017,114.956118313429,20.8775316634855,0,20.8775316634855,0.999999507058291,1,0,0,1,0,0,0
0.018,114.956117991544,20.877531721944,0,20.877531721944,0.999999478061719,1,0,0,1,0,0,0
0.019,114.956117669659,20.8775317804026,0,20.8775317804026,0.999999449065147,1,0,0,1,0,0,0
0.02,114.956117347774,20.8775318388611,0,20.8775318388611,0.999999420068575,1,0,0,1,0,0,0
0.021,114.98641119039,20.2716486072767,0.600382923702809,20.8720315309795,0.999999391913508,1,0,0,0,0,74.6333813368433,0
0.022,115.01640346638,19.6717968933738,1.19479193803178,20.8665888314056,0.999999364591568,1,0,0,0,0,148.562888219503,0
0.023,115.046097179343,19.0779166232811,1.78328648436262,20.8612031076438,0.999999338094461,1,0,0,0,0,221.794756949828,0
0.024,115.075495302933,18.4899483221148,2.36592541261965,20.8558737347344,0.999999312413978,1,0,0,0,0,294.335176980544,0
0.025,115.104600781154,17.9078331079915,2.94276698716079,20.8506000951523,0.999999287541987,1,0,0,0,0,366.190291080111,0
0.026,115.133416528657,17.3315126861024,3.51386889260408,20.8453815787065,0.999999263470442,1,0,0,0,0,437.36619550192,0
0.027,115.161945431033,16.7609293428456,4.07928823959617,20.8402175824417,0.999999240191373,1,0,0,0,0,507.868940157651,0
0.028,115.190190345104,16.1960259400182,4.63908157052342,20.8351075105416,0.999999217696893,1,0,0,0,0,577.704528794657,0
0.029,115.218154099212,15.6367459090668,5.19330486516621,20.830050774233,0.99999919597919,1,0,0,0,0,646.8789191772,0
0.03,115.245839493501,15.0830332453951,5.74201354629694,20.8250467916921,0.999999175030533,1,0,0,0,0,715.398023271403,0
0.031,115.273249300199,14.5348325027295,6.28526248522235,20.8200949879518,0.999999154843265,1,0,0,0,0,783.267707433759,0
0.032,115.300386263899,13.9920887875402,6.82310600727071,20.8151947948109,0.999999135409809,1,0,0,0,0,850.493792603072,0
0.033,115.327253101832,13.45474775352,7.35559789722438,20.8103456507444,0.999999116722659,1,0,0,0,0,917.082054495674,0
0.034,115.353852504143,12.9227555961163,7.88279140469834,20.8055470008147,0.999999098774387,1,0,0,0,0,983.038223803785,0
0.035,115.380187134162,12.3960590471203,8.40473924946517,20.8007982965855,0.999999081557639,1,0,0,0,0,1048.3679863969,0
0.036,115.406259628669,11.8746053693087,8.92149362672711,20.7960989960358,0.999999065065131,1,0,0,0,0,1113.07698352603,0
0.037,115.432072598159,11.3583423511399,9.4331062123356,20.7914485634755,0.999999049289656,1,0,0,0,0,1177.17081203078,0
0.038,115.457628627111,10.8472183015038,9.93962816795887,20.7868464694627,0.999999034224075,1,0,0,0,0,1240.65502454894,0
0.039,115.482930274239,10.3411820445238,10.4411101461982,20.782292190722,0.999999019861322,1,0,0,0,0,1303.53512972871,0
0.04,115.507980072754,9.84018291441044,10.9376022956533,20.7777852100637,0.999999006194401,1,0,0,0,0,1365.81659244327,0
0.041,115.53278053062,9.34417075036816,11.4291542659368,20.773325016305,0.999998993216386,1,0,0,0,0,1427.50483400765,0
0.042,115.557334130803,8.85309589155158,11.91581521264,20.7689111041915,0.99999898092042,1,0,0,0,0,1488.60523239777,0
0.043,115.581643331521,8.36690917207333,12.3976338022476,20.7645429743209,0.999998969299713,1,0,0,0,0,1549.12312247156,0
0.044,115.605710566494,7.88556191606153,12.8746582170051,20.7602201330667,0.999998958347543,1,0,0,0,0,1609.06379619203,0
0.045,115.629538245185,7.40900593276703,13.3469361597367,20.7559420925038,0.999998948057257,1,0,0,0,0,1668.43250285223,0
0.046,115.653128753044,6.93719351171956,13.8145148586157,20.7517083703352,0.999998938422266,1,0,0,0,0,1727.23444930197,0
0.047,115.676484451748,6.47007741793258,14.2774410718872,20.7475184898198,0.999998929436048,1,0,0,0,0,1785.47480017612,0
0.048,115.699607679439,6.00761088715605,14.7357610925444,20.7433719797004,0.999998921092144,1,0,0,0,0,1843.15867812467,0
0.049,115.722500750955,5.54974762117692,15.1895207529573,20.7392683741342,0.999998913384161,1,0,0,0,0,1900.29116404405,0
0.05,115.745165958067,5.09644178316667,15.6387654294566,20.7352072126233,0.999998906305769,1,0,0,0,0,1956.87729730999,0
0.051,115.76760556971,4.64764799307541,16.083540046871,20.7311880399464,0.999998899850703,1,0,0,0,0,2012.92207601167,0
0.052,115.789821832204,4.20332132307224,16.5238890830198,20.727210406092,0.999998894012757,1,0,0,0,0,2068.43045718698,0
0.053,115.811816969489,3.76341729303128,16.9598565731606,20.7232738661919,0.999998888785788,1,0,0,0,0,2123.40735705908,0
0.054,115.833593183341,3.32789186606284,17.3914861143931,20.719377980456,0.999998884163716,1,0,0,0,0,2177.85765127387,0
0.055,115.855152653596,2.89670144408946,17.8188208700189,20.7155223141083,0.99999888014052,1,0,0,0,0,2231.78617513851,0
0.056,115.876497538372,2.4698028634662,18.2419035738572,20.7117064373234,0.999998876710238,1,0,0,0,0,2285.19772386086,0
0.057,115.89762997428,2.04715339064484,18.6607765345193,20.7079299251641,0.999998873866969,1,0,0,0,0,2338.09705278968,0
0.058,115.918552076643,1.62871071788151,19.0754816396384,20.7041923575199,0.999998871604871,1,0,0,0,0,2390.48887765564,0
0.059,115.939265939704,1.21443295898725,19.4860603600592,20.7004933190465,0.999998869918159,1,0,0,0,0,2442.37787481301,0
0.06,115.959773636844,0.80427864512118,19.8925537539846,20.6968323991058,0.999998868801105,1,0,0,0,0,2493.76868148195,0
0.061,115.980077220781,0.398206720625787,20.2950024710816,20.6932091917074,0.99999886824804,1,0,0,0,0,2544.66589599134,0
0.062,116.000178723783,-0.00382346109612541,20.6934467565466,20.6896232954504,0.999998868252819,1,0,0,0,0,2595.07407802216,0
0.063,116.020080157864,-0.401852141662111,21.0879264551293,20.6860743134672,0.999998868755135,1,0,0,0,0,2644.99774885108,0
0.064,116.039783514389,-0.795919161645806,21.4784810151191,20.6825618534733,0.999998869750033,1,0,0,0,0,2694.4413915809,0
0.065,116.05929076549,-1.18606396479306,21.8651494922882,20.6790855274952,0.999998871232613,1,0,0,0,0,2743.40945141231,0
0.066,116.078603863652,-1.57232560187283,22.2479705537976,20.6756449519248,0.99999887319802,1,0,0,0,0,2791.90633587511,0
0.067,116.097724741908,-1.95474273459789,22.6269824820636,20.6722397474657,0.999998875641449,1,0,0,0,0,2839.93641507307,0
0.068,116.116655314031,-2.33335363950638,23.0022231785861,20.6688695390797,0.999998878558141,1,0,0,0,0,2887.50402192898,0
0.069,116.13539747473,-2.70819621180446,23.3737301677392,20.6655339559347,0.999998881943386,1,0,0,0,0,2934.6134524297,0
0.07,116.153953099836,-3.07930796917054,23.7415406005229,20.6622326313524,0.999998885792521,1,0,0,0,0,2981.26896587134,0
0.071,116.172324046494,-3.44672605552144,24.1056912582791,20.6589652027576,0.999998890100929,1,0,0,0,0,3027.47478510436,0
0.072,116.190512153347,-3.81048724474083,24.4662185563689,20.6557313116281,0.999998894864038,1,0,0,0,0,3073.23509677863,0
0.073,116.208519240723,-4.17062794437047,24.823158547815,20.6525306034445,0.999998900077323,1,0,0,0,0,3118.5540515884,0
0.074,116.226347110814,-4.52718419926437,25.1765469269062,20.6493627276418,0.999998905736303,1,0,0,0,0,3163.43576451707,0
0.075,116.24399754786,-4.88019169520655,25.5264190327676,20.6462273375611,0.999998911836543,1,0,0,0,0,3207.88431508181,0
0.076,116.261472318327,-5.22968576249252,25.8728098528941,20.6431240904015,0.99999891837365,1,0,0,0,0,3251.90374757792,0
0.077,116.278773171084,-5.57570137947497,26.2157540266492,20.6400526471742,0.999998925343277,1,0,0,0,0,3295.49807132289,0
0.078,116.29590183758,-5.91827317607398,26.5552858487292,20.6370126726552,0.999998932741118,1,0,0,0,0,3338.6712609002,0
0.079,116.312860032015,-6.25743543725217,26.8914392725925,20.6340038353403,0.999998940562912,1,0,0,0,0,3381.42725640268,0
0.08,116.329649451515,-6.593222106455,27.224247913855,20.6310258074,0.99999894880444,1,0,0,0,0,3423.76996367556,0
0.081,116.3462717763,-6.92566678901682,27.5537450536518,20.628078264635,0.999998957461523,1,0,0,0,0,3465.70325455897,0
0.082,116.362728669853,-7.25480275553273,27.8799636419651,20.6251608864324,0.999998966530027,1,0,0,0,0,3507.23096713012,0
0.083,116.37902177909,-7.58066294519677,28.2029363009195,20.6222733557227,0.999998976005856,1,0,0,0,0,3548.35690594486,0
0.084,116.39515273452,-7.90327996910677,28.522695328044,20.6194153589372,0.999998985884956,1,0,0,0,0,3589.08484227876,0
0.085,116.411123150411,-8.22268611353612,28.8392726995021,20.616586585966,0.999998996163313,1,0,0,0,0,3629.4185143676,0
0.086,116.426934624955,-8.53891334317282,29.152700073289,20.6137867301162,0.999999006836955,1,0,0,0,0,3669.36162764729,0
0.087,116.442588740423,-8.85199330432622,29.4630087923978,20.6110154880716,0.999999017901946,1,0,0,0,0,3708.91785499312,0
0.088,116.458087063326,-9.16195732810166,29.7702298879536,20.6082725598519,0.999999029354393,1,0,0,0,0,3748.09083695843,0
0.089,116.473431144575,-9.46883643354335,30.0743940823168,20.6055576487735,0.999999041190439,1,0,0,0,0,3786.8841820125,0
0.09,116.488622519632,-9.77266133074591,30.3755317921553,20.6028704614094,0.999999053406265,1,0,0,0,0,3825.3014667778,0
0.091,116.503662708666,-10.0734624239347,30.6736731314861,20.6002107075513,0.999999065998093,1,0,0,0,0,3863.3462362665,0
0.092,116.518553216705,-10.3712698145157,30.9688479146866,20.5975781001709,0.999999078962181,1,0,0,0,0,3901.02200411617,0
0.093,116.533295533789,-10.6661133040942,31.2610856594768,20.5949723553825,0.999999092294822,1,0,0,0,0,3938.33225282474,0
0.094,116.547891135116,-10.9580223974643,31.5504155898699,20.5923931924056,0.99999910599235,1,0,0,0,0,3975.28043398469,0
0.095,116.562341481194,-11.2470263055675,31.8368666390959,20.5898403335284,0.999999120051133,1,0,0,0,0,4011.86996851626,0
0.096,116.576648017984,-11.5331539484229,32.1204674524942,20.5873135040713,0.999999134467576,1,0,0,0,0,4048.10424690001,0
0.097,116.590812177045,-11.8164339580266,32.4012463903782,20.5848124323516,0.999999149238118,1,0,0,0,0,4083.98662940836,0
0.098,116.60483537568,-12.0968946812241,32.679231530872,20.5823368496479,0.999999164359236,1,0,0,0,0,4119.5204463363,0
0.099,116.618719017079,-12.3745641825518,32.9544506727173,20.5798864901656,0.999999179827442,1,0,0,0,0,4154.70899823115,0
0.1,116.632464490454,-12.649470247052,33.226931338054,20.577461091002,0.99999919563928,1,0,0,0,0,4189.55555612147,0
0.101,116.646073171185,-12.9216403830589,33.4967007751722,20.5750603921133,0.99999921179133,1,0,0,0,0,4224.0633617449,0
0.102,116.659546420952,-13.1911018249565,33.763785961237,20.5726841362804,0.999999228280207,1,0,0,0,0,4258.23562777517,0
0.103,116.672885587878,-13.4578815359098,34.0282136049862,20.5703320690764,0.999999245102559,1,0,0,0,0,4292.07553804802,0
0.104,116.686092006657,-13.7220062105679,34.2900101494014,20.5680039388335,0.999999262255067,1,0,0,0,0,4325.5862477862,0
0.105,116.699166998693,-13.9835022777406,34.5492017743522,20.5656994966115,0.999999279734445,1,0,0,0,0,4358.77088382341,0
0.106,116.712111872231,-14.2423959030484,34.8058143992141,20.5634184961657,0.99999929753744,1,0,0,0,0,4391.63254482724,0
0.107,116.724927922489,-14.4987129915453,35.0598736854608,20.5611606939155,0.999999315660831,1,0,0,0,0,4424.17430152106,0
0.108,116.737616431785,-14.7524791903161,35.3114050392298,20.5589258489137,0.99999933410143,1,0,0,0,0,4456.39919690487,0
0.109,116.750178669668,-15.0037198910475,35.5604336138636,20.5567137228161,0.99999935285608,1,0,0,0,0,4488.31024647508,0
0.11,116.762615893046,-15.2524602325738,35.8069843124248,20.554524079851,0.999999371921655,1,0,0,0,0,4519.91043844321,0
0.111,116.774929346308,-15.4987251033966,36.0510817901864,20.5523566867898,0.999999391295061,1,0,0,0,0,4551.2027339535,0
0.112,116.787120261455,-15.7425391441799,36.2927504570973,20.5502113129175,0.999999410973235,1,0,0,0,0,4582.19006729945,0
0.113,116.799189858217,-15.9839267502199,36.5320144802237,20.5480877300038,0.999999430953144,1,0,0,0,0,4612.8753461392,0
0.114,116.811139344179,-16.2229120738907,36.7688977861651,20.5459857122744,0.999999451231784,1,0,0,0,0,4643.26145170985,0
0.115,116.822969914903,-16.4595190270647,37.0034240634478,20.5439050363831,0.999999471806183,1,0,0,0,0,4673.3512390406,0
0.116,116.834682754043,-16.6937712835099,37.2356167648932,20.5418454813833,0.999999492673397,1,0,0,0,0,4703.1475371648,0
0.117,116.84627903347,-16.9256922812622,37.4654991099633,20.5398068287012,0.999999513830512,1,0,0,0,0,4732.65314933083,0
0.118,116.857759913384,-17.1553052249747,37.6930940870827,20.537788862108,0.999999535274644,1,0,0,0,0,4761.87085321181,0
0.119,116.869126542433,-17.3826330882437,37.9184244559374,20.5357913676937,0.999999557002935,1,0,0,0,0,4790.80340111421,0
0.12,116.880380057828,-17.6076986159108,38.1415127497507,20.5338141338399,0.999999579012558,1,0,0,0,0,4819.45352018524,0
0.121,116.891521585455,-17.8305243263424,38.3623812775366,20.5318569511942,0.999999601300714,1,0,0,0,0,4847.82391261907,0
0.122,116.902552239992,-18.0511325136867,38.5810521263311,20.5299196126444,0.999999623864629,1,0,0,0,0,4875.91725586193,0
0.123,116.913473125016,-18.2695452501077,38.7975471634002,20.5280019132925,0.999999646701561,1,0,0,0,0,4903.73620281593,0
0.124,116.924285333117,-18.4857843879972,39.0118880384271,20.5261036504299,0.999999669808791,1,0,0,0,0,4931.2833820418,0
0.125,116.934989946005,-18.6998715621646,39.2240961856772,20.5242246235127,0.999999693183631,1,0,0,0,0,4958.56139796032,0
0.126,116.94558803462,-18.9118281920048,39.4341928261414,20.5223646341366,0.999999716823416,1,0,0,0,0,4985.57283105266,0
0.127,116.95608065924,-19.121675483645,39.6421989696583,20.5205234860133,0.99999974072551,1,0,0,0,0,5012.32023805945,0
0.128,116.966468869584,-19.329434432069,39.8481354170151,20.5187009849461,0.999999764887303,1,0,0,0,0,5038.80615217867,0
0.129,116.976753704921,-19.5351258232214,40.0520227620277,20.5168969388063,0.999999789306211,1,0,0,0,0,5065.0330832623,0
0.13,116.986936194173,-19.7387702360903,40.2538813936004,20.5151111575101,0.999999813979673,1,0,0,0,0,5091.00351801181,0
0.131,116.997017356015,-19.9403880447688,40.4537314977642,20.5133434529954,0.999999838905158,1,0,0,0,0,5116.71992017242,0
0.132,117.006998198982,-20.1399994204972,40.6515930596962,20.511593639199,0.999999864080158,1,0,0,0,0,5142.18473072606,0
0.133,117.016879721566,-20.3376243336832,40.8474858657173,20.5098615320341,0.999999889502188,1,0,0,0,0,5167.40036808325,0
0.134,117.026662912319,-20.5332825559036,41.0414295052716,20.508146949368,0.999999915168791,1,0,0,0,0,5192.36922827365,0
0.135,117.036348749951,-20.7269936618841,41.2334433728848,20.5064497110006,0.999999941077533,1,0,0,0,0,5217.09368513545,0
0.136,117.045938203426,-20.9187770314618,41.423546670104,20.5047696386422,0.999999967226005,1,0,0,0,0,5241.57609050348,0
0.137,117.048575548352,-20.9715181773243,41.475825801372,20.5043076240477,0.999999993440402,1,0,0,0,0,5248.30954566723,0
0.138,116.262383833558,-5.24767811427296,25.8906403593604,20.6429622450874,1,1,0,0,0,0,3254.17034287196,0
0.139,123.75,0,19.3939393939394,19.3939393939394,1,1,0,0,0,0,2594.5945945946,0
0.14,123.75,0,19.3939393939394,19.3939393939394,1,1,0,0,0,0,2594.5945945946,0
0.141,123.75,0,19.3939393939394,19.3939393939394,1,1,0,0,0,0,2594.5945945946,0
0.142,123.75,0,19.3939393939394,19.3939393939394,1,1,0,0,0,0,2594.5945945946,0
0.143,123.75,0,19.3939393939394,19.3939393939394,1,1,0,0,0,0,2594.5945945946,0
0.144,123.75,0,19.3939393939394,19.3939393939394,1,1,0,0,0,0,2594.5945945946,0
0.145,123.75,0,19.3939393939394,19.3939393939394,1,1,0,0,0,0,2594.5945945946,0
0.146,123.75,0,19.3939393939394,19.3939393939394,1,1,0,0,0,0,2594.5945945946,0
0.147,123.75,0,19.3939393939394,19.3939393939394,1,1,0,0,0,0,2594.5945945946,0
0.148,123.75,0,19.3939393939394,19.3939393939394,1,1,0,0,0,0,2594.5945945946,0
0.149,123.75,0,19.3939393939394,19.3939393939394,1,1,0,0,0,0,2594.5945945946,0
0.15,123.75,0,19.3939393939394,19.3939393939394,1,1,0,0,0,0,2594.5945945946,0
0.151,123.75,0,19.3939393939394,19.3939393939394,1,1,0,0,0,0,2594.5945945946,0
0.152,123.75,0,19.3939393939394,19.3939393939394,1,1,0,0,0,0,2594.5945945946,0
0.153,123.75,0,19.3939393939394,19.3939393939394,1,1,0,0,0,0,2594.5945945946,0
0.154,123.75,0,19.3939393939394,19.3939393939394,1,1,0,0,0,0,2594.5945945946,0
0.155,123.75,0,19.3939393939394,19.3939393939394,1,1,0,0,0,0,2594.5945945946,0
0.156,123.75,0,19.3939393939394,19.3939393939394,1,1,0,0,0,0,2594.5945945946,0
0.157,123.75,0,19.3939393939394,19.3939393939394,1,1,0,0,0,0,2594.5945945946,0
0.158,123.75,0,19.3939393939394,19.3939393939394,1,1,0,0,0,0,2594.5945945946,0
0.159,123.75,0,19.3939393939394,19.3939393939394,1,1,0,0,0,0,2594.5945945946,0
0.16,123.75,0,19.3939393939394,19.3939393939394,1,1,0,0,0,0,2594.5945945946,0
0.161,114.956123463593,20.8775307281486,0,20.8775307281486,0.99999997100343,1,0,0,1,0,0,0
0.162,114.956123141707,20.8775307866072,0,20.8775307866072,0.999999942006859,1,0,0,1,0,0,0
0.163,114.956122819822,20.8775308450657,0,20.8775308450657,0.999999913010288,1,0,0,1,0,0,0
0.164,114.956122497937,20.8775309035243,0,20.8775309035243,0.999999884013718,1,0,0,1,0,0,0
0.165,114.956122176052,20.8775309619828,0,20.8775309619828,0.999999855017147,1,0,0,1,0,0,0
0.166,114.956121854167,20.8775310204414,0,20.8775310204414,0.999999826020576,1,0,0,1,0,0,0
0.167,114.956121532281,20.8775310788999,0,20.8775310788999,0.999999797024005,1,0,0,1,0,0,0
0.168,114.956121210396,20.8775311373585,0,20.8775311373585,0.999999768027434,1,0,0,1,0,0,0
0.169,114.956120888511,20.877531195817,0,20.877531195817,0.999999739030863,1,0,0,1,0,0,0
0.17,114.956120566626,20.8775312542756,0,20.8775312542756,0.999999710034292,1,0,0,1,0,0,0
0.171,114.956120244741,20.8775313127341,0,20.8775313127341,0.999999681037721,1,0,0,1,0,0,0
0.172,114.956119922855,20.8775313711927,0,20.8775313711927,0.999999652041149,1,0,0,1,0,0,0
0.173,114.95611960097,20.8775314296512,0,20.8775314296512,0.999999623044578,1,0,0,1,0,0,0
0.174,114.956119279085,20.8775314881098,0,20.8775314881098,0.999999594048006,1,0,0,1,0,0,0
0.175,114.9561189572,20.8775315465684,0,20.8775315465684,0.999999565051435,1,0,0,1,0,0,0
0.176,114.956118635314,20.8775316050269,0,20.8775316050269,0.999999536054863,1,0,0,1,0,0,0
0.177,114.956118313429,20.8775316634855,0,20.8775316634855,0.999999507058291,1,0,0,1,0,0,0
0.178,114.956117991544,20.877531721944,0,20.877531721944,0.999999478061719,1,0,0,1,0,0,0
0.179,114.956117669659,20.8775317804026,0,20.8775317804026,0.999999449065147,1,0,0,1,0,0,0
0.18,114.956117347774,20.8775318388611,0,20.8775318388611,0.999999420068575,1,0,0,1,0,0,0
0.181,114.956117025888,20.8775318973197,0,20.8775318973197,0.999999391072003,1,0,0,1,0,0,0
0.182,114.956116704003,20.8775319557783,0,20.8775319557783,0.999999362075431,1,0,0,1,0,0,0
0.183,114.956116382118,20.8775320142368,0,20.8775320142368,0.999999333078859,1,0,0,1,0,0,0
0.184,114.956116060233,20.8775320726954,0,20.8775320726954,0.999999304082287,1,0,0,1,0,0,0
0.185,114.956115738347,20.8775321311539,0,20.8775321311539,0.999999275085714,1,0,0,1,0,0,0
0.186,114.956115416462,20.8775321896125,0,20.8775321896125,0.999999246089142,1,0,0,1,0,0,0
0.187,114.956115094577,20.8775322480711,0,20.8775322480711,0.999999217092569,1,0,0,1,0,0,0
0.188,114.956114772692,20.8775323065296,0,20.8775323065296,0.999999188095996,1,0,0,1,0,0,0
0.189,114.956114450807,20.8775323649882,0,20.8775323649882,0.999999159099424,1,0,0,1,0,0,0
0.19,114.956114128921,20.8775324234468,0,20.8775324234468,0.999999130102851,1,0,0,1,0,0,0
0.191,114.956113807036,20.8775324819053,0,20.8775324819053,0.999999101106278,1,0,0,1,0,0,0
0.192,114.956113485151,20.8775325403639,0,20.8775325403639,0.999999072109705,1,0,0,1,0,0,0
0.193,114.071372693176,38.5723420006079,0,38.5723420006079,0.999999018537008,1,0,0,1,0,0,2000
0.194,114.071372093742,38.5723422033019,0,38.5723422033019,0.99999896496431,1,0,0,1,0,0,2000
0.195,114.071371494308,38.572342405996,0,38.572342405996,0.999998911391612,1,0,0,1,0,0,2000
0.196,114.071370894873,38.57234260869,0,38.57234260869,0.999998857818914,1,0,0,1,0,0,2000
0.197,114.071370295439,38.5723428113841,0,38.5723428113841,0.999998804246216,1,0,0,1,0,0,2000
0.198,114.071369696004,38.5723430140781,0,38.5723430140781,0.999998750673517,1,0,0,1,0,0,2000
0.199,114.07136909657,38.5723432167722,0,38.5723432167722,0.999998697100818,1,0,0,1,0,0,2000
0.2,114.071368497136,38.5723434194662,0,38.5723434194662,0.999998643528119,1,0,0,1,0,0,2000
0.201,114.071367897701,38.5723436221603,0,38.5723436221603,0.99999858995542,1,0,0,1,0,0,2000
0.202,114.071367298267,38.5723438248544,0,38.5723438248544,0.99999853638272,1,0,0,1,0,0,2000
0.203,114.071366698833,38.5723440275484,0,38.5723440275484,0.99999848281002,1,0,0,1,0,0,2000
0.204,114.071366099398,38.5723442302425,0,38.5723442302425,0.99999842923732,1,0,0,1,0,0,2000
0.205,114.071365499964,38.5723444329366,0,38.5723444329366,0.999998375664619,1,0,0,1,0,0,2000
0.206,114.071364900529,38.5723446356307,0,38.5723446356307,0.999998322091918,1,0,0,1,0,0,2000
0.207,114.071364301095,38.5723448383248,0,38.5723448383248,0.999998268519217,1,0,0,1,0,0,2000
0.208,114.07136370166,38.5723450410188,0,38.5723450410188,0.999998214946516,1,0,0,1,0,0,2000
0.209,114.071363102226,38.5723452437129,0,38.5723452437129,0.999998161373814,1,0,0,1,0,0,2000
0.21,114.071362502792,38.572345446407,0,38.572345446407,0.999998107801112,1,0,0,1,0,0,2000
0.211,114.071361903357,38.5723456491011,0,38.5723456491011,0.99999805422841,1,0,0,1,0,0,2000
0.212,114.071361303923,38.5723458517952,0,38.5723458517952,0.999998000655707,1,0,0,1,0,0,2000
0.213,114.071360704488,38.5723460544893,0,38.5723460544893,0.999997947083004,1,0,0,1,0,0,2000
0.214,114.071360105054,38.5723462571834,0,38.5723462571834,0.999997893510301,1,0,0,1,0,0,2000
0.215,114.071359505619,38.5723464598776,0,38.5723464598776,0.999997839937598,1,0,0,1,0,0,2000
0.216,114.071358906185,38.5723466625717,0,38.5723466625717,0.999997786364894,1,0,0,1,0,0,2000
0.217,114.071358306751,38.5723468652658,0,38.5723468652658,0.99999773279219,1,0,0,1,0,0,2000
0.218,114.071357707316,38.5723470679599,0,38.5723470679599,0.999997679219486,1,0,0,1,0,0,2000
0.219,114.071357107882,38.572347270654,0,38.572347270654,0.999997625646781,1,0,0,1,0,0,2000
0.22,114.071356508447,38.5723474733482,0,38.5723474733482,0.999997572074076,1,0,0,1,0,0,2000
0.221,114.071355909013,38.5723476760423,0,38.5723476760423,0.999997518501371,1,0,0,1,0,0,2000
0.222,114.071355309578,38.5723478787364,0,38.5723478787364,0.999997464928666,1,0,0,1,0,0,2000
0.223,114.071354710144,38.5723480814306,0,38.5723480814306,0.99999741135596,1,0,0,1,0,0,2000
0.224,114.071354110709,38.5723482841247,0,38.5723482841247,0.999997357783254,1,0,0,1,0,0,2000
0.225,114.071353511275,38.5723484868188,0,38.5723484868188,0.999997304210548,1,0,0,1,0,0,2000
0.226,114.07135291184,38.572348689513,0,38.572348689513,0.999997250637841,1,0,0,1,0,0,2000
0.227,114.071352312406,38.5723488922071,0,38.5723488922071,0.999997197065135,1,0,0,1,0,0,2000
0.228,114.071351712971,38.5723490949013,0,38.5723490949013,0.999997143492428,1,0,0,1,0,0,2000
0.229,114.071351113537,38.5723492975954,0,38.5723492975954,0.99999708991972,1,0,0,1,0,0,2000
0.23,114.071350514102,38.5723495002896,0,38.5723495002896,0.999997036347013,1,0,0,1,0,0,2000
0.231,114.071349914668,38.5723497029838,0,38.5723497029838,0.999996982774305,1,0,0,1,0,0,2000
0.232,114.071349315233,38.5723499056779,0,38.5723499056779,0.999996929201596,1,0,0,1,0,0,2000
0.233,114.071348715799,38.5723501083721,0,38.5723501083721,0.999996875628888,1,0,0,1,0,0,2000
0.234,114.071348116364,38.5723503110663,0,38.5723503110663,0.999996822056179,1,0,0,1,0,0,2000
0.235,114.07134751693,38.5723505137605,0,38.5723505137605,0.99999676848347,1,0,0,1,0,0,2000
0.236,114.071346917495,38.5723507164546,0,38.5723507164546,0.999996714910761,1,0,0,1,0,0,2000
0.237,114.071346318061,38.5723509191488,0,38.5723509191488,0.999996661338051,1,0,0,1,0,0,2000
0.238,114.071345718626,38.572351121843,0,38.572351121843,0.999996607765341,1,0,0,1,0,0,2000
0.239,114.071345119192,38.5723513245372,0,38.5723513245372,0.999996554192631,1,0,0,1,0,0,2000
0.24,114.071344519757,38.5723515272314,0,38.5723515272314,0.999996500619921,1,0,0,1,0,0,2000
0.241,114.071343920323,38.5723517299256,0,38.5723517299256,0.99999644704721,1,0,0,1,0,0,2000
0.242,114.071343320888,38.5723519326198,0,38.5723519326198,0.999996393474499,1,0,0,1,0,0,2000
0.243,114.071342721454,38.572352135314,0,38.572352135314,0.999996339901788,1,0,0,1,0,0,2000
0.244,114.071342122019,38.5723523380082,0,38.5723523380082,0.999996286329076,1,0,0,1,0,0,2000
0.245,114.071341522585,38.5723525407024,0,38.5723525407024,0.999996232756364,1,0,0,1,0,0,2000
0.246,114.07134092315,38.5723527433966,0,38.5723527433966,0.999996179183652,1,0,0,1,0,0,2000
0.247,114.071340323716,38.5723529460908,0,38.5723529460908,0.99999612561094,1,0,0,1,0,0,2000
0.248,114.071339724281,38.572353148785,0,38.572353148785,0.999996072038227,1,0,0,1,0,0,2000
0.249,114.071339124847,38.5723533514793,0,38.5723533514793,0.999996018465514,1,0,0,1,0,0,2000
0.25,114.071338525412,38.5723535541735,0,38.5723535541735,0.999995964892801,1,0,0,1,0,0,2000
0.251,114.071337925977,38.5723537568677,0,38.5723537568677,0.999995911320087,1,0,0,1,0,0,2000
0.252,114.071337326543,38.5723539595619,0,38.5723539595619,0.999995857747373,1,0,0,1,0,0,2000
0.253,114.071336727108,38.5723541622562,0,38.5723541622562,0.999995804174659,1,0,0,1,0,0,2000
0.254,114.071336127674,38.5723543649504,0,38.5723543649504,0.999995750601945,1,0,0,1,0,0,2000
0.255,114.071335528239,38.5723545676446,0,38.5723545676446,0.99999569702923,1,0,0,1,0,0,2000
0.256,114.071334928805,38.5723547703389,0,38.5723547703389,0.999995643456515,1,0,0,1,0,0,2000
0.257,114.07133432937,38.5723549730331,0,38.5723549730331,0.9999955898838,1,0,0,1,0,0,2000
0.258,114.071333729935,38.5723551757274,0,38.5723551757274,0.999995536311084,1,0,0,1,0,0,2000
0.259,114.071333130501,38.5723553784216,0,38.5723553784216,0.999995482738368,1,0,0,1,0,0,2000
0.26,114.071332531066,38.5723555811159,0,38.5723555811159,0.999995429165652,1,0,0,1,0,0,2000
0.261,114.071331931632,38.5723557838101,0,38.5723557838101,0.999995375592936,1,0,0,1,0,0,2000
0.262,114.071331332197,38.5723559865044,0,38.5723559865044,0.999995322020219,1,0,0,1,0,0,2000
0.263,114.071330732762,38.5723561891987,0,38.5723561891987,0.999995268447503,1,0,0,1,0,0,2000
0.264,114.071330133328,38.5723563918929,0,38.5723563918929,0.999995214874785,1,0,0,1,0,0,2000
0.265,114.071329533893,38.5723565945872,0,38.5723565945872,0.999995161302068,1,0,0,1,0,0,2000
0.266,114.071328934459,38.5723567972815,0,38.5723567972815,0.99999510772935,1,0,0,1,0,0,2000
0.267,114.071328335024,38.5723569999758,0,38.5723569999758,0.999995054156632,1,0,0,1,0,0,2000
0.268,114.110440288099,37.7901061524801,0.769029969430871,38.559136121911,0.999995001670373,1,0,0,0,0,94.8695658448649,2000
0.269,114.149162623098,37.0156479055137,1.53040796462937,38.5460558701431,0.999994950259751,1,0,0,0,0,188.859229874771,2000
0.27,114.187499226241,36.2489045323178,2.28421012397406,38.5331146562919,0.999994899914051,1,0,0,0,0,281.976477582552,2000
0.271,114.225453944876,35.489799083562,3.03051182825433,38.5203109118163,0.999994850622663,1,0,0,0,0,374.228745154236,2000
0.272,114.263030587873,34.7382553795197,3.76938770820858,38.5076430877282,0.999994802375086,1,0,0,0,0,465.623419460098,2000
0.273,114.30023292601,33.9941980023234,4.50091165198728,38.4951096543107,0.999994755160922,1,0,0,0,0,556.167838055717,2000
0.274,114.337064692355,33.2575522882996,5.22515681254192,38.4827091008415,0.999994708969877,1,0,0,0,0,645.869289192763,2000
0.275,114.37352958265,32.5282443203809,5.94219561494028,38.4704399353212,0.99999466379176,1,0,0,0,0,734.735011839204,2000
0.276,114.40963125568,31.8062009205965,6.65209976360906,38.4583006842055,0.999994619616481,1,0,0,0,0,822.772195708655,2000
0.277,114.445373333649,31.0913496426386,7.35494024950431,38.4462898921429,0.999994576434051,1,0,0,0,0,909.987981298601,2000
0.278,114.480759402549,30.383618764505,8.05078735721064,38.4344061217157,0.99999453423458,1,0,0,0,0,996.389459937208,2000
0.279,114.51579301252,29.6829372812167,8.73971067196968,38.4226479531864,0.999994493008279,1,0,0,0,0,1081.98367383847,2000
0.28,114.550477678211,28.989234897609,9.42177908663869,38.4110139842477,0.999994452745452,1,0,0,0,0,1166.77761616545,2000
0.281,114.58481687914,28.3024420211969,10.0970608085799,38.3995028297768,0.999994413436505,1,0,0,0,0,1250.77823110126,2000
0.282,114.618814060046,27.6224897551129,10.7656233664812,38.3881131215941,0.999994375071936,1,0,0,0,0,1333.99241392777,2000
0.283,114.652472631235,26.9493098911161,11.4275336171092,38.3768435082252,0.999994337642339,1,0,0,0,0,1416.42701111149,2000
0.284,114.685795968932,26.2828349026731,12.0828577519949,38.3656926546679,0.999994301138402,1,0,0,0,0,1498.08882039666,2000
0.285,114.718787415617,25.6229979381091,12.7316613040528,38.3546592421619,0.999994265550904,1,0,0,0,0,1578.98459090516,2000
0.286,114.751450280369,24.9697328138286,13.3740091541345,38.3437419679631,0.99999423087072,1,0,0,0,0,1659.1210232431,2000
0.287,114.783787839198,24.3229740076048,14.0099655375166,38.3329395451213,0.999994197088812,1,0,0,0,0,1738.50476961381,2000
0.288,114.81580333538,23.6826566519375,14.6395940503241,38.3222507022616,0.999994164196233,1,0,0,0,0,1817.14243393709,2000
0.289,114.847499979785,23.0487165274786,15.2629576558905,38.3116741833691,0.999994132184127,1,0,0,0,0,1895.04057197442,2000
0.29,114.878880951199,22.4210900565235,15.8801186910541,38.3012087475776,0.999994101043724,1,0,0,0,0,1972.20569146002,2000
0.291,114.909949396652,21.7997142965701,16.4911388723913,38.2908531689614,0.999994070766343,1,0,0,0,0,2048.64425223746,2000
0.292,114.940708431733,21.1845269339414,17.0960793023888,38.2806062363302,0.999994041343389,1,0,0,0,0,2124.36266640178,2000
0.293,114.971161140904,20.5754662774746,17.6950004755536,38.2704667530282,0.999994012766352,1,0,0,0,0,2199.36729844674,2000
0.294,115.001310577816,19.9724712522727,18.2879622844626,38.2604335367354,0.999993985026809,1,0,0,0,0,2273.66446541717,2000
0.295,115.031159765619,19.3754813935203,18.8750240257521,38.2505054192724,0.999993958116418,1,0,0,0,0,2347.26043706614,2000
0.296,115.060711697262,18.7844368403622,19.456244406047,38.2406812464092,0.999993932026922,1,0,0,0,0,2420.16143601691,2000
0.297,115.089969335804,18.1992783298434,20.0316815478319,38.2309598776753,0.999993906750147,1,0,0,0,0,2492.37363792925,2000
0.298,115.118935614706,17.6199471909111,20.6013929952634,38.2213401861745,0.999993882277998,1,0,0,0,0,2563.90317167025,2000
0.299,115.147613438134,17.0463853384774,21.1654357199243,38.2118210584018,0.999993858602463,1,0,0,0,0,2634.75611948922,2000
0.3,115.17600568125,16.4785352675418,21.7238661265212,38.2024013940631,0.999993835715608,1,0,0,0,0,2704.93851719668,2000
0.301,115.204115190503,15.9163400473736,22.2767400585246,38.1930801058982,0.999993813609581,1,0,0,0,0,2774.45635434719,2000
0.302,115.231944783918,15.359743315753,22.8241128037533,38.1838561195062,0.999993792276604,1,0,0,0,0,2843.31557442595,2000
0.303,115.259497251379,14.8086892732704,23.3660390999036,38.1747283731741,0.99999377170898,1,0,0,0,0,2911.52207503887,2000
0.304,115.286775354915,14.2631226776841,23.9025731400229,38.1656958177071,0.999993751899087,1,0,0,0,0,2979.08170810621,2000
0.305,115.313781828973,13.7229888383339,24.433768577929,38.1567574162629,0.99999373283938,1,0,0,0,0,3046.00028005938,2000
0.306,115.340519380703,13.1882336106121,24.9596785335755,38.1479121441875,0.999993714522389,1,0,0,0,0,3112.28355204105,2000
0.307,115.366990690222,12.6588033904901,25.4803555983638,38.1391589888539,0.999993696940718,1,0,0,0,0,3177.93724010808,2000
0.308,115.393198410893,12.1346451091009,25.9958518404026,38.1304969495035,0.999993680087044,1,0,0,0,0,3242.96701543756,2000
0.309,115.419145169589,11.6157062273751,26.5062188097143,38.1219250370894,0.999993663954119,1,0,0,0,0,3307.37850453546,2000
0.31,115.444833566959,11.1019347307324,27.0115075433904,38.1134422741229,0.999993648534765,1,0,0,0,0,3371.17728944795,2000
0.311,115.470266177691,10.5932791238263,27.5117685706951,38.1050476945214,0.999993633821877,1,0,0,0,0,3434.36890797535,2000
0.312,115.495445550774,10.0896884253414,28.0070519181182,38.0967403434596,0.999993619808421,1,0,0,0,0,3496.95885388833,2000
0.313,115.52037420975,9.59111216284435,28.4974071143778,38.0885192772222,0.999993606487432,1,0,0,0,0,3558.95257714652,2000
0.314,115.545054652977,9.09750036768557,28.9828831953735,38.080383563059,0.999993593852015,1,0,0,0,0,3620.35548411923,2000
0.315,115.569489353874,8.60880356995334,29.4635287090894,38.0723322790427,0.999993581895343,1,0,0,0,0,3681.1729378083,2000
0.316,115.593680761175,8.12497279347846,29.9393917204497,38.0643645139281,0.999993570610659,1,0,0,0,0,3741.41025807289,2000
0.317,115.617631299173,7.64595955088939,30.4105198161246,38.056479367014,0.999993559991271,1,0,0,0,0,3801.07272185609,2000
0.318,115.641343367968,7.17171583871735,30.8769601092894,38.0486759480068,0.999993550030554,1,0,0,0,0,3860.1655634134,2000
0.319,115.664819343709,6.70219413255067,31.3387592443357,38.0409533768863,0.999993540721951,1,0,0,0,0,3918.69397454277,2000
0.32,115.68806157883,6.23734738223823,31.7959634015357,38.0333107837739,0.999993532058969,1,0,0,0,0,3976.66310481629,2000
0.321,115.711072402292,5.77712900714111,32.2486183016606,38.0257473088017,0.999993524035178,1,0,0,0,0,4034.07806181332,2000
0.322,115.733854119815,5.32149289143212,32.6967692105526,38.0182621019847,0.999993516644216,1,0,0,0,0,4090.94391135498,2000
0.323,115.756409014114,4.87039337944296,33.1404609436512,38.0108543230942,0.999993509879781,1,0,0,0,0,4147.26567774007,2000
0.324,115.778739345125,4.42378527105797,33.5797378704753,38.0035231415333,0.999993503735635,1,0,0,0,0,4203.04834398203,2000
0.325,115.800847350234,3.9816238171545,34.0146439190599,37.9962677362144,0.999993498205601,1,0,0,0,0,4258.29685204717,2000
0.326,115.822735244507,3.54386471508921,34.4452225803489,37.9890872954381,0.999993493283567,1,0,0,0,0,4313.01610309392,2000
0.327,115.844405220908,3.11046410422984,34.8715169125442,37.9819810167741,0.999993488963478,1,0,0,0,0,4367.21095771298,2000
0.328,115.865859450522,2.68137856153194,35.2935695454118,37.9749481069438,0.999993485239341,1,0,0,0,0,4420.88623616854,2000
0.329,115.887100082775,2.25656509716026,35.7114226845446,37.9679877817049,0.999993482105223,1,0,0,0,0,4474.0467186401,2000
0.33,115.90812924565,1.83598115015417,36.125118115583,37.9610992657371,0.999993479555249,1,0,0,0,0,4526.69714546525,2000
0.331,115.928949045901,1.41958458413672,36.5346972083935,37.9542817925302,0.999993477583604,1,0,0,0,0,4578.84221738299,2000
0.332,115.949561569266,1.00733368306699,36.9402009212059,37.9475346042729,0.999993476184529,1,0,0,0,0,4630.48659577776,2000
0.333,115.969968880678,0.599187147035067,37.3416698047089,37.9408569517439,0.999993475352325,1,0,0,0,0,4681.63490292394,2000
0.334,115.990173024471,0.195104088099512,37.7391440061052,37.9342480942047,0.999993475081347,1,0,0,0,0,4732.29172223087,2000
0.335,116.010176024586,-0.204955973833407,38.1326632731266,37.9277072992932,0.999993475337542,1,0,0,0,0,4782.46159848833,2000
0.336,116.029979884462,-0.601033114985967,38.5222669580094,37.9212338430234,0.999993476088833,1,0,0,0,0,4832.14903809915,2000
0.337,116.04958658757,-0.993167011858276,38.9079940214297,37.9148270095714,0.999993477330292,1,0,0,0,0,4881.35850933899,2000
0.338,116.068998097899,-1.38139694531683,39.2898830363986,37.9084860910817,0.999993479057038,1,0,0,0,0,4930.09444261451,2000
0.339,116.08821635985,-1.76576180445278,39.6679721921194,37.9022103876666,0.999993481264241,1,0,0,0,0,4978.36123069759,2000
0.34,116.107243298432,-2.14630009049956,40.0422992978068,37.8959992073073,0.999993483947116,1,0,0,0,0,5026.16322897198,2000
0.341,116.126080819454,-2.52304992071097,40.4129017864677,37.8898518657567,0.999993487100928,1,0,0,0,0,5073.50475568,2000
0.342,116.14473080972,-2.89604903220049,40.7798167186443,37.8837676864439,0.999993490720989,1,0,0,0,0,5120.39009216938,2000
0.343,116.163195137218,-3.26533478574174,41.1430807861207,37.877746000379,0.999993494802658,1,0,0,0,0,5166.82348313996,2000
0.344,116.181475651306,-3.63094416953094,41.5027303155915,37.8717861460606,0.999993499341338,1,0,0,0,0,5212.80913689039,2000
0.345,116.1995741829,-3.9929138029115,41.8588012722952,37.8658874693837,0.99999350433248,1,0,0,0,0,5258.35122556469,2000
0.346,116.21749254466,-4.35127994006106,42.2113292636098,37.8600493235488,0.99999350977158,1,0,0,0,0,5303.45388539868,2000
0.347,116.235232531169,-4.7060784736417,42.5603495426147,37.854271068973,0.999993515654178,1,0,0,0,0,5348.12121696613,2000
0.348,116.252795919117,-5.05734493841324,42.9058970116151,37.8485520732019,0.99999352197586,1,0,0,0,0,5392.35728542479,2000
0.349,116.270184467475,-5.40511451481042,43.2480062256328,37.8428917108224,0.999993528732253,1,0,0,0,0,5436.16612076198,2000
0.35,116.287399917679,-5.74942203248407,43.5867113958614,37.8372893633773,0.99999353591903,1,0,0,0,0,5479.55171803999,2000
0.351,116.3044439938,-6.0903019738067,43.9220463930876,37.8317444192809,0.999993543531908,1,0,0,0,0,5522.518037641,2000
0.352,116.321318402718,-6.4277884773429,44.2540447510784,37.8262562737355,0.999993551566643,1,0,0,0,0,5565.0690055117,2000
0.353,116.338024834297,-6.76191534128495,44.5827396699343,37.8208243286493,0.999993560019037,1,0,0,0,0,5607.20851340738,2000
0.354,116.354564961552,-7.09271602685382,44.9081640194094,37.8154479925556,0.999993568884932,1,0,0,0,0,5648.94041913557,2000
0.355,116.370940440818,-7.42022366166612,45.2303503421985,37.8101266805324,0.999993578160212,1,0,0,0,0,5690.26854679924,2000
0.356,116.387152911916,-7.74447104306721,45.5493308571913,37.8048598141241,0.999993587840801,1,0,0,0,0,5731.19668703932,2000
0.357,116.40320399832,-8.06549064143084,45.8651374626944,37.7996468212635,0.999993597922664,1,0,0,0,0,5771.72859727677,2000
0.358,116.419095307321,-8.38331460342574,46.1778017396208,37.7944871361951,0.999993608401807,1,0,0,0,0,5811.86800195403,2000
0.359,116.434828430182,-8.69797475524936,46.4873549546488,37.7893801993994,0.999993619274276,1,0,0,0,0,5851.61859277569,2000
0.36,116.450404942308,-9.00950260582918,46.7938280633476,37.7843254575185,0.999993630536154,1,0,0,0,0,5890.98402894875,2000
0.361,116.465826403397,-9.31792934999191,47.097251713274,37.7793223632821,0.999993642183566,1,0,0,0,0,5929.96793742192,2000
0.362,116.481094357599,-9.62328587160091,47.3976562470364,37.7743703754355,0.999993654212673,1,0,0,0,0,5968.57391312443,2000
0.363,116.496210333673,-9.9256027466621,47.6950717053292,37.7694689586671,0.999993666619676,1,0,0,0,0,6006.80551920392,2000
0.364,116.511175845136,-10.2249102463987,47.9895278299374,37.7646175835386,0.999993679400814,1,0,0,0,0,6044.66628726368,2000
0.365,116.525992390424,-10.5212383402954,48.28105406671,37.7598157264147,0.999993692552362,1,0,0,0,0,6082.15971759902,2000
0.366,116.540661453032,-10.8146166991112,48.5696795685055,37.7550628693943,0.999993706070633,1,0,0,0,0,6119.28927943289,2000
0.367,116.55518450167,-11.1050746978634,48.8554331981062,37.7503585002429,0.999993719951977,1,0,0,0,0,6156.05841115059,2000
0.368,116.569562990411,-11.3926414187802,49.1383435311056,37.7457021123254,0.999993734192778,1,0,0,0,0,6192.47052053368,2000
0.369,116.583798358832,-11.6773456542247,49.418438858765,37.7410932045403,0.99999374878946,1,0,0,0,0,6228.52898499299,2000
0.37,116.597892032164,-11.9592159095894,49.6957471908432,37.7365312812539,0.99999376373848,1,0,0,0,0,6264.23715180069,2000
0.371,116.611845421431,-12.238280406161,49.9702962583975,37.7320158522365,0.999993779036331,1,0,0,0,0,6299.59833832149,2000
0.372,116.625659923598,-12.5145670839577,50.2421135165565,37.7275464325988,0.99999379467954,1,0,0,0,0,6334.61583224292,2000
0.373,116.639336921702,-12.788103604537,50.5112261472659,37.7231225427289,0.999993810664669,1,0,0,0,0,6369.29289180457,2000
0.374,116.652877785,-13.0589173537758,50.7776610620067,37.7187437082309,0.999993826988316,1,0,0,0,0,6403.63274602641,2000
0.375,116.666283869103,-13.3270354446228,51.0414449044862,37.7144094598635,0.99999384364711,1,0,0,0,0,6437.63859493616,2000
0.376,116.679556516109,-13.5924847198227,51.3026040533026,37.7101193334799,0.999993860637716,1,0,0,0,0,6471.31360979557,2000
0.377,116.692697054746,-13.855291754614,51.5611646245827,37.7058728699686,0.999993877956831,1,0,0,0,0,6504.66093332572,2000
0.378,116.705706800495,-14.1154828593993,51.8171524745936,37.7016696151943,0.999993895601184,1,0,0,0,0,6537.68367993132,2000
0.379,116.718587055732,-14.3730840823883,52.0705932023284,37.6975091199401,0.999993913567539,1,0,0,0,0,6570.38493592389,2000
0.38,116.731339109854,-14.6281212122155,52.3215121520662,37.6933909398507,0.999993931852691,1,0,0,0,0,6602.76775974397,2000
0.381,116.743964239406,-14.8806197805307,52.5699344159061,37.6893146353755,0.999993950453466,1,0,0,0,0,6634.83518218213,2000
0.382,116.756463708216,-15.130605064564,52.8158848362771,37.6852797717131,0.999993969366722,1,0,0,0,0,6666.59020659905,2000
0.383,116.768838767517,-15.3781020896652,53.0593880084218,37.6812859187566,0.99999398858935,1,0,0,0,0,6698.03580914437,2000
0.384,116.781090656074,-15.6231356318175,53.3004682828562,37.6773326510387,0.999994008118269,1,0,0,0,0,6729.1749389745,2000
0.385,116.793220600307,-15.8657302201257,53.5391497678047,37.673419547679,0.999994027950432,1,0,0,0,0,6760.0105184693,2000
0.386,116.805229814419,-16.1059101392808,53.7754563316111,37.6695461923303,0.99999404808282,1,0,0,0,0,6790.54544344765,2000
0.387,116.817119500511,-16.3436994319983,54.0094116051251,37.6657121731268,0.999994068512444,1,0,0,0,0,6820.78258338181,2000
0.388,116.828890848709,-16.5791219014331,54.2410389840657,37.6619170826326,0.999994089236346,1,0,0,0,0,6850.72478161077,2000
0.389,116.840545037278,-16.8122011135701,54.4703616313609,37.6581605177909,0.999994110251598,1,0,0,0,0,6880.37485555228,2000
0.39,116.852083232747,-17.0429603995904,54.6974024794636,37.6544420798732,0.999994131555298,1,0,0,0,0,6909.73559691389,2000
0.391,116.863506590019,-17.2714228582145,54.9221842326451,37.6507613744306,0.999994153144577,1,0,0,0,0,6938.80977190266,2000
0.392,116.874816252492,-17.4976113580244,55.1447293692656,37.6471180112412,0.999994175016591,1,0,0,0,0,6967.60012143382,1999.99999999968
0.393,117.740566652546,-34.8126145472642,55.1964131668381,20.3837986195738,0.999994218532359,1,0,0,0,0,7025.79131183951,0
0.394,117.743147951779,-34.8642309584593,55.2475827012113,20.383351742752,0.999994262112648,1,0,0,0,0,7032.45870699121,0
0.395,117.745703571161,-34.9153337584374,55.2982430893884,20.3829093309509,0.999994305756815,1,0,0,0,0,7039.06004195581,0
0.396,117.74823376623,-34.9659280581012,55.3483993974574,20.3824713393562,0.999994349464225,1,0,0,0,0,7045.59596847403,0
0.397,117.750738789981,-35.0160189174909,55.398056641098,20.3820377236071,0.999994393234249,1,0,0,0,0,7052.0671319119,0
0.398,117.753218892891,-35.0656113462914,55.4472197860831,20.3816084397918,0.999994437066263,1,0,0,0,0,7058.47417132205,0
0.399,117.755674322946,-35.1147103043326,55.4958937487753,20.3811834444427,0.999994480959651,1,0,0,0,0,7064.8177195044,0
0.4,117.75810532566,-35.1633207020864,55.5440833966185,20.3807626945321,0.999994524913802,1,0,0,0,0,7071.09840306624,0
0.401,117.76051214411,-35.2114474011574,55.5917935486249,20.3803461474674,0.999994568928111,1,0,0,0,0,7077.31684248182,0
0.402,117.762895018948,-35.2590952147696,55.6390289758566,20.379933761087,0.99999461300198,1,0,0,0,0,7083.47365215134,0
0.403,117.765254188434,-35.3062689082476,55.6857944019029,20.3795254936554,0.999994657134816,1,0,0,0,0,7089.56944045944,0
0.404,117.767589888458,-35.3529731994937,55.7320945033527,20.379121303859,0.999994701326032,1,0,0,0,0,7095.60480983309,0
0.405,117.769902352559,-35.3992127594599,55.777933910262,20.3787211508021,0.999994745575048,1,0,0,0,0,7101.58035679899,0
0.406,117.772191811956,-35.4449922126148,55.8233172066169,20.3783249940021,0.999994789881289,1,0,0,0,0,7107.49667204039,0
0.407,117.774458495565,-35.4903161374065,55.8682489307922,20.3779327933856,0.999994834244184,1,0,0,0,0,7113.35434045346,0
0.408,117.776702630022,-35.5351890667209,55.912733576005,20.3775445092842,0.99999487866317,1,0,0,0,0,7119.15394120302,0
0.409,117.778924439712,-35.5796154883345,55.9567755907644,20.3771601024299,0.999994923137689,1,0,0,0,0,7124.89604777788,0
0.41,117.781124146783,-35.6235998453641,56.0003793793159,20.3767795339518,0.999994967667189,1,0,0,0,0,7130.58122804556,0
0.411,117.783301971175,-35.6671465367108,56.0435493020821,20.3764027653713,0.999995012251122,1,0,0,0,0,7136.21004430653,0
0.412,117.785458130637,-35.7102599175002,56.0862896760985,20.3760297585983,0.999995056888947,1,0,0,0,0,7141.783053348,0
0.413,117.787592840754,-35.7529442995183,56.1286047754458,20.3756604759275,0.999995101580128,1,0,0,0,0,7147.30080649712,0
0.414,117.789706314964,-35.7952039516424,56.1704988316766,20.3752948800341,0.999995146324133,1,0,0,0,0,7152.76384967371,0
0.415,117.791798764579,-35.8370431002686,56.2119760342387,20.3749329339701,0.999995191120437,1,0,0,0,0,7158.17272344257,0
0.416,117.793870398812,-35.8784659297344,56.2530405308947,20.3745746011604,0.999995235968519,1,0,0,0,0,7163.52796306519,0
0.417,117.795921424791,-35.9194765827371,56.2936964281359,20.3742198453988,0.999995280867865,1,0,0,0,0,7168.83009855103,0
0.418,117.797952047584,-35.9600791607488,56.3339477915933,20.3738686308445,0.999995325817964,1,0,0,0,0,7174.07965470833,0
0.419,117.799962470219,-36.0002777244261,56.3737986464446,20.3735209220185,0.999995370818311,1,0,0,0,0,7179.27715119443,0
0.42,117.801952893702,-36.0400762940165,56.4132529778158,20.3731766837993,0.999995415868406,1,0,0,0,0,7184.42310256559,0
0.421,117.803923517041,-36.0794788497609,56.4523147311807,20.3728358814198,0.999995460967755,1,0,0,0,0,7189.5180183264,0
0.422,117.80587453726,-36.1184893322913,56.4909878127548,20.3724984804635,0.999995506115866,1,0,0,0,0,7194.56240297867,0
0.423,117.807806149426,-36.1571116430252,56.529276089886,20.3721644468608,0.999995551312256,1,0,0,0,0,7199.5567560699,0
0.424,117.809718546663,-36.195349644556,56.5671833914417,20.3718337468856,0.999995596556443,1,0,0,0,0,7204.50157224129,0
0.425,117.811611920173,-36.2332071610392,56.6047135081911,20.3715063471519,0.999995641847952,1,0,0,0,0,7209.39734127522,0
0.426,117.813486459256,-36.2706879785751,56.6418701931851,20.37118221461,0.999995687186312,1,0,0,0,0,7214.24454814245,0
0.427,117.815342351329,-36.3077958455873,56.6786571621307,20.3708613165434,0.999995732571057,1,0,0,0,0,7219.04367304868,0
0.428,117.817179781942,-36.3445344731982,56.7150780937633,20.3705436205651,0.999995778001725,1,0,0,0,0,7223.79519148082,0
0.429,117.818998934799,-36.3809075355994,56.7511366302139,20.3702290946145,0.999995823477859,1,0,0,0,0,7228.49957425276,0
0.43,117.820799991777,-36.4169186704202,56.7868363773743,20.3699177069541,0.999995868999007,1,0,0,0,0,7233.15728755071,0
0.431,117.822583132944,-36.4525714790907,56.8221809052564,20.3696094261657,0.999995914564722,1,0,0,0,0,7237.7687929781,0
0.432,117.824348536572,-36.4878695272026,56.8571737483505,20.3693042211479,0.999995960174559,1,0,0,0,0,7242.33454760009,0
0.433,117.826096379163,-36.5228163448654,56.8918184059777,20.3690020611123,0.999996005828079,1,0,0,0,0,7246.85500398767,0
0.434,117.827826835462,-36.55741542706,56.9261183426406,20.3687029155806,0.999996051524848,1,0,0,0,0,7251.33061026126,0
0.435,117.829540078473,-36.5916702339879,56.9600769883692,20.3684067543813,0.999996097264436,1,0,0,0,0,7255.76181013399,0
0.436,117.83123627948,-36.6255841914177,56.9936977390642,20.3681135476465,0.999996143046416,1,0,0,0,0,7260.14904295451,0
0.437,117.832915608062,-36.6591606910275,57.0269839568366,20.3678232658091,0.999996188870367,1,0,0,0,0,7264.49274374944,0
0.438,117.834578232111,-36.6924030907443,57.0599389703438,20.3675358795995,0.999996234735871,1,0,0,0,0,7268.79334326538,0
0.439,117.836224317849,-36.7253147150798,57.0925660751226,20.3672513600427,0.999996280642514,1,0,0,0,0,7273.05126801052,0
0.44,117.837854029841,-36.7578988554632,57.1248685339184,20.3669696784552,0.999996326589888,1,0,0,0,0,7277.26694029592,0
0.441,117.839467531017,-36.79015877057,57.1568495770121,20.3666908064421,0.999996372577586,1,0,0,0,0,7281.44077827628,0
0.442,117.841064982686,-36.8220976866485,57.1885124025426,20.3664147158941,0.999996418605209,1,0,0,0,0,7285.57319599044,0
0.443,117.842646544549,-36.8537187978422,57.2198601768267,20.3661413789846,0.999996464672357,1,0,0,0,0,7289.66460340144,0
0.444,117.844212374721,-36.8850252665091,57.250896034676,20.365870768167,0.999996510778639,1,0,0,0,0,7293.71540643617,0
0.445,117.845762629742,-36.9160202235385,57.2816230797102,20.3656028561717,0.999996556923664,1,0,0,0,0,7297.72600702473,0
0.446,117.847297464594,-36.9467067686642,57.3120443846673,20.3653376160032,0.999996603107047,1,0,0,0,0,7301.69680313933,0
0.447,117.848817032716,-36.9770879707738,57.3421629917113,20.3650750209375,0.999996649328407,1,0,0,0,0,7305.62818883284,0
0.448,117.850321486023,-37.0071668682166,57.3719819127359,20.3648150445193,0.999996695587366,1,0,0,0,0,7309.52055427702,0
0.449,117.851810974916,-37.0369464691071,57.4015041296662,20.3645576605591,0.999996741883549,1,0,0,0,0,7313.37428580033,0
0.45,117.8532856483,-37.0664297516257,57.4307325947566,20.3643028431309,0.999996788216586,1,0,0,0,0,7317.1897659254,0
0.451,117.854745653598,-37.095619664317,57.4596702308859,20.364050566569,0.999996834586111,1,0,0,0,0,7320.96737340616,0
0.452,117.856191136766,-37.1245191263844,57.4883199318501,20.3638008054657,0.99999688099176,1,0,0,0,0,7324.70748326455,0
0.453,117.857622242308,-37.1531310279825,57.5166845626512,20.3635535346686,0.999996927433173,1,0,0,0,0,7328.41046682698,0
0.454,117.85903911329,-37.1814582305058,57.544766959784,20.3633087292782,0.999996973909996,1,0,0,0,0,7332.07669176038,0
0.455,117.860441891354,-37.2095035668749,57.5725699315198,20.3630663646448,0.999997020421876,1,0,0,0,0,7335.70652210787,0
0.456,117.861830716732,-37.2372698418204,57.6000962581871,20.3628264163667,0.999997066968463,1,0,0,0,0,7339.30031832421,0
0.457,117.863205728261,-37.2647598321627,57.6273486924496,20.3625888602869,0.999997113549413,1,0,0,0,0,7342.85843731074,0
0.458,117.864567063398,-37.2919762870903,57.6543299595817,20.3623536724915,0.999997160164383,1,0,0,0,0,7346.38123245016,0
0.459,117.86591485823,-37.3189219284345,57.6810427577408,20.3621208293062,0.999997206813035,1,0,0,0,0,7349.86905364086,0
0.46,117.867249247491,-37.3455994509421,57.7074897582371,20.361890307295,0.999997253495035,1,0,0,0,0,7353.32224733096,0
0.461,117.868570364573,-37.3720115225442,57.733673605801,20.3616620832568,0.999997300210049,1,0,0,0,0,7356.74115655202,0
0.462,117.869878341542,-37.3981607846236,57.7595969188472,20.3614361342235,0.99999734695775,1,0,0,0,0,7360.12612095243,0
0.463,117.871173309149,-37.424049852279,57.7852622897369,20.3612124374579,0.999997393737812,1,0,0,0,0,7363.4774768305,0
0.464,117.872455396845,-37.4496813145862,57.8106722850368,20.3609909704505,0.999997440549914,1,0,0,0,0,7366.79555716717,0
0.465,117.873724732792,-37.4750577348576,57.8358294457759,20.3607717109183,0.999997487393736,1,0,0,0,0,7370.08069165848,0
0.466,117.874981443876,-37.500181650898,57.8607362876995,20.3605546368015,0.999997534268963,1,0,0,0,0,7373.33320674766,0
0.467,117.876225655722,-37.525055575259,57.8853953015209,20.3603397262619,0.999997581175283,1,0,0,0,0,7376.553425657,0
0.468,117.877457492703,-37.5496819954898,57.9098089531702,20.3601269576804,0.999997628112385,1,0,0,0,0,7379.7416684193,0
0.469,117.878677077956,-37.5740633743866,57.9339796840414,20.3599163096548,0.999997675079965,1,0,0,0,0,7382.89825190914,0
0.47,117.879884533392,-37.5982021502383,57.9579099112359,20.3597077609977,0.999997722077717,1,0,0,0,0,7386.02348987373,0
0.471,117.881079979708,-37.6221007370707,57.9816020278048,20.3595012907341,0.999997769105343,1,0,0,0,0,7389.11769296355,0
0.472,117.882263536403,-37.6457615248882,58.0050584029878,20.3592968780995,0.999997816162545,1,0,0,0,0,7392.18116876266,0
0.473,117.883435321784,-37.6691868799124,58.0282813824502,20.3590945025378,0.999997863249029,1,0,0,0,0,7395.21422181874,0
0.474,117.88459545298,-37.692379144819,58.0512732885179,20.358894143699,0.999997910364503,1,0,0,0,0,7398.21715367279,0
0.475,117.885744045958,-37.715340638972,58.074036420409,20.3586957814369,0.999997957508678,1,0,0,0,0,7401.19026288863,0
0.476,117.886881215528,-37.7380736586561,58.0965730544639,20.3584993958078,0.99999800468127,1,0,0,0,0,7404.13384508199,0
0.477,117.888007075359,-37.7605804773056,58.1188854443733,20.3583049670677,0.999998051881996,1,0,0,0,0,7407.04819294948,0
0.478,117.889121737989,-37.7828633457325,58.1409758214032,20.3581124756706,0.999998099110575,1,0,0,0,0,7409.93359629714,0
0.479,117.890225314834,-37.8049244923515,58.1628463946181,20.3579219022666,0.999998146366731,1,0,0,0,0,7412.79034206876,0
0.48,117.891317916204,-37.8267661234024,58.184499351102,20.3577332276995,0.999998193650188,1,0,0,0,0,7415.61871437399,0
0.481,117.892399651311,-37.8483904231715,58.205936856177,20.3575464330055,0.999998240960677,1,0,0,0,0,7418.41899451607,0
0.482,117.893470628278,-37.8697995542094,58.22716105362,20.3573614994106,0.999998288297926,1,0,0,0,0,7421.19146101941,0
0.483,117.894530954155,-37.8909956575477,58.2481740658768,20.3571784083291,0.999998335661671,1,0,0,0,0,7423.93638965675,0
0.484,117.895580734924,-37.9119808529132,58.2689779942747,20.3569971413615,0.999998383051647,1,0,0,0,0,7426.65405347625,0
0.485,117.896620075515,-37.9327572389396,58.2895749192324,20.3568176802927,0.999998430467593,1,0,0,0,0,7429.34472282812,0
0.486,117.897649079812,-37.9533268933776,58.3099669004679,20.3566400070903,0.999998477909252,1,0,0,0,0,7432.00866539118,0
0.487,117.898667850667,-37.9736918733026,58.3301559772049,20.3564641039023,0.999998525376367,1,0,0,0,0,7434.646146199,0
0.488,117.899676489906,-37.9938542153207,58.3501441683765,20.3562899530558,0.999998572868684,1,0,0,0,0,7437.25742766591,0
0.489,117.900675098344,-38.0138159357721,58.3699334728269,20.3561175370548,0.999998620385954,1,0,0,0,0,7439.84276961267,0
0.49,117.901663775792,-38.0335790309329,58.3895258695115,20.3559468385787,0.999998667927928,1,0,0,0,0,7442.40242929196,0
0.491,117.902642621068,-38.0531454772147,58.408923317695,20.3557778404803,0.99999871549436,1,0,0,0,0,7444.93666141358,0
0.492,117.903611732006,-38.0725172313626,58.4281277571469,20.3556105257842,0.999998763085006,1,0,0,0,0,7447.4457181694,0
0.493,117.904571205468,-38.0916962306504,58.4471411083356,20.3554448776852,0.999998810699627,1,0,0,0,0,7449.92984925813,0
0.494,117.90552113735,-38.1106843930747,58.4659652726207,20.355280879546,0.999998858337982,1,0,0,0,0,7452.38930190977,0
0.495,117.906461622595,-38.1294836175467,58.484602132443,20.3551185148963,0.999998905999837,1,0,0,0,0,7454.82432090988,0
0.496,117.907392755202,-38.1480957840818,58.5030535515124,20.3549577674306,0.999998953684956,1,0,0,0,0,7457.23514862358,0
0.497,117.908314628234,-38.1665227539883,58.521321374995,20.3547986210067,0.99999900139311,1,0,0,0,0,7459.62202501935,0
0.498,117.909227333827,-38.1847663700529,58.5394074296968,20.3546410596439,0.999999049124068,1,0,0,0,0,7461.98518769257,0
0.499,117.910130963201,-38.2028284567253,58.557313524247,20.3544850675217,0.999999096877603,1,0,0,0,0,7464.32487188885,0
0.5,117.911025606669,-38.2207108203009,58.5750414492787,20.3543306289778,0.999999144653492,1,0,0,0,0,7466.64131052711,0
0.501,117.911911353643,-38.2384152491008,58.5925929776076,20.3541777285068,0.999999192451511,1,0,0,0,0,7468.93473422247,0
0.502,117.912788292649,-38.2559435136515,58.6099698644101,20.3540263507586,0.99999924027144,1,0,0,0,0,7471.2053713089,0
0.503,117.913656511329,-38.2732973668612,58.6271738473977,20.3538764805365,0.999999288113062,1,0,0,0,0,7473.45344786164,0
0.504,117.914516096453,-38.2904785441957,58.6442066469919,20.3537281027962,0.99999933597616,1,0,0,0,0,7475.67918771943,0
0.505,117.91536713393,-38.3074887638517,58.6610699664954,20.3535812026437,0.999999383860521,1,0,0,0,0,7477.88281250647,0
0.506,117.916209708812,-38.3243297269287,58.677765492263,20.3534357653343,0.999999431765933,1,0,0,0,0,7480.06454165426,0
0.507,117.917043905305,-38.3410031175991,58.6942948938698,20.3532917762707,0.999999479692187,1,0,0,0,0,7482.22459242311,0
0.508,117.917869806778,-38.3575106032767,58.7106598242784,20.3531492210017,0.999999527639075,1,0,0,0,0,7484.36317992356,0
0.509,117.918687495769,-38.3738538347835,58.7268619200042,20.3530080852207,0.999999575606393,1,0,0,0,0,7486.48051713747,0
0.51,117.919497053996,-38.3900344465147,58.7429028012791,20.3528683547643,0.999999623593936,1,0,0,0,0,7488.57681493903,0
0.511,117.920298562363,-38.4060540566023,58.758784072213,20.3527300156108,0.999999671601503,1,0,0,0,0,7490.65228211547,0
0.512,117.92109210097,-38.4219142670766,58.7745073209553,20.3525930538787,0.999999719628896,1,0,0,0,0,7492.70712538759,0
0.513,117.921877749119,-38.437616664027,58.7900741198525,20.3524574558255,0.999999767675917,1,0,0,0,0,7494.74154943016,0
0.514,117.922655585323,-38.4531628177602,58.8054860256062,20.352323207846,0.999999815742371,1,0,0,0,0,7496.75575689199,0
0.515,117.923425687314,-38.4685542829574,58.8207445794286,20.3521902964713,0.999999863828063,1,0,0,0,0,7498.74994841592,0
0.516,117.92418813205,-38.4837925988296,58.8358513071966,20.352058708367,0.999999911932804,1,0,0,0,0,7500.72432265858,0
0.517,117.924942995724,-38.498879289272,58.8508077196043,20.3519284303323,0.999999960056403,1,0,0,0,0,7502.67907630992,0
0.518,117.597743431161,-31.9548774108114,52.3634322858877,20.4085548750764,1,1,0,0,0,0,6657.1042974387,0
0.519,123.75,0,19.3939393939394,19.3939393939394,1,1,0,0,0,0,2594.5945945946,0
0.52,123.75,0,19.3939393939394,19.3939393939394,1,1,0,0,0,0,2594.5945945946,0
0.521,123.75,0,19.3939393939394,19.3939393939394,1,1,0,0,0,0,2594.5945945946,0
0.522,123.75,0,19.3939393939394,19.3939393939394,1,1,0,0,0,0,2594.5945945946,0
0.523,123.75,0,19.3939393939394,19.3939393939394,1,1,0,0,0,0,2594.5945945946,0
0.524,123.75,0,19.3939393939394,19.3939393939394,1,1,0,0,0,0,2594.5945945946,0
0.525,123.75,0,19.3939393939394,19.3939393939394,1,1,0,0,0,0,2594.5945945946,0
0.526,123.75,0,19.3939393939394,19.3939393939394,1,1,0,0,0,0,2594.5945945946,0
0.527,123.75,0,19.3939393939394,19.3939393939394,1,1,0,0,0,0,2594.5945945946,0
0.528,123.75,0,19.3939393939394,19.3939393939394,1,1,0,0,0,0,2594.5945945946,0
0.529,123.75,0,19.3939393939394,19.3939393939394,1,1,0,0,0,0,2594.5945945946,0
0.53,123.75,0,19.3939393939394,19.3939393939394,1,1,0,0,0,0,2594.5945945946,0
0.531,123.75,0,19.3939393939394,19.3939393939394,1,1,0,0,0,0,2594.5945945946,0
0.532,123.75,0,19.3939393939394,19.3939393939394,1,1,0,0,0,0,2594.5945945946,0
0.533,123.75,0,19.3939393939394,19.3939393939394,1,1,0,0,0,0,2594.5945945946,0
0.534,123.75,0,19.3939393939394,19.3939393939394,1,1,0,0,0,0,2594.5945945946,0
0.535,123.75,0,19.3939393939394,19.3939393939394,1,1,0,0,0,0,2594.5945945946,0
0.536,123.75,0,19.3939393939394,19.3939393939394,1,1,0,0,0,0,2594.5945945946,0
0.537,123.75,0,19.3939393939394,19.3939393939394,1,1,0,0,0,0,2594.5945945946,0
0.538,123.75,0,19.3939393939394,19.3939393939394,1,1,0,0,0,0,2594.5945945946,0
0.539,123.75,0,19.3939393939394,19.3939393939394,1,1,0,0,0,0,2594.5945945946,0
0.54,123.75,0,19.3939393939394,19.3939393939394,1,1,0,0,0,0,2594.5945945946,0
0.541,123.75,0,19.3939393939394,19.3939393939394,1,1,0,0,0,0,2594.5945945946,0
0.542,123.75,0,19.3939393939394,19.3939393939394,1,1,0,0,0,0,2594.5945945946,0
0.543,123.75,0,19.3939393939394,19.3939393939394,1,1,0,0,0,0,2594.5945945946,0
0.544,123.75,0,19.3939393939394,19.3939393939394,1,1,0,0,0,0,2594.5945945946,0
0.545,123.75,0,19.3939393939394,19.3939393939394,1,1,0,0,0,0,2594.5945945946,0
0.546,123.75,0,19.3939393939394,19.3939393939394,1,1,0,0,0,0,2594.5945945946,0
0.547,123.75,0,19.3939393939394,19.3939393939394,1,1,0,0,0,0,2594.5945945946,0
0.548,123.75,0,19.3939393939394,19.3939393939394,1,1,0,0,0,0,2594.5945945946,0
0.549,123.75,0,19.3939393939394,19.3939393939394,1,1,0,0,0,0,2594.5945945946,0
0.55,123.75,0,19.3939393939394,19.3939393939394,1,1,0,0,0,0,2594.5945945946,0
0.551,123.75,0,19.3939393939394,19.3939393939394,1,1,0,0,0,0,2594.5945945946,0
0.552,123.75,0,19.3939393939394,19.3939393939394,1,1,0,0,0,0,2594.5945945946,0
0.553,123.75,0,19.3939393939394,19.3939393939394,1,1,0,0,0,0,2594.5945945946,0
0.554,123.75,0,19.3939393939394,19.3939393939394,1,1,0,0,0,0,2594.5945945946,0
0.555,123.75,0,19.3939393939394,19.3939393939394,1,1,0,0,0,0,2594.5945945946,0
0.556,123.75,0,19.3939393939394,19.3939393939394,1,1,0,0,0,0,2594.5945945946,0
0.557,123.75,0,19.3939393939394,19.3939393939394,1,1,0,0,0,0,2594.5945945946,0
0.558,123.75,0,19.3939393939394,19.3939393939394,1,1,0,0,0,0,2594.5945945946,0
0.559,123.75,0,19.3939393939394,19.3939393939394,1,1,0,0,0,0,2594.5945945946,0
0.56,123.75,0,19.3939393939394,19.3939393939394,1,1,0,0,0,0,2594.5945945946,0
0.561,123.75,0,19.3939393939394,19.3939393939394,1,1,0,0,0,0,2594.5945945946,0
0.562,123.75,0,19.3939393939394,19.3939393939394,1,1,0,0,0,0,2594.5945945946,0
0.563,123.75,0,19.3939393939394,19.3939393939394,1,1,0,0,0,0,2594.5945945946,0
0.564,123.75,0,19.3939393939394,19.3939393939394,1,1,0,0,0,0,2594.5945945946,0
0.565,123.75,0,19.3939393939394,19.3939393939394,1,1,0,0,0,0,2594.5945945946,0
0.566,123.75,0,19.3939393939394,19.3939393939394,1,1,0,0,0,0,2594.5945945946,0
0.567,123.75,0,19.3939393939394,19.3939393939394,1,1,0,0,0,0,2594.5945945946,0
0.568,123.75,0,19.3939393939394,19.3939393939394,1,1,0,0,0,0,2594.5945945946,0
0.569,123.75,0,19.3939393939394,19.3939393939394,1,1,0,0,0,0,2594.5945945946,0
0.57,123.75,0,19.3939393939394,19.3939393939394,1,1,0,0,0,0,2594.5945945946,0
0.571,123.75,0,19.3939393939394,19.3939393939394,1,1,0,0,0,0,2594.5945945946,0
0.572,123.75,0,19.3939393939394,19.3939393939394,1,1,0,0,0,0,2594.5945945946,0
0.573,123.75,0,19.3939393939394,19.3939393939394,1,1,0,0,0,0,2594.5945945946,0
0.574,123.75,0,19.3939393939394,19.3939393939394,1,1,0,0,0,0,2594.5945945946,0
0.575,123.75,0,19.3939393939394,19.3939393939394,1,1,0,0,0,0,2594.5945945946,0
0.576,123.75,0,19.3939393939394,19.3939393939394,1,1,0,0,0,0,2594.5945945946,0
0.577,123.75,0,19.3939393939394,19.3939393939394,1,1,0,0,0,0,2594.5945945946,0
0.578,123.75,0,19.3939393939394,19.3939393939394,1,1,0,0,0,0,2594.5945945946,0
0.579,123.75,0,19.3939393939394,19.3939393939394,1,1,0,0,0,0,2594.5945945946,0
0.58,123.75,0,19.3939393939394,19.3939393939394,1,1,0,0,0,0,2594.5945945946,0
0.581,123.75,0,19.3939393939394,19.3939393939394,1,1,0,0,0,0,2594.5945945946,0
0.582,123.75,0,19.3939393939394,19.3939393939394,1,1,0,0,0,0,2594.5945945946,0
0.583,123.75,0,19.3939393939394,19.3939393939394,1,1,0,0,0,0,2594.5945945946,0
0.584,123.75,0,19.3939393939394,19.3939393939394,1,1,0,0,0,0,2594.5945945946,0
0.585,123.75,0,19.3939393939394,19.3939393939394,1,1,0,0,0,0,2594.5945945946,0
0.586,123.75,0,19.3939393939394,19.3939393939394,1,1,0,0,0,0,2594.5945945946,0
0.587,123.75,0,19.3939393939394,19.3939393939394,1,1,0,0,0,0,2594.5945945946,0
0.588,123.75,0,19.3939393939394,19.3939393939394,1,1,0,0,0,0,2594.5945945946,0
0.589,123.75,0,19.3939393939394,19.3939393939394,1,1,0,0,0,0,2594.5945945946,0
0.59,123.75,0,19.3939393939394,19.3939393939394,1,1,0,0,0,0,2594.5945945946,0
0.591,123.75,0,19.3939393939394,19.3939393939394,1,1,0,0,0,0,2594.5945945946,0
0.592,123.75,0,19.3939393939394,19.3939393939394,1,1,0,0,0,0,2594.5945945946,0
0.593,123.75,0,19.3939393939394,19.3939393939394,1,1,0,0,0,0,2594.5945945946,0
0.594,123.75,0,19.3939393939394,19.3939393939394,1,1,0,0,0,0,2594.5945945946,0
0.595,123.75,0,19.3939393939394,19.3939393939394,1,1,0,0,0,0,2594.5945945946,0
0.596,123.75,0,19.3939393939394,19.3939393939394,1,1,0,0,0,0,2594.5945945946,0
0.597,123.75,0,19.3939393939394,19.3939393939394,1,1,0,0,0,0,2594.5945945946,0
0.598,123.75,0,19.3939393939394,19.3939393939394,1,1,0,0,0,0,2594.5945945946,0
0.599,123.75,0,19.3939393939394,19.3939393939394,1,1,0,0,0,0,2594.5945945946,0
0.6,123.75,0,19.3939393939394,19.3939393939394,1,1,0,0,0,0,2594.5945945946,0
