Scenario,Quantity,Minimum,Maximum,Mean,Status
bus_3ph,Vdc_V,114.071326960091,123.75,117.44825354965,measured_post_warmup
bus_3ph,Battery_current_A,-38.2944418978653,38.5723574648992,-1.75393665957273,measured_post_warmup
bus_3ph,Charger_current_A,0.0,58.6481346023403,28.1867203940076,measured_post_warmup
bus_3ph,Load_current_A,19.3939393939394,38.5723574648992,26.4327837344348,measured_post_warmup
bus_3ph,Battery_SOC_pu,0.999993352200647,1.0,0.999997411742526,measured_post_warmup
bus_3ph,DC_healthy,1.0,1.0,1.0,measured_post_warmup
bus_3ph,DC_low_voltage,0.0,0.0,0.0,measured_post_warmup
bus_3ph,Battery_low,0.0,0.0,0.0,measured_post_warmup
bus_3ph,Charger_failure,0.0,1.0,0.185886402753873,measured_post_warmup
bus_3ph,Trip_unavailable,0.0,0.0,0.0,measured_post_warmup
bus_3ph,Charger_AC_power_W,0.0,7476.1929066971,3592.28787867369,measured_post_warmup
bus_3ph,Trip_coil_power_W,0.0,2000.0,688.468158347676,measured_post_warmup
charger_unavailable,Vdc_V,114.955995031324,114.956117347774,114.95605618956,measured_post_warmup
charger_unavailable,Battery_current_A,20.8775318388611,20.8775540531491,20.8775429459992,measured_post_warmup
charger_unavailable,Charger_current_A,0.0,0.0,0.0,measured_post_warmup
charger_unavailable,Load_current_A,20.8775318388611,20.8775540531491,20.8775429459992,measured_post_warmup
charger_unavailable,Battery_SOC_pu,0.999988401365339,0.999999420068575,0.999993910717931,measured_post_warmup
charger_unavailable,DC_healthy,1.0,1.0,1.0,measured_post_warmup
charger_unavailable,DC_low_voltage,0.0,0.0,0.0,measured_post_warmup
charger_unavailable,Battery_low,0.0,0.0,0.0,measured_post_warmup
charger_unavailable,Charger_failure,1.0,1.0,1.0,measured_post_warmup
charger_unavailable,Trip_unavailable,0.0,0.0,0.0,measured_post_warmup
charger_unavailable,Charger_AC_power_W,0.0,0.0,0.0,measured_post_warmup
charger_unavailable,Trip_coil_power_W,0.0,0.0,0.0,measured_post_warmup
dc_late_recovery_bus_3ph,Vdc_V,0.0,123.75,57.5687424748508,measured_post_warmup
dc_late_recovery_bus_3ph,Battery_current_A,-38.4499631394805,38.5723580745887,-1.14059323963955,measured_post_warmup
dc_late_recovery_bus_3ph,Charger_current_A,0.0,58.8023136419946,15.5240481974619,measured_post_warmup
dc_late_recovery_bus_3ph,Load_current_A,0.0,38.5723580745887,14.3834549578223,measured_post_warmup
dc_late_recovery_bus_3ph,Battery_SOC_pu,0.999993191057804,1.0,0.999997647634919,measured_post_warmup
dc_late_recovery_bus_3ph,DC_healthy,0.0,1.0,0.494584837545126,measured_post_warmup
dc_late_recovery_bus_3ph,DC_low_voltage,0.0,1.0,0.505415162454874,measured_post_warmup
dc_late_recovery_bus_3ph,Battery_low,0.0,1.0,0.505415162454874,measured_post_warmup
dc_late_recovery_bus_3ph,Charger_failure,0.0,1.0,0.600481347773766,measured_post_warmup
dc_late_recovery_bus_3ph,Trip_unavailable,0.0,1.0,0.505415162454874,measured_post_warmup
dc_late_recovery_bus_3ph,Charger_AC_power_W,0.0,7496.34127548699,1968.57010705447,measured_post_warmup
dc_late_recovery_bus_3ph,Trip_coil_power_W,0.0,2000.0,481.347773766546,measured_post_warmup
dc_loss_bus_3ph,Vdc_V,0.0,116.329649451515,12.1485579625283,measured_post_warmup
dc_loss_bus_3ph,Battery_current_A,-6.593222106455,20.8775318388611,0.608852319100293,measured_post_warmup
dc_loss_bus_3ph,Charger_current_A,0.0,27.224247913855,1.56885325675576,measured_post_warmup
dc_loss_bus_3ph,Load_current_A,0.0,20.8775318388611,2.17770557585606,measured_post_warmup
dc_loss_bus_3ph,Battery_SOC_pu,0.99999886824804,0.999999420068575,0.999998954429249,measured_post_warmup
dc_loss_bus_3ph,DC_healthy,0.0,1.0,0.104991394148021,measured_post_warmup
dc_loss_bus_3ph,DC_low_voltage,0.0,1.0,0.895008605851979,measured_post_warmup
dc_loss_bus_3ph,Battery_low,0.0,1.0,0.895008605851979,measured_post_warmup
dc_loss_bus_3ph,Charger_failure,0.0,1.0,0.896729776247849,measured_post_warmup
dc_loss_bus_3ph,Trip_unavailable,0.0,1.0,0.895008605851979,measured_post_warmup
dc_loss_bus_3ph,Charger_AC_power_W,0.0,3423.76996367556,196.614473808288,measured_post_warmup
dc_loss_bus_3ph,Trip_coil_power_W,0.0,0.0,0.0,measured_post_warmup
dc_recovery_bus_3ph,Vdc_V,0.0,117.660925609698,72.0600875433389,measured_post_warmup
dc_recovery_bus_3ph,Battery_current_A,-33.2188158704792,38.5723588853659,0.312376384989075,measured_post_warmup
dc_recovery_bus_3ph,Charger_current_A,0.0,53.6164116531372,15.1725853974848,measured_post_warmup
dc_recovery_bus_3ph,Load_current_A,0.0,38.5723588853659,15.4849617824739,measured_post_warmup
dc_recovery_bus_3ph,Battery_SOC_pu,0.999993919360379,0.999999420068575,0.999997315616299,measured_post_warmup
dc_recovery_bus_3ph,DC_healthy,0.0,1.0,0.621342512908778,measured_post_warmup
dc_recovery_bus_3ph,DC_low_voltage,0.0,1.0,0.378657487091222,measured_post_warmup
dc_recovery_bus_3ph,Battery_low,0.0,1.0,0.378657487091222,measured_post_warmup
dc_recovery_bus_3ph,Charger_failure,0.0,1.0,0.521514629948365,measured_post_warmup
dc_recovery_bus_3ph,Trip_unavailable,0.0,1.0,0.378657487091222,measured_post_warmup
dc_recovery_bus_3ph,Charger_AC_power_W,0.0,6820.06121403103,1918.49847673355,measured_post_warmup
dc_recovery_bus_3ph,Trip_coil_power_W,0.0,2000.0,299.483648881239,measured_post_warmup
generator_3ph,Vdc_V,114.071251458984,123.75,115.225067348224,measured_post_warmup
generator_3ph,Battery_current_A,-20.9715181773243,38.5723829950422,21.099398099418,measured_post_warmup
generator_3ph,Charger_current_A,0.0,41.475825801372,5.76985197034635,measured_post_warmup
generator_3ph,Load_current_A,19.3939393939394,38.5723829950422,26.8692500697644,measured_post_warmup
generator_3ph,Battery_SOC_pu,0.999982297272852,1.0,0.999992404230444,measured_post_warmup
generator_3ph,DC_healthy,1.0,1.0,1.0,measured_post_warmup
generator_3ph,DC_low_voltage,0.0,0.0,0.0,measured_post_warmup
generator_3ph,Battery_low,0.0,0.0,0.0,measured_post_warmup
generator_3ph,Charger_failure,0.0,1.0,0.760757314974182,measured_post_warmup
generator_3ph,Trip_unavailable,0.0,0.0,0.0,measured_post_warmup
generator_3ph,Charger_AC_power_W,0.0,5248.30954566723,732.157353814584,measured_post_warmup
generator_3ph,Trip_coil_power_W,0.0,2000.0,688.468158347676,measured_post_warmup
generator_slg,Vdc_V,114.956117347774,123.75,122.204577638215,measured_post_warmup
generator_slg,Battery_current_A,-20.9715181773243,20.8775318388611,-0.838577023680561,measured_post_warmup
generator_slg,Charger_current_A,0.0,41.475825801372,20.4905529561076,measured_post_warmup
generator_slg,Load_current_A,19.3939393939394,20.8775318388611,19.6519759324271,measured_post_warmup
generator_slg,Battery_SOC_pu,0.99999886824804,1.0,0.999999835913814,measured_post_warmup
generator_slg,DC_healthy,1.0,1.0,1.0,measured_post_warmup
generator_slg,DC_low_voltage,0.0,0.0,0.0,measured_post_warmup
generator_slg,Battery_low,0.0,0.0,0.0,measured_post_warmup
generator_slg,Charger_failure,0.0,1.0,0.00172117039586919,measured_post_warmup
generator_slg,Trip_unavailable,0.0,0.0,0.0,measured_post_warmup
generator_slg,Charger_AC_power_W,0.0,5248.30954566723,2701.5484316394,measured_post_warmup
generator_slg,Trip_coil_power_W,0.0,0.0,0.0,measured_post_warmup
generator_slg_timed,Vdc_V,114.071301963361,123.75,121.314321463638,measured_post_warmup
generator_slg_timed,Battery_current_A,-20.9715181773243,38.5723659173535,5.10567025699348,measured_post_warmup
generator_slg_timed,Charger_current_A,0.0,47.9430219482046,16.1047816703629,measured_post_warmup
generator_slg_timed,Load_current_A,19.3939393939394,38.5723659173535,21.2104519273564,measured_post_warmup
generator_slg_timed,Battery_SOC_pu,0.999981707552471,1.0,0.999997792367785,measured_post_warmup
generator_slg_timed,DC_healthy,1.0,1.0,1.0,measured_post_warmup
generator_slg_timed,DC_low_voltage,0.0,0.0,0.0,measured_post_warmup
generator_slg_timed,Battery_low,0.0,0.0,0.0,measured_post_warmup
generator_slg_timed,Charger_failure,0.0,1.0,0.20596533655784,measured_post_warmup
generator_slg_timed,Trip_unavailable,0.0,0.0,0.0,measured_post_warmup
generator_slg_timed,Charger_AC_power_W,0.0,6038.68948999701,2136.99859579781,measured_post_warmup
generator_slg_timed,Trip_coil_power_W,0.0,2000.0,161.225312374043,measured_post_warmup
grid_external_ll,Vdc_V,114.956026576105,123.75,115.990431421139,measured_post_warmup
grid_external_ll,Battery_current_A,-23.0766060161185,20.8775483241943,8.72740951117763,measured_post_warmup
grid_external_ll,Charger_current_A,0.0,43.562507122766,11.9698856460833,measured_post_warmup
grid_external_ll,Load_current_A,19.3939393939394,20.8775483241943,20.697295157261,measured_post_warmup
grid_external_ll,Battery_SOC_pu,0.999990691210731,1.0,0.999995590890619,measured_post_warmup
grid_external_ll,DC_healthy,1.0,1.0,1.0,measured_post_warmup
grid_external_ll,DC_low_voltage,0.0,0.0,0.0,measured_post_warmup
grid_external_ll,Battery_low,0.0,0.0,0.0,measured_post_warmup
grid_external_ll,Charger_failure,0.0,1.0,0.521514629948365,measured_post_warmup
grid_external_ll,Trip_unavailable,0.0,0.0,0.0,measured_post_warmup
grid_external_ll,Charger_AC_power_W,0.0,5517.30894917974,1516.42297503623,measured_post_warmup
grid_external_ll,Trip_coil_power_W,0.0,0.0,0.0,measured_post_warmup
interactive_bus_trip,Vdc_V,114.071314405544,123.75,116.155427510437,measured_post_warmup
interactive_bus_trip,Battery_current_A,-36.8557814248347,38.5723617101248,3.98003171094544,measured_post_warmup
interactive_bus_trip,Charger_current_A,0.0,57.2219054434018,23.9178694222678,measured_post_warmup
interactive_bus_trip,Load_current_A,19.3939393939394,38.5723617101248,27.8979011332132,measured_post_warmup
interactive_bus_trip,Battery_SOC_pu,0.999992230174394,1.0,0.999996287971984,measured_post_warmup
interactive_bus_trip,DC_healthy,1.0,1.0,1.0,measured_post_warmup
interactive_bus_trip,DC_low_voltage,0.0,0.0,0.0,measured_post_warmup
interactive_bus_trip,Battery_low,0.0,0.0,0.0,measured_post_warmup
interactive_bus_trip,Charger_failure,0.0,1.0,0.301455301455301,measured_post_warmup
interactive_bus_trip,Trip_unavailable,0.0,0.0,0.0,measured_post_warmup
interactive_bus_trip,Charger_AC_power_W,0.0,7289.93137921088,3027.95358946266,measured_post_warmup
interactive_bus_trip,Trip_coil_power_W,0.0,2000.0,831.600831600831,measured_post_warmup
line_slg,Vdc_V,114.956117347774,123.75,121.047430612569,measured_post_warmup
line_slg,Battery_current_A,-20.9715181773243,20.8775318388611,-0.905629932443321,measured_post_warmup
line_slg,Charger_current_A,0.0,52.3985068921318,26.4756991585984,measured_post_warmup
line_slg,Load_current_A,19.3939393939394,38.238994268674,25.5700692261551,measured_post_warmup
line_slg,Battery_SOC_pu,0.99999886824804,1.0,0.999999787580224,measured_post_warmup
line_slg,DC_healthy,1.0,1.0,1.0,measured_post_warmup
line_slg,DC_low_voltage,0.0,0.0,0.0,measured_post_warmup
line_slg,Battery_low,0.0,0.0,0.0,measured_post_warmup
line_slg,Charger_failure,0.0,1.0,0.00172117039586919,measured_post_warmup
line_slg,Trip_unavailable,0.0,0.0,0.0,measured_post_warmup
line_slg,Charger_AC_power_W,0.0,6612.70967979243,3455.02736764656,measured_post_warmup
line_slg,Trip_coil_power_W,0.0,2000.0,688.468158347676,measured_post_warmup
manual_bus_default,Vdc_V,114.071327559525,123.75,117.474563180865,measured_post_warmup
manual_bus_default,Battery_current_A,-38.3236623446829,38.5723572622049,-1.74656003502121,measured_post_warmup
manual_bus_default,Charger_current_A,0.0,58.6771028604518,28.174217578007,measured_post_warmup
manual_bus_default,Load_current_A,19.3939393939394,38.5723572622049,26.4276575429857,measured_post_warmup
manual_bus_default,Battery_SOC_pu,0.999993405773379,1.0,0.999997440952226,measured_post_warmup
manual_bus_default,DC_healthy,1.0,1.0,1.0,measured_post_warmup
manual_bus_default,DC_low_voltage,0.0,0.0,0.0,measured_post_warmup
manual_bus_default,Battery_low,0.0,0.0,0.0,measured_post_warmup
manual_bus_default,Charger_failure,0.0,1.0,0.184165232358003,measured_post_warmup
manual_bus_default,Trip_unavailable,0.0,0.0,0.0,measured_post_warmup
manual_bus_default,Charger_AC_power_W,0.0,7479.97832554395,3591.09181033621,measured_post_warmup
manual_bus_default,Trip_coil_power_W,0.0,2000.0,688.468158347676,measured_post_warmup
manual_bus_delay_100ms,Vdc_V,114.071308868148,123.75,116.346250595144,measured_post_warmup
manual_bus_delay_100ms,Battery_current_A,-38.8073126320263,38.5723635825538,-1.05664361061348,measured_post_warmup
manual_bus_delay_100ms,Charger_current_A,0.0,59.1565810742148,27.6708087163128,measured_post_warmup
manual_bus_delay_100ms,Load_current_A,19.3939393939394,38.5723635825538,26.6141651056994,measured_post_warmup
manual_bus_delay_100ms,Battery_SOC_pu,0.999991735285692,1.0,0.999996259990805,measured_post_warmup
manual_bus_delay_100ms,DC_healthy,1.0,1.0,1.0,measured_post_warmup
manual_bus_delay_100ms,DC_low_voltage,0.0,0.0,0.0,measured_post_warmup
manual_bus_delay_100ms,Battery_low,0.0,0.0,0.0,measured_post_warmup
manual_bus_delay_100ms,Charger_failure,0.0,1.0,0.289156626506024,measured_post_warmup
manual_bus_delay_100ms,Trip_unavailable,0.0,0.0,0.0,measured_post_warmup
manual_bus_delay_100ms,Charger_AC_power_W,0.0,7542.64684875067,3509.63937873049,measured_post_warmup
manual_bus_delay_100ms,Trip_coil_power_W,0.0,2000.0,688.468158347676,measured_post_warmup
normal,Vdc_V,114.956117347774,123.75,122.204577638215,measured_post_warmup
normal,Battery_current_A,-20.9715181773243,20.8775318388611,-0.838577023680561,measured_post_warmup
normal,Charger_current_A,0.0,41.475825801372,20.4905529561076,measured_post_warmup
normal,Load_current_A,19.3939393939394,20.8775318388611,19.6519759324271,measured_post_warmup
normal,Battery_SOC_pu,0.99999886824804,1.0,0.999999835913814,measured_post_warmup
normal,DC_healthy,1.0,1.0,1.0,measured_post_warmup
normal,DC_low_voltage,0.0,0.0,0.0,measured_post_warmup
normal,Battery_low,0.0,0.0,0.0,measured_post_warmup
normal,Charger_failure,0.0,1.0,0.00172117039586919,measured_post_warmup
normal,Trip_unavailable,0.0,0.0,0.0,measured_post_warmup
normal,Charger_AC_power_W,0.0,5248.30954566723,2701.5484316394,measured_post_warmup
normal,Trip_coil_power_W,0.0,0.0,0.0,measured_post_warmup
protection_disabled,Vdc_V,114.956095459577,123.75,116.447211065763,measured_post_warmup
protection_disabled,Battery_current_A,-26.6877701814312,20.8775358140443,0.00557218329383021,measured_post_warmup
protection_disabled,Charger_current_A,0.0,47.1421335224348,20.6102952862969,measured_post_warmup
protection_disabled,Load_current_A,19.3939393939394,20.8775358140443,20.6158674695907,measured_post_warmup
protection_disabled,Battery_SOC_pu,0.999996896480769,1.0,0.999998463866696,measured_post_warmup
protection_disabled,DC_healthy,1.0,1.0,1.0,measured_post_warmup
protection_disabled,DC_low_voltage,0.0,0.0,0.0,measured_post_warmup
protection_disabled,Battery_low,0.0,0.0,0.0,measured_post_warmup
protection_disabled,Charger_failure,0.0,1.0,0.233595800524934,measured_post_warmup
protection_disabled,Trip_unavailable,0.0,0.0,0.0,measured_post_warmup
protection_disabled,Charger_AC_power_W,0.0,5979.88423182888,2607.64370889181,measured_post_warmup
protection_disabled,Trip_coil_power_W,0.0,0.0,0.0,measured_post_warmup
reduced_180MW,Vdc_V,114.956117347774,123.75,121.393332303944,measured_post_warmup
reduced_180MW,Battery_current_A,-20.9715181773243,20.8775318388611,-1.27877493637377,measured_post_warmup
reduced_180MW,Charger_current_A,0.0,41.475825801372,21.0662031199754,measured_post_warmup
reduced_180MW,Load_current_A,19.3939393939394,20.8775318388611,19.7874281836017,measured_post_warmup
reduced_180MW,Battery_SOC_pu,0.99999886824804,1.0,0.999999749779334,measured_post_warmup
reduced_180MW,DC_healthy,1.0,1.0,1.0,measured_post_warmup
reduced_180MW,DC_low_voltage,0.0,0.0,0.0,measured_post_warmup
reduced_180MW,Battery_low,0.0,0.0,0.0,measured_post_warmup
reduced_180MW,Charger_failure,0.0,1.0,0.0026246719160105,measured_post_warmup
reduced_180MW,Trip_unavailable,0.0,0.0,0.0,measured_post_warmup
reduced_180MW,Charger_AC_power_W,0.0,5248.30954566723,2757.6921781196,measured_post_warmup
reduced_180MW,Trip_coil_power_W,0.0,0.0,0.0,measured_post_warmup
regression_170b59eb-0aae-4914-ad5a-d28ae9a55b35,Vdc_V,114.071326960091,123.75,117.44825354965,measured_post_warmup
regression_170b59eb-0aae-4914-ad5a-d28ae9a55b35,Battery_current_A,-38.2944418978653,38.5723574648992,-1.75393665957273,measured_post_warmup
regression_170b59eb-0aae-4914-ad5a-d28ae9a55b35,Charger_current_A,0.0,58.6481346023403,28.1867203940076,measured_post_warmup
regression_170b59eb-0aae-4914-ad5a-d28ae9a55b35,Load_current_A,19.3939393939394,38.5723574648992,26.4327837344348,measured_post_warmup
regression_170b59eb-0aae-4914-ad5a-d28ae9a55b35,Battery_SOC_pu,0.999993352200647,1.0,0.999997411742526,measured_post_warmup
regression_170b59eb-0aae-4914-ad5a-d28ae9a55b35,DC_healthy,1.0,1.0,1.0,measured_post_warmup
regression_170b59eb-0aae-4914-ad5a-d28ae9a55b35,DC_low_voltage,0.0,0.0,0.0,measured_post_warmup
regression_170b59eb-0aae-4914-ad5a-d28ae9a55b35,Battery_low,0.0,0.0,0.0,measured_post_warmup
regression_170b59eb-0aae-4914-ad5a-d28ae9a55b35,Charger_failure,0.0,1.0,0.185886402753873,measured_post_warmup
regression_170b59eb-0aae-4914-ad5a-d28ae9a55b35,Trip_unavailable,0.0,0.0,0.0,measured_post_warmup
regression_170b59eb-0aae-4914-ad5a-d28ae9a55b35,Charger_AC_power_W,0.0,7476.1929066971,3592.28787867369,measured_post_warmup
regression_170b59eb-0aae-4914-ad5a-d28ae9a55b35,Trip_coil_power_W,0.0,2000.0,688.468158347676,measured_post_warmup
regression_1e668b9d-3bfe-4c4e-870d-d530b29fcb75,Vdc_V,114.071327559525,123.75,117.474563180865,measured_post_warmup
regression_1e668b9d-3bfe-4c4e-870d-d530b29fcb75,Battery_current_A,-38.3236623446829,38.5723572622049,-1.74656003502121,measured_post_warmup
regression_1e668b9d-3bfe-4c4e-870d-d530b29fcb75,Charger_current_A,0.0,58.6771028604518,28.174217578007,measured_post_warmup
regression_1e668b9d-3bfe-4c4e-870d-d530b29fcb75,Load_current_A,19.3939393939394,38.5723572622049,26.4276575429857,measured_post_warmup
regression_1e668b9d-3bfe-4c4e-870d-d530b29fcb75,Battery_SOC_pu,0.999993405773379,1.0,0.999997440952226,measured_post_warmup
regression_1e668b9d-3bfe-4c4e-870d-d530b29fcb75,DC_healthy,1.0,1.0,1.0,measured_post_warmup
regression_1e668b9d-3bfe-4c4e-870d-d530b29fcb75,DC_low_voltage,0.0,0.0,0.0,measured_post_warmup
regression_1e668b9d-3bfe-4c4e-870d-d530b29fcb75,Battery_low,0.0,0.0,0.0,measured_post_warmup
regression_1e668b9d-3bfe-4c4e-870d-d530b29fcb75,Charger_failure,0.0,1.0,0.184165232358003,measured_post_warmup
regression_1e668b9d-3bfe-4c4e-870d-d530b29fcb75,Trip_unavailable,0.0,0.0,0.0,measured_post_warmup
regression_1e668b9d-3bfe-4c4e-870d-d530b29fcb75,Charger_AC_power_W,0.0,7479.97832554395,3591.09181033621,measured_post_warmup
regression_1e668b9d-3bfe-4c4e-870d-d530b29fcb75,Trip_coil_power_W,0.0,2000.0,688.468158347676,measured_post_warmup
reset_normal,Vdc_V,114.956117347774,123.75,121.393332303944,measured_post_warmup
reset_normal,Battery_current_A,-20.9715181773243,20.8775318388611,-1.27877493637377,measured_post_warmup
reset_normal,Charger_current_A,0.0,41.475825801372,21.0662031199754,measured_post_warmup
reset_normal,Load_current_A,19.3939393939394,20.8775318388611,19.7874281836017,measured_post_warmup
reset_normal,Battery_SOC_pu,0.99999886824804,1.0,0.999999749779334,measured_post_warmup
reset_normal,DC_healthy,1.0,1.0,1.0,measured_post_warmup
reset_normal,DC_low_voltage,0.0,0.0,0.0,measured_post_warmup
reset_normal,Battery_low,0.0,0.0,0.0,measured_post_warmup
reset_normal,Charger_failure,0.0,1.0,0.0026246719160105,measured_post_warmup
reset_normal,Trip_unavailable,0.0,0.0,0.0,measured_post_warmup
reset_normal,Charger_AC_power_W,0.0,5248.30954566723,2757.6921781196,measured_post_warmup
reset_normal,Trip_coil_power_W,0.0,0.0,0.0,measured_post_warmup
transformer_hv_llg,Vdc_V,114.071252756776,123.75,115.285611363341,measured_post_warmup
transformer_hv_llg,Battery_current_A,-20.9715181773243,38.5723825562029,20.9556627010532,measured_post_warmup
transformer_hv_llg,Charger_current_A,0.0,41.475825801372,5.90337306772287,measured_post_warmup
transformer_hv_llg,Load_current_A,19.3939393939394,38.5723825562029,26.859035768776,measured_post_warmup
transformer_hv_llg,Battery_SOC_pu,0.999982413259333,1.0,0.99999249196886,measured_post_warmup
transformer_hv_llg,DC_healthy,1.0,1.0,1.0,measured_post_warmup
transformer_hv_llg,DC_low_voltage,0.0,0.0,0.0,measured_post_warmup
transformer_hv_llg,Battery_low,0.0,0.0,0.0,measured_post_warmup
transformer_hv_llg,Charger_failure,0.0,1.0,0.753872633390706,measured_post_warmup
transformer_hv_llg,Trip_unavailable,0.0,0.0,0.0,measured_post_warmup
transformer_hv_llg,Charger_AC_power_W,0.0,5248.30954566723,750.020311436578,measured_post_warmup
transformer_hv_llg,Trip_coil_power_W,0.0,2000.0,688.468158347676,measured_post_warmup
transformer_lv_ll,Vdc_V,114.071252756776,123.75,115.300747458765,measured_post_warmup
transformer_lv_ll,Battery_current_A,-20.9715181773243,38.5723825562029,20.9197288523002,measured_post_warmup
transformer_lv_ll,Charger_current_A,0.0,41.475825801372,5.936753342067,measured_post_warmup
transformer_lv_ll,Load_current_A,19.3939393939394,38.5723825562029,26.8564821943672,measured_post_warmup
transformer_lv_ll,Battery_SOC_pu,0.999982442255953,1.0,0.999992522238637,measured_post_warmup
transformer_lv_ll,DC_healthy,1.0,1.0,1.0,measured_post_warmup
transformer_lv_ll,DC_low_voltage,0.0,0.0,0.0,measured_post_warmup
transformer_lv_ll,Battery_low,0.0,0.0,0.0,measured_post_warmup
transformer_lv_ll,Charger_failure,0.0,1.0,0.752151462994836,measured_post_warmup
transformer_lv_ll,Trip_unavailable,0.0,0.0,0.0,measured_post_warmup
transformer_lv_ll,Charger_AC_power_W,0.0,5248.30954566723,754.486050842076,measured_post_warmup
transformer_lv_ll,Trip_coil_power_W,0.0,2000.0,688.468158347676,measured_post_warmup
v4_gen_3ph,Vdc_V,114.071251458984,123.75,115.225067348224,measured_post_warmup
v4_gen_3ph,Battery_current_A,-20.9715181773243,38.5723829950422,21.099398099418,measured_post_warmup
v4_gen_3ph,Charger_current_A,0.0,41.475825801372,5.76985197034635,measured_post_warmup
v4_gen_3ph,Load_current_A,19.3939393939394,38.5723829950422,26.8692500697644,measured_post_warmup
v4_gen_3ph,Battery_SOC_pu,0.999982297272852,1.0,0.999992404230444,measured_post_warmup
v4_gen_3ph,DC_healthy,1.0,1.0,1.0,measured_post_warmup
v4_gen_3ph,DC_low_voltage,0.0,0.0,0.0,measured_post_warmup
v4_gen_3ph,Battery_low,0.0,0.0,0.0,measured_post_warmup
v4_gen_3ph,Charger_failure,0.0,1.0,0.760757314974182,measured_post_warmup
v4_gen_3ph,Trip_unavailable,0.0,0.0,0.0,measured_post_warmup
v4_gen_3ph,Charger_AC_power_W,0.0,5248.30954566723,732.157353814584,measured_post_warmup
v4_gen_3ph,Trip_coil_power_W,0.0,2000.0,688.468158347676,measured_post_warmup
v4_gsut_hv_3ph,Vdc_V,114.071251783432,123.75,115.240203352835,measured_post_warmup
v4_gsut_hv_3ph,Battery_current_A,-20.9715181773243,38.5723828853324,21.0634642496759,measured_post_warmup
v4_gsut_hv_3ph,Charger_current_A,0.0,41.475825801372,5.80323224469048,measured_post_warmup
v4_gsut_hv_3ph,Load_current_A,19.3939393939394,38.5723828853324,26.8666964943664,measured_post_warmup
v4_gsut_hv_3ph,Battery_SOC_pu,0.999982326269472,1.0,0.99999242623991,measured_post_warmup
v4_gsut_hv_3ph,DC_healthy,1.0,1.0,1.0,measured_post_warmup
v4_gsut_hv_3ph,DC_low_voltage,0.0,0.0,0.0,measured_post_warmup
v4_gsut_hv_3ph,Battery_low,0.0,0.0,0.0,measured_post_warmup
v4_gsut_hv_3ph,Charger_failure,0.0,1.0,0.759036144578313,measured_post_warmup
v4_gsut_hv_3ph,Trip_unavailable,0.0,0.0,0.0,measured_post_warmup
v4_gsut_hv_3ph,Charger_AC_power_W,0.0,5248.30954566723,736.623093220082,measured_post_warmup
v4_gsut_hv_3ph,Trip_coil_power_W,0.0,2000.0,688.468158347676,measured_post_warmup
v4_line230_3ph,Vdc_V,114.071328335024,123.75,117.474086313844,measured_post_warmup
v4_line230_3ph,Battery_current_A,-38.498879289272,38.5723569999758,-1.73701677113669,measured_post_warmup
v4_line230_3ph,Charger_current_A,0.0,58.8508077196043,28.1618471556878,measured_post_warmup
v4_line230_3ph,Load_current_A,19.3939393939394,38.5723569999758,26.4248303845511,measured_post_warmup
v4_line230_3ph,Battery_SOC_pu,0.999993475081347,1.0,0.999997467877022,measured_post_warmup
v4_line230_3ph,DC_healthy,1.0,1.0,1.0,measured_post_warmup
v4_line230_3ph,DC_low_voltage,0.0,0.0,0.0,measured_post_warmup
v4_line230_3ph,Battery_low,0.0,0.0,0.0,measured_post_warmup
v4_line230_3ph,Charger_failure,0.0,1.0,0.185886402753873,measured_post_warmup
v4_line230_3ph,Trip_unavailable,0.0,0.0,0.0,measured_post_warmup
v4_line230_3ph,Charger_AC_power_W,0.0,7502.67907630992,3589.42460933807,measured_post_warmup
v4_line230_3ph,Trip_coil_power_W,0.0,2000.0,688.468158347676,measured_post_warmup
v4_normal,Vdc_V,114.956117347774,123.75,123.296748918628,measured_post_warmup
v4_normal,Battery_current_A,-20.9715181773243,20.8775318388611,-0.245943084683698,measured_post_warmup
v4_normal,Charger_current_A,0.0,41.475825801372,19.7155610393809,measured_post_warmup
v4_normal,Load_current_A,19.3939393939394,20.8775318388611,19.4696179546972,measured_post_warmup
v4_normal,Battery_SOC_pu,0.99999886824804,1.0,0.999999951875783,measured_post_warmup
v4_normal,DC_healthy,1.0,1.0,1.0,measured_post_warmup
v4_normal,DC_low_voltage,0.0,0.0,0.0,measured_post_warmup
v4_normal,Battery_low,0.0,0.0,0.0,measured_post_warmup
v4_normal,Charger_failure,0.0,1.0,0.000504795557799091,measured_post_warmup
v4_normal,Trip_unavailable,0.0,0.0,0.0,measured_post_warmup
v4_normal,Charger_AC_power_W,0.0,5248.30954566723,2625.96268107768,measured_post_warmup
v4_normal,Trip_coil_power_W,0.0,0.0,0.0,measured_post_warmup
