Scenario,t_s,Group,Device,Transition
bus_3ph,0.021,DC_state,Charger_failure,cleared
bus_3ph,0.15,scenario_schedule,GIS230,fault_on
bus_3ph,0.153,relay_pickup,87B,pickup
bus_3ph,0.156,relay_pickup,GSUT51,pickup
bus_3ph,0.157,relay_pickup,GEN51,pickup
bus_3ph,0.161,DC_state,Charger_failure,asserted
bus_3ph,0.187,relay_trip_request,87B,asserted
bus_3ph,0.188,trip_coil_power,Station_DC,energized
bus_3ph,0.237,breaker_command,Q0,open
bus_3ph,0.237,breaker_command,LineLocal,open
bus_3ph,0.263,relay_pickup,GEN51,dropout
bus_3ph,0.265,relay_pickup,GSUT51,dropout
bus_3ph,0.268,relay_pickup,87B,dropout
bus_3ph,0.268,DC_state,Charger_failure,cleared
bus_3ph,0.388,trip_coil_power,Station_DC,deenergized
bus_3ph,0.45,scenario_schedule,GIS230,fault_off
dc_late_recovery_bus_3ph,0.021,DC_state,Charger_failure,cleared
dc_late_recovery_bus_3ph,0.081,DC_state,DC_healthy,cleared
dc_late_recovery_bus_3ph,0.081,DC_state,DC_low_voltage,asserted
dc_late_recovery_bus_3ph,0.081,DC_state,Battery_low,asserted
dc_late_recovery_bus_3ph,0.081,DC_state,Charger_failure,asserted
dc_late_recovery_bus_3ph,0.081,DC_state,Trip_unavailable,asserted
dc_late_recovery_bus_3ph,0.15,scenario_schedule,GIS230,fault_on
dc_late_recovery_bus_3ph,0.153,relay_pickup,87B,pickup
dc_late_recovery_bus_3ph,0.156,relay_pickup,GSUT51,pickup
dc_late_recovery_bus_3ph,0.157,relay_pickup,GEN51,pickup
dc_late_recovery_bus_3ph,0.187,relay_trip_request,87B,asserted
dc_late_recovery_bus_3ph,0.501,DC_state,DC_healthy,asserted
dc_late_recovery_bus_3ph,0.501,DC_state,DC_low_voltage,cleared
dc_late_recovery_bus_3ph,0.501,DC_state,Battery_low,cleared
dc_late_recovery_bus_3ph,0.501,DC_state,Trip_unavailable,cleared
dc_late_recovery_bus_3ph,0.501,trip_coil_power,Station_DC,energized
dc_late_recovery_bus_3ph,0.551,breaker_command,Q0,open
dc_late_recovery_bus_3ph,0.551,breaker_command,LineLocal,open
dc_late_recovery_bus_3ph,0.572,relay_pickup,GEN51,dropout
dc_late_recovery_bus_3ph,0.577,relay_pickup,GSUT51,dropout
dc_late_recovery_bus_3ph,0.577,relay_pickup,87B,dropout
dc_late_recovery_bus_3ph,0.579,DC_state,Charger_failure,cleared
dc_late_recovery_bus_3ph,0.701,trip_coil_power,Station_DC,deenergized
dc_late_recovery_bus_3ph,0.75,scenario_schedule,GIS230,fault_off
dc_loss_bus_3ph,0.021,DC_state,Charger_failure,cleared
dc_loss_bus_3ph,0.081,DC_state,DC_healthy,cleared
dc_loss_bus_3ph,0.081,DC_state,DC_low_voltage,asserted
dc_loss_bus_3ph,0.081,DC_state,Battery_low,asserted
dc_loss_bus_3ph,0.081,DC_state,Charger_failure,asserted
dc_loss_bus_3ph,0.081,DC_state,Trip_unavailable,asserted
dc_loss_bus_3ph,0.15,scenario_schedule,GIS230,fault_on
dc_loss_bus_3ph,0.153,relay_pickup,87B,pickup
dc_loss_bus_3ph,0.156,relay_pickup,GSUT51,pickup
dc_loss_bus_3ph,0.157,relay_pickup,GEN51,pickup
dc_loss_bus_3ph,0.187,relay_trip_request,87B,asserted
dc_loss_bus_3ph,0.45,scenario_schedule,GIS230,fault_off
dc_loss_bus_3ph,0.476,relay_pickup,87B,dropout
dc_recovery_bus_3ph,0.021,DC_state,Charger_failure,cleared
dc_recovery_bus_3ph,0.081,DC_state,DC_healthy,cleared
dc_recovery_bus_3ph,0.081,DC_state,DC_low_voltage,asserted
dc_recovery_bus_3ph,0.081,DC_state,Battery_low,asserted
dc_recovery_bus_3ph,0.081,DC_state,Charger_failure,asserted
dc_recovery_bus_3ph,0.081,DC_state,Trip_unavailable,asserted
dc_recovery_bus_3ph,0.15,scenario_schedule,GIS230,fault_on
dc_recovery_bus_3ph,0.153,relay_pickup,87B,pickup
dc_recovery_bus_3ph,0.156,relay_pickup,GSUT51,pickup
dc_recovery_bus_3ph,0.157,relay_pickup,GEN51,pickup
dc_recovery_bus_3ph,0.187,relay_trip_request,87B,asserted
dc_recovery_bus_3ph,0.301,DC_state,DC_healthy,asserted
dc_recovery_bus_3ph,0.301,DC_state,DC_low_voltage,cleared
dc_recovery_bus_3ph,0.301,DC_state,Battery_low,cleared
dc_recovery_bus_3ph,0.301,DC_state,Trip_unavailable,cleared
dc_recovery_bus_3ph,0.301,trip_coil_power,Station_DC,energized
dc_recovery_bus_3ph,0.351,breaker_command,Q0,open
dc_recovery_bus_3ph,0.351,breaker_command,LineLocal,open
dc_recovery_bus_3ph,0.375,relay_pickup,GEN51,dropout
dc_recovery_bus_3ph,0.376,relay_pickup,GSUT51,dropout
dc_recovery_bus_3ph,0.38,relay_pickup,87B,dropout
dc_recovery_bus_3ph,0.383,DC_state,Charger_failure,cleared
dc_recovery_bus_3ph,0.388,trip_coil_power,Station_DC,deenergized
dc_recovery_bus_3ph,0.45,scenario_schedule,GIS230,fault_off
generator_3ph,0.021,DC_state,Charger_failure,cleared
generator_3ph,0.15,scenario_schedule,GEN,fault_on
generator_3ph,0.153,relay_pickup,87G,pickup
generator_3ph,0.157,relay_pickup,GEN51,pickup
generator_3ph,0.157,relay_pickup,GSUT51,pickup
generator_3ph,0.16,DC_state,Charger_failure,asserted
generator_3ph,0.197,relay_trip_request,87G,asserted
generator_3ph,0.198,unit_trip,Unit,asserted
generator_3ph,0.198,trip_coil_power,Station_DC,energized
generator_3ph,0.247,breaker_command,GCB,open
generator_3ph,0.247,breaker_command,Q0,open
generator_3ph,0.271,relay_pickup,GEN51,dropout
generator_3ph,0.273,relay_pickup,GSUT51,dropout
generator_3ph,0.398,trip_coil_power,Station_DC,deenergized
generator_3ph,0.45,scenario_schedule,GEN,fault_off
generator_3ph,0.476,relay_pickup,87G,dropout
generator_slg,0.021,DC_state,Charger_failure,cleared
generator_slg,0.15,scenario_schedule,GEN,fault_on
generator_slg,0.166,relay_pickup,GEN51N,pickup
generator_slg,0.45,scenario_schedule,GEN,fault_off
generator_slg,0.461,relay_pickup,GEN51N,dropout
generator_slg_timed,0.021,DC_state,Charger_failure,cleared
generator_slg_timed,0.15,scenario_schedule,GEN,fault_on
generator_slg_timed,0.166,relay_pickup,GEN51N,pickup
generator_slg_timed,1.921,relay_trip_request,GEN51N,asserted
generator_slg_timed,1.922,unit_trip,Unit,asserted
generator_slg_timed,1.922,trip_coil_power,Station_DC,energized
generator_slg_timed,1.971,breaker_command,GCB,open
generator_slg_timed,1.971,breaker_command,Q0,open
generator_slg_timed,1.991,DC_state,Charger_failure,asserted
generator_slg_timed,2.122,trip_coil_power,Station_DC,deenergized
generator_slg_timed,2.3,scenario_schedule,GEN,fault_off
generator_slg_timed,2.315,relay_pickup,GEN51N,dropout
grid_external_ll,0.021,DC_state,Charger_failure,cleared
grid_external_ll,0.15,scenario_schedule,GRID230,fault_on
grid_external_ll,0.156,relay_pickup,GSUT51,pickup
grid_external_ll,0.163,relay_pickup,GEN51,pickup
grid_external_ll,0.171,DC_state,Charger_failure,asserted
grid_external_ll,0.45,scenario_schedule,GRID230,fault_off
grid_external_ll,0.473,DC_state,Charger_failure,cleared
interactive_bus_trip,0.021,DC_state,Charger_failure,cleared
interactive_bus_trip,0.15,scenario_schedule,GIS230,fault_on
interactive_bus_trip,0.153,relay_pickup,87B,pickup
interactive_bus_trip,0.156,relay_pickup,GSUT51,pickup
interactive_bus_trip,0.157,relay_pickup,GEN51,pickup
interactive_bus_trip,0.161,DC_state,Charger_failure,asserted
interactive_bus_trip,0.222,relay_trip_request,87B,asserted
interactive_bus_trip,0.223,trip_coil_power,Station_DC,energized
interactive_bus_trip,0.272,breaker_command,Q0,open
interactive_bus_trip,0.272,breaker_command,LineLocal,open
interactive_bus_trip,0.299,relay_pickup,GEN51,dropout
interactive_bus_trip,0.302,relay_pickup,GSUT51,dropout
interactive_bus_trip,0.304,relay_pickup,87B,dropout
interactive_bus_trip,0.305,DC_state,Charger_failure,cleared
interactive_bus_trip,0.423,trip_coil_power,Station_DC,deenergized
interactive_bus_trip,0.45,scenario_schedule,GIS230,fault_off
line_slg,0.021,DC_state,Charger_failure,cleared
line_slg,0.15,scenario_schedule,LINE230,fault_on
line_slg,0.154,relay_pickup,87L,pickup
line_slg,0.156,relay_pickup,GSUT51,pickup
line_slg,0.16,relay_pickup,GEN51,pickup
line_slg,0.188,relay_trip_request,87L,asserted
line_slg,0.189,trip_coil_power,Station_DC,energized
line_slg,0.238,breaker_command,LineLocal,open
line_slg,0.238,breaker_command,LineRemote,open
line_slg,0.259,relay_pickup,GEN51,dropout
line_slg,0.263,relay_pickup,GSUT51,dropout
line_slg,0.268,relay_pickup,87L,dropout
line_slg,0.389,trip_coil_power,Station_DC,deenergized
line_slg,0.45,scenario_schedule,LINE230,fault_off
manual_bus_default,0.021,DC_state,Charger_failure,cleared
manual_bus_default,0.15,scenario_schedule,GIS230,fault_on
manual_bus_default,0.153,relay_pickup,87B,pickup
manual_bus_default,0.156,relay_pickup,GSUT51,pickup
manual_bus_default,0.157,relay_pickup,GEN51,pickup
manual_bus_default,0.161,DC_state,Charger_failure,asserted
manual_bus_default,0.187,relay_trip_request,87B,asserted
manual_bus_default,0.188,trip_coil_power,Station_DC,energized
manual_bus_default,0.237,breaker_command,Q0,open
manual_bus_default,0.237,breaker_command,LineLocal,open
manual_bus_default,0.262,relay_pickup,GEN51,dropout
manual_bus_default,0.264,relay_pickup,GSUT51,dropout
manual_bus_default,0.266,relay_pickup,87B,dropout
manual_bus_default,0.267,DC_state,Charger_failure,cleared
manual_bus_default,0.388,trip_coil_power,Station_DC,deenergized
manual_bus_default,0.45,scenario_schedule,GIS230,fault_off
manual_bus_delay_100ms,0.021,DC_state,Charger_failure,cleared
manual_bus_delay_100ms,0.15,scenario_schedule,GIS230,fault_on
manual_bus_delay_100ms,0.153,relay_pickup,87B,pickup
manual_bus_delay_100ms,0.156,relay_pickup,GSUT51,pickup
manual_bus_delay_100ms,0.157,relay_pickup,GEN51,pickup
manual_bus_delay_100ms,0.161,DC_state,Charger_failure,asserted
manual_bus_delay_100ms,0.252,relay_trip_request,87B,asserted
manual_bus_delay_100ms,0.253,trip_coil_power,Station_DC,energized
manual_bus_delay_100ms,0.302,breaker_command,Q0,open
manual_bus_delay_100ms,0.302,breaker_command,LineLocal,open
manual_bus_delay_100ms,0.32,relay_pickup,GEN51,dropout
manual_bus_delay_100ms,0.321,relay_pickup,GSUT51,dropout
manual_bus_delay_100ms,0.328,DC_state,Charger_failure,cleared
manual_bus_delay_100ms,0.331,relay_pickup,87B,dropout
manual_bus_delay_100ms,0.45,scenario_schedule,GIS230,fault_off
manual_bus_delay_100ms,0.453,trip_coil_power,Station_DC,deenergized
normal,0.021,DC_state,Charger_failure,cleared
protection_disabled,0.021,DC_state,Charger_failure,cleared
protection_disabled,0.15,scenario_schedule,GIS230,fault_on
protection_disabled,0.161,DC_state,Charger_failure,asserted
protection_disabled,0.23,scenario_schedule,GIS230,fault_off
protection_disabled,0.249,DC_state,Charger_failure,cleared
reduced_180MW,0.021,DC_state,Charger_failure,cleared
regression_170b59eb-0aae-4914-ad5a-d28ae9a55b35,0.021,DC_state,Charger_failure,cleared
regression_170b59eb-0aae-4914-ad5a-d28ae9a55b35,0.15,scenario_schedule,GIS230,fault_on
regression_170b59eb-0aae-4914-ad5a-d28ae9a55b35,0.153,relay_pickup,87B,pickup
regression_170b59eb-0aae-4914-ad5a-d28ae9a55b35,0.156,relay_pickup,GSUT51,pickup
regression_170b59eb-0aae-4914-ad5a-d28ae9a55b35,0.157,relay_pickup,GEN51,pickup
regression_170b59eb-0aae-4914-ad5a-d28ae9a55b35,0.161,DC_state,Charger_failure,asserted
regression_170b59eb-0aae-4914-ad5a-d28ae9a55b35,0.187,relay_trip_request,87B,asserted
regression_170b59eb-0aae-4914-ad5a-d28ae9a55b35,0.188,trip_coil_power,Station_DC,energized
regression_170b59eb-0aae-4914-ad5a-d28ae9a55b35,0.237,breaker_command,Q0,open
regression_170b59eb-0aae-4914-ad5a-d28ae9a55b35,0.237,breaker_command,LineLocal,open
regression_170b59eb-0aae-4914-ad5a-d28ae9a55b35,0.263,relay_pickup,GEN51,dropout
regression_170b59eb-0aae-4914-ad5a-d28ae9a55b35,0.265,relay_pickup,GSUT51,dropout
regression_170b59eb-0aae-4914-ad5a-d28ae9a55b35,0.268,relay_pickup,87B,dropout
regression_170b59eb-0aae-4914-ad5a-d28ae9a55b35,0.268,DC_state,Charger_failure,cleared
regression_170b59eb-0aae-4914-ad5a-d28ae9a55b35,0.388,trip_coil_power,Station_DC,deenergized
regression_170b59eb-0aae-4914-ad5a-d28ae9a55b35,0.45,scenario_schedule,GIS230,fault_off
regression_1e668b9d-3bfe-4c4e-870d-d530b29fcb75,0.021,DC_state,Charger_failure,cleared
regression_1e668b9d-3bfe-4c4e-870d-d530b29fcb75,0.15,scenario_schedule,GIS230,fault_on
regression_1e668b9d-3bfe-4c4e-870d-d530b29fcb75,0.153,relay_pickup,87B,pickup
regression_1e668b9d-3bfe-4c4e-870d-d530b29fcb75,0.156,relay_pickup,GSUT51,pickup
regression_1e668b9d-3bfe-4c4e-870d-d530b29fcb75,0.157,relay_pickup,GEN51,pickup
regression_1e668b9d-3bfe-4c4e-870d-d530b29fcb75,0.161,DC_state,Charger_failure,asserted
regression_1e668b9d-3bfe-4c4e-870d-d530b29fcb75,0.187,relay_trip_request,87B,asserted
regression_1e668b9d-3bfe-4c4e-870d-d530b29fcb75,0.188,trip_coil_power,Station_DC,energized
regression_1e668b9d-3bfe-4c4e-870d-d530b29fcb75,0.237,breaker_command,Q0,open
regression_1e668b9d-3bfe-4c4e-870d-d530b29fcb75,0.237,breaker_command,LineLocal,open
regression_1e668b9d-3bfe-4c4e-870d-d530b29fcb75,0.262,relay_pickup,GEN51,dropout
regression_1e668b9d-3bfe-4c4e-870d-d530b29fcb75,0.264,relay_pickup,GSUT51,dropout
regression_1e668b9d-3bfe-4c4e-870d-d530b29fcb75,0.266,relay_pickup,87B,dropout
regression_1e668b9d-3bfe-4c4e-870d-d530b29fcb75,0.267,DC_state,Charger_failure,cleared
regression_1e668b9d-3bfe-4c4e-870d-d530b29fcb75,0.388,trip_coil_power,Station_DC,deenergized
regression_1e668b9d-3bfe-4c4e-870d-d530b29fcb75,0.45,scenario_schedule,GIS230,fault_off
reset_normal,0.021,DC_state,Charger_failure,cleared
transformer_hv_llg,0.021,DC_state,Charger_failure,cleared
transformer_hv_llg,0.15,scenario_schedule,GSUT_HV,fault_on
transformer_hv_llg,0.153,relay_pickup,87T,pickup
transformer_hv_llg,0.154,relay_pickup,GSUT51,pickup
transformer_hv_llg,0.158,relay_pickup,GEN51,pickup
transformer_hv_llg,0.164,DC_state,Charger_failure,asserted
transformer_hv_llg,0.197,relay_trip_request,87T,asserted
transformer_hv_llg,0.198,unit_trip,Unit,asserted
transformer_hv_llg,0.198,trip_coil_power,Station_DC,energized
transformer_hv_llg,0.247,breaker_command,GCB,open
transformer_hv_llg,0.247,breaker_command,Q0,open
transformer_hv_llg,0.257,relay_pickup,GEN51,dropout
transformer_hv_llg,0.271,relay_pickup,GSUT51,dropout
transformer_hv_llg,0.272,relay_pickup,87T,dropout
transformer_hv_llg,0.398,trip_coil_power,Station_DC,deenergized
transformer_hv_llg,0.45,scenario_schedule,GSUT_HV,fault_off
transformer_lv_ll,0.021,DC_state,Charger_failure,cleared
transformer_lv_ll,0.15,scenario_schedule,GSUT_LV,fault_on
transformer_lv_ll,0.154,relay_pickup,87T,pickup
transformer_lv_ll,0.156,relay_pickup,GEN51,pickup
transformer_lv_ll,0.157,relay_pickup,GSUT51,pickup
transformer_lv_ll,0.165,DC_state,Charger_failure,asserted
transformer_lv_ll,0.198,relay_trip_request,87T,asserted
transformer_lv_ll,0.199,unit_trip,Unit,asserted
transformer_lv_ll,0.199,trip_coil_power,Station_DC,energized
transformer_lv_ll,0.248,breaker_command,GCB,open
transformer_lv_ll,0.248,breaker_command,Q0,open
transformer_lv_ll,0.265,relay_pickup,GEN51,dropout
transformer_lv_ll,0.269,relay_pickup,GSUT51,dropout
transformer_lv_ll,0.271,relay_pickup,87T,dropout
transformer_lv_ll,0.399,trip_coil_power,Station_DC,deenergized
transformer_lv_ll,0.45,scenario_schedule,GSUT_LV,fault_off
v4_gen_3ph,0.021,DC_state,Charger_failure,cleared
v4_gen_3ph,0.15,scenario_schedule,GEN,fault_on
v4_gen_3ph,0.153,relay_pickup,87G,pickup
v4_gen_3ph,0.157,relay_pickup,GEN51,pickup
v4_gen_3ph,0.157,relay_pickup,GSUT51,pickup
v4_gen_3ph,0.16,DC_state,Charger_failure,asserted
v4_gen_3ph,0.197,relay_trip_request,87G,asserted
v4_gen_3ph,0.198,unit_trip,Unit,asserted
v4_gen_3ph,0.198,trip_coil_power,Station_DC,energized
v4_gen_3ph,0.247,breaker_command,GCB,open
v4_gen_3ph,0.247,breaker_command,Q0,open
v4_gen_3ph,0.271,relay_pickup,GEN51,dropout
v4_gen_3ph,0.273,relay_pickup,GSUT51,dropout
v4_gen_3ph,0.398,trip_coil_power,Station_DC,deenergized
v4_gen_3ph,0.45,scenario_schedule,GEN,fault_off
v4_gen_3ph,0.476,relay_pickup,87G,dropout
v4_gsut_hv_3ph,0.021,DC_state,Charger_failure,cleared
v4_gsut_hv_3ph,0.15,scenario_schedule,GSUT_HV,fault_on
v4_gsut_hv_3ph,0.153,relay_pickup,87T,pickup
v4_gsut_hv_3ph,0.154,relay_pickup,GSUT51,pickup
v4_gsut_hv_3ph,0.157,relay_pickup,GEN51,pickup
v4_gsut_hv_3ph,0.161,DC_state,Charger_failure,asserted
v4_gsut_hv_3ph,0.197,relay_trip_request,87T,asserted
v4_gsut_hv_3ph,0.198,unit_trip,Unit,asserted
v4_gsut_hv_3ph,0.198,trip_coil_power,Station_DC,energized
v4_gsut_hv_3ph,0.247,breaker_command,GCB,open
v4_gsut_hv_3ph,0.247,breaker_command,Q0,open
v4_gsut_hv_3ph,0.262,relay_pickup,GEN51,dropout
v4_gsut_hv_3ph,0.274,relay_pickup,GSUT51,dropout
v4_gsut_hv_3ph,0.275,relay_pickup,87T,dropout
v4_gsut_hv_3ph,0.398,trip_coil_power,Station_DC,deenergized
v4_gsut_hv_3ph,0.45,scenario_schedule,GSUT_HV,fault_off
v4_line230_3ph,0.021,DC_state,Charger_failure,cleared
v4_line230_3ph,0.15,scenario_schedule,LINE230,fault_on
v4_line230_3ph,0.153,relay_pickup,87L,pickup
v4_line230_3ph,0.156,relay_pickup,GSUT51,pickup
v4_line230_3ph,0.157,relay_pickup,GEN51,pickup
v4_line230_3ph,0.161,DC_state,Charger_failure,asserted
v4_line230_3ph,0.192,relay_trip_request,87L,asserted
v4_line230_3ph,0.193,trip_coil_power,Station_DC,energized
v4_line230_3ph,0.242,breaker_command,LineLocal,open
v4_line230_3ph,0.242,breaker_command,LineRemote,open
v4_line230_3ph,0.261,relay_pickup,GEN51,dropout
v4_line230_3ph,0.263,relay_pickup,GSUT51,dropout
v4_line230_3ph,0.268,DC_state,Charger_failure,cleared
v4_line230_3ph,0.271,relay_pickup,87L,dropout
v4_line230_3ph,0.393,trip_coil_power,Station_DC,deenergized
v4_line230_3ph,0.45,scenario_schedule,LINE230,fault_off
v4_normal,0.021,DC_state,Charger_failure,cleared
