Time_s,GCB_closed,Q0_closed,LineLocal_closed,LineRemote_closed,GAT_closed,Unit_trip
0,1,1,1,1,0,0
0.001,1,1,1,1,0,0
0.002,1,1,1,1,0,0
0.003,1,1,1,1,0,0
0.004,1,1,1,1,0,0
0.005,1,1,1,1,0,0
0.006,1,1,1,1,0,0
0.007,1,1,1,1,0,0
0.008,1,1,1,1,0,0
0.009,1,1,1,1,0,0
0.01,1,1,1,1,0,0
0.011,1,1,1,1,0,0
0.012,1,1,1,1,0,0
0.013,1,1,1,1,0,0
0.014,1,1,1,1,0,0
0.015,1,1,1,1,0,0
0.016,1,1,1,1,0,0
0.017,1,1,1,1,0,0
0.018,1,1,1,1,0,0
0.019,1,1,1,1,0,0
0.02,1,1,1,1,0,0
0.021,1,1,1,1,0,0
0.022,1,1,1,1,0,0
0.023,1,1,1,1,0,0
0.024,1,1,1,1,0,0
0.025,1,1,1,1,0,0
0.026,1,1,1,1,0,0
0.027,1,1,1,1,0,0
0.028,1,1,1,1,0,0
0.029,1,1,1,1,0,0
0.03,1,1,1,1,0,0
0.031,1,1,1,1,0,0
0.032,1,1,1,1,0,0
0.033,1,1,1,1,0,0
0.034,1,1,1,1,0,0
0.035,1,1,1,1,0,0
0.036,1,1,1,1,0,0
0.037,1,1,1,1,0,0
0.038,1,1,1,1,0,0
0.039,1,1,1,1,0,0
0.04,1,1,1,1,0,0
0.041,1,1,1,1,0,0
0.042,1,1,1,1,0,0
0.043,1,1,1,1,0,0
0.044,1,1,1,1,0,0
0.045,1,1,1,1,0,0
0.046,1,1,1,1,0,0
0.047,1,1,1,1,0,0
0.048,1,1,1,1,0,0
0.049,1,1,1,1,0,0
0.05,1,1,1,1,0,0
0.051,1,1,1,1,0,0
0.052,1,1,1,1,0,0
0.053,1,1,1,1,0,0
0.054,1,1,1,1,0,0
0.055,1,1,1,1,0,0
0.056,1,1,1,1,0,0
0.057,1,1,1,1,0,0
0.058,1,1,1,1,0,0
0.059,1,1,1,1,0,0
0.06,1,1,1,1,0,0
0.061,1,1,1,1,0,0
0.062,1,1,1,1,0,0
0.063,1,1,1,1,0,0
0.064,1,1,1,1,0,0
0.065,1,1,1,1,0,0
0.066,1,1,1,1,0,0
0.067,1,1,1,1,0,0
0.068,1,1,1,1,0,0
0.069,1,1,1,1,0,0
0.07,1,1,1,1,0,0
0.071,1,1,1,1,0,0
0.072,1,1,1,1,0,0
0.073,1,1,1,1,0,0
0.074,1,1,1,1,0,0
0.075,1,1,1,1,0,0
0.076,1,1,1,1,0,0
0.077,1,1,1,1,0,0
0.078,1,1,1,1,0,0
0.079,1,1,1,1,0,0
0.08,1,1,1,1,0,0
0.081,1,1,1,1,0,0
0.082,1,1,1,1,0,0
0.083,1,1,1,1,0,0
0.084,1,1,1,1,0,0
0.085,1,1,1,1,0,0
0.086,1,1,1,1,0,0
0.087,1,1,1,1,0,0
0.088,1,1,1,1,0,0
0.089,1,1,1,1,0,0
0.09,1,1,1,1,0,0
0.091,1,1,1,1,0,0
0.092,1,1,1,1,0,0
0.093,1,1,1,1,0,0
0.094,1,1,1,1,0,0
0.095,1,1,1,1,0,0
0.096,1,1,1,1,0,0
0.097,1,1,1,1,0,0
0.098,1,1,1,1,0,0
0.099,1,1,1,1,0,0
0.1,1,1,1,1,0,0
0.101,1,1,1,1,0,0
0.102,1,1,1,1,0,0
0.103,1,1,1,1,0,0
0.104,1,1,1,1,0,0
0.105,1,1,1,1,0,0
0.106,1,1,1,1,0,0
0.107,1,1,1,1,0,0
0.108,1,1,1,1,0,0
0.109,1,1,1,1,0,0
0.11,1,1,1,1,0,0
0.111,1,1,1,1,0,0
0.112,1,1,1,1,0,0
0.113,1,1,1,1,0,0
0.114,1,1,1,1,0,0
0.115,1,1,1,1,0,0
0.116,1,1,1,1,0,0
0.117,1,1,1,1,0,0
0.118,1,1,1,1,0,0
0.119,1,1,1,1,0,0
0.12,1,1,1,1,0,0
0.121,1,1,1,1,0,0
0.122,1,1,1,1,0,0
0.123,1,1,1,1,0,0
0.124,1,1,1,1,0,0
0.125,1,1,1,1,0,0
0.126,1,1,1,1,0,0
0.127,1,1,1,1,0,0
0.128,1,1,1,1,0,0
0.129,1,1,1,1,0,0
0.13,1,1,1,1,0,0
0.131,1,1,1,1,0,0
0.132,1,1,1,1,0,0
0.133,1,1,1,1,0,0
0.134,1,1,1,1,0,0
0.135,1,1,1,1,0,0
0.136,1,1,1,1,0,0
0.137,1,1,1,1,0,0
0.138,1,1,1,1,0,0
0.139,1,1,1,1,0,0
0.14,1,1,1,1,0,0
0.141,1,1,1,1,0,0
0.142,1,1,1,1,0,0
0.143,1,1,1,1,0,0
0.144,1,1,1,1,0,0
0.145,1,1,1,1,0,0
0.146,1,1,1,1,0,0
0.147,1,1,1,1,0,0
0.148,1,1,1,1,0,0
0.149,1,1,1,1,0,0
0.15,1,1,1,1,0,0
0.151,1,1,1,1,0,0
0.152,1,1,1,1,0,0
0.153,1,1,1,1,0,0
0.154,1,1,1,1,0,0
0.155,1,1,1,1,0,0
0.156,1,1,1,1,0,0
0.157,1,1,1,1,0,0
0.158,1,1,1,1,0,0
0.159,1,1,1,1,0,0
0.16,1,1,1,1,0,0
0.161,1,1,1,1,0,0
0.162,1,1,1,1,0,0
0.163,1,1,1,1,0,0
0.164,1,1,1,1,0,0
0.165,1,1,1,1,0,0
0.166,1,1,1,1,0,0
0.167,1,1,1,1,0,0
0.168,1,1,1,1,0,0
0.169,1,1,1,1,0,0
0.17,1,1,1,1,0,0
0.171,1,1,1,1,0,0
0.172,1,1,1,1,0,0
0.173,1,1,1,1,0,0
0.174,1,1,1,1,0,0
0.175,1,1,1,1,0,0
0.176,1,1,1,1,0,0
0.177,1,1,1,1,0,0
0.178,1,1,1,1,0,0
0.179,1,1,1,1,0,0
0.18,1,1,1,1,0,0
0.181,1,1,1,1,0,0
0.182,1,1,1,1,0,0
0.183,1,1,1,1,0,0
0.184,1,1,1,1,0,0
0.185,1,1,1,1,0,0
0.186,1,1,1,1,0,0
0.187,1,1,1,1,0,0
0.188,1,1,1,1,0,0
0.189,1,1,1,1,0,0
0.19,1,1,1,1,0,0
0.191,1,1,1,1,0,0
0.192,1,1,1,1,0,0
0.193,1,1,1,1,0,0
0.194,1,1,1,1,0,0
0.195,1,1,1,1,0,0
0.196,1,1,1,1,0,0
0.197,1,1,1,1,0,0
0.198,1,1,1,1,0,1
0.199,1,1,1,1,0,1
0.2,1,1,1,1,0,1
0.201,1,1,1,1,0,1
0.202,1,1,1,1,0,1
0.203,1,1,1,1,0,1
0.204,1,1,1,1,0,1
0.205,1,1,1,1,0,1
0.206,1,1,1,1,0,1
0.207,1,1,1,1,0,1
0.208,1,1,1,1,0,1
0.209,1,1,1,1,0,1
0.21,1,1,1,1,0,1
0.211,1,1,1,1,0,1
0.212,1,1,1,1,0,1
0.213,1,1,1,1,0,1
0.214,1,1,1,1,0,1
0.215,1,1,1,1,0,1
0.216,1,1,1,1,0,1
0.217,1,1,1,1,0,1
0.218,1,1,1,1,0,1
0.219,1,1,1,1,0,1
0.22,1,1,1,1,0,1
0.221,1,1,1,1,0,1
0.222,1,1,1,1,0,1
0.223,1,1,1,1,0,1
0.224,1,1,1,1,0,1
0.225,1,1,1,1,0,1
0.226,1,1,1,1,0,1
0.227,1,1,1,1,0,1
0.228,1,1,1,1,0,1
0.229,1,1,1,1,0,1
0.23,1,1,1,1,0,1
0.231,1,1,1,1,0,1
0.232,1,1,1,1,0,1
0.233,1,1,1,1,0,1
0.234,1,1,1,1,0,1
0.235,1,1,1,1,0,1
0.236,1,1,1,1,0,1
0.237,1,1,1,1,0,1
0.238,1,1,1,1,0,1
0.239,1,1,1,1,0,1
0.24,1,1,1,1,0,1
0.241,1,1,1,1,0,1
0.242,1,1,1,1,0,1
0.243,1,1,1,1,0,1
0.244,1,1,1,1,0,1
0.245,1,1,1,1,0,1
0.246,1,1,1,1,0,1
0.247,0,0,1,1,0,1
0.248,0,0,1,1,0,1
0.249,0,0,1,1,0,1
0.25,0,0,1,1,0,1
0.251,0,0,1,1,0,1
0.252,0,0,1,1,0,1
0.253,0,0,1,1,0,1
0.254,0,0,1,1,0,1
0.255,0,0,1,1,0,1
0.256,0,0,1,1,0,1
0.257,0,0,1,1,0,1
0.258,0,0,1,1,0,1
0.259,0,0,1,1,0,1
0.26,0,0,1,1,0,1
0.261,0,0,1,1,0,1
0.262,0,0,1,1,0,1
0.263,0,0,1,1,0,1
0.264,0,0,1,1,0,1
0.265,0,0,1,1,0,1
0.266,0,0,1,1,0,1
0.267,0,0,1,1,0,1
0.268,0,0,1,1,0,1
0.269,0,0,1,1,0,1
0.27,0,0,1,1,0,1
0.271,0,0,1,1,0,1
0.272,0,0,1,1,0,1
0.273,0,0,1,1,0,1
0.274,0,0,1,1,0,1
0.275,0,0,1,1,0,1
0.276,0,0,1,1,0,1
0.277,0,0,1,1,0,1
0.278,0,0,1,1,0,1
0.279,0,0,1,1,0,1
0.28,0,0,1,1,0,1
0.281,0,0,1,1,0,1
0.282,0,0,1,1,0,1
0.283,0,0,1,1,0,1
0.284,0,0,1,1,0,1
0.285,0,0,1,1,0,1
0.286,0,0,1,1,0,1
0.287,0,0,1,1,0,1
0.288,0,0,1,1,0,1
0.289,0,0,1,1,0,1
0.29,0,0,1,1,0,1
0.291,0,0,1,1,0,1
0.292,0,0,1,1,0,1
0.293,0,0,1,1,0,1
0.294,0,0,1,1,0,1
0.295,0,0,1,1,0,1
0.296,0,0,1,1,0,1
0.297,0,0,1,1,0,1
0.298,0,0,1,1,0,1
0.299,0,0,1,1,0,1
0.3,0,0,1,1,0,1
0.301,0,0,1,1,0,1
0.302,0,0,1,1,0,1
0.303,0,0,1,1,0,1
0.304,0,0,1,1,0,1
0.305,0,0,1,1,0,1
0.306,0,0,1,1,0,1
0.307,0,0,1,1,0,1
0.308,0,0,1,1,0,1
0.309,0,0,1,1,0,1
0.31,0,0,1,1,0,1
0.311,0,0,1,1,0,1
0.312,0,0,1,1,0,1
0.313,0,0,1,1,0,1
0.314,0,0,1,1,0,1
0.315,0,0,1,1,0,1
0.316,0,0,1,1,0,1
0.317,0,0,1,1,0,1
0.318,0,0,1,1,0,1
0.319,0,0,1,1,0,1
0.32,0,0,1,1,0,1
0.321,0,0,1,1,0,1
0.322,0,0,1,1,0,1
0.323,0,0,1,1,0,1
0.324,0,0,1,1,0,1
0.325,0,0,1,1,0,1
0.326,0,0,1,1,0,1
0.327,0,0,1,1,0,1
0.328,0,0,1,1,0,1
0.329,0,0,1,1,0,1
0.33,0,0,1,1,0,1
0.331,0,0,1,1,0,1
0.332,0,0,1,1,0,1
0.333,0,0,1,1,0,1
0.334,0,0,1,1,0,1
0.335,0,0,1,1,0,1
0.336,0,0,1,1,0,1
0.337,0,0,1,1,0,1
0.338,0,0,1,1,0,1
0.339,0,0,1,1,0,1
0.34,0,0,1,1,0,1
0.341,0,0,1,1,0,1
0.342,0,0,1,1,0,1
0.343,0,0,1,1,0,1
0.344,0,0,1,1,0,1
0.345,0,0,1,1,0,1
0.346,0,0,1,1,0,1
0.347,0,0,1,1,0,1
0.348,0,0,1,1,0,1
0.349,0,0,1,1,0,1
0.35,0,0,1,1,0,1
0.351,0,0,1,1,0,1
0.352,0,0,1,1,0,1
0.353,0,0,1,1,0,1
0.354,0,0,1,1,0,1
0.355,0,0,1,1,0,1
0.356,0,0,1,1,0,1
0.357,0,0,1,1,0,1
0.358,0,0,1,1,0,1
0.359,0,0,1,1,0,1
0.36,0,0,1,1,0,1
0.361,0,0,1,1,0,1
0.362,0,0,1,1,0,1
0.363,0,0,1,1,0,1
0.364,0,0,1,1,0,1
0.365,0,0,1,1,0,1
0.366,0,0,1,1,0,1
0.367,0,0,1,1,0,1
0.368,0,0,1,1,0,1
0.369,0,0,1,1,0,1
0.37,0,0,1,1,0,1
0.371,0,0,1,1,0,1
0.372,0,0,1,1,0,1
0.373,0,0,1,1,0,1
0.374,0,0,1,1,0,1
0.375,0,0,1,1,0,1
0.376,0,0,1,1,0,1
0.377,0,0,1,1,0,1
0.378,0,0,1,1,0,1
0.379,0,0,1,1,0,1
0.38,0,0,1,1,0,1
0.381,0,0,1,1,0,1
0.382,0,0,1,1,0,1
0.383,0,0,1,1,0,1
0.384,0,0,1,1,0,1
0.385,0,0,1,1,0,1
0.386,0,0,1,1,0,1
0.387,0,0,1,1,0,1
0.388,0,0,1,1,0,1
0.389,0,0,1,1,0,1
0.39,0,0,1,1,0,1
0.391,0,0,1,1,0,1
0.392,0,0,1,1,0,1
0.393,0,0,1,1,0,1
0.394,0,0,1,1,0,1
0.395,0,0,1,1,0,1
0.396,0,0,1,1,0,1
0.397,0,0,1,1,0,1
0.398,0,0,1,1,0,1
0.399,0,0,1,1,0,1
0.4,0,0,1,1,0,1
0.401,0,0,1,1,0,1
0.402,0,0,1,1,0,1
0.403,0,0,1,1,0,1
0.404,0,0,1,1,0,1
0.405,0,0,1,1,0,1
0.406,0,0,1,1,0,1
0.407,0,0,1,1,0,1
0.408,0,0,1,1,0,1
0.409,0,0,1,1,0,1
0.41,0,0,1,1,0,1
0.411,0,0,1,1,0,1
0.412,0,0,1,1,0,1
0.413,0,0,1,1,0,1
0.414,0,0,1,1,0,1
0.415,0,0,1,1,0,1
0.416,0,0,1,1,0,1
0.417,0,0,1,1,0,1
0.418,0,0,1,1,0,1
0.419,0,0,1,1,0,1
0.42,0,0,1,1,0,1
0.421,0,0,1,1,0,1
0.422,0,0,1,1,0,1
0.423,0,0,1,1,0,1
0.424,0,0,1,1,0,1
0.425,0,0,1,1,0,1
0.426,0,0,1,1,0,1
0.427,0,0,1,1,0,1
0.428,0,0,1,1,0,1
0.429,0,0,1,1,0,1
0.43,0,0,1,1,0,1
0.431,0,0,1,1,0,1
0.432,0,0,1,1,0,1
0.433,0,0,1,1,0,1
0.434,0,0,1,1,0,1
0.435,0,0,1,1,0,1
0.436,0,0,1,1,0,1
0.437,0,0,1,1,0,1
0.438,0,0,1,1,0,1
0.439,0,0,1,1,0,1
0.44,0,0,1,1,0,1
0.441,0,0,1,1,0,1
0.442,0,0,1,1,0,1
0.443,0,0,1,1,0,1
0.444,0,0,1,1,0,1
0.445,0,0,1,1,0,1
0.446,0,0,1,1,0,1
0.447,0,0,1,1,0,1
0.448,0,0,1,1,0,1
0.449,0,0,1,1,0,1
0.45,0,0,1,1,0,1
0.451,0,0,1,1,0,1
0.452,0,0,1,1,0,1
0.453,0,0,1,1,0,1
0.454,0,0,1,1,0,1
0.455,0,0,1,1,0,1
0.456,0,0,1,1,0,1
0.457,0,0,1,1,0,1
0.458,0,0,1,1,0,1
0.459,0,0,1,1,0,1
0.46,0,0,1,1,0,1
0.461,0,0,1,1,0,1
0.462,0,0,1,1,0,1
0.463,0,0,1,1,0,1
0.464,0,0,1,1,0,1
0.465,0,0,1,1,0,1
0.466,0,0,1,1,0,1
0.467,0,0,1,1,0,1
0.468,0,0,1,1,0,1
0.469,0,0,1,1,0,1
0.47,0,0,1,1,0,1
0.471,0,0,1,1,0,1
0.472,0,0,1,1,0,1
0.473,0,0,1,1,0,1
0.474,0,0,1,1,0,1
0.475,0,0,1,1,0,1
0.476,0,0,1,1,0,1
0.477,0,0,1,1,0,1
0.478,0,0,1,1,0,1
0.479,0,0,1,1,0,1
0.48,0,0,1,1,0,1
0.481,0,0,1,1,0,1
0.482,0,0,1,1,0,1
0.483,0,0,1,1,0,1
0.484,0,0,1,1,0,1
0.485,0,0,1,1,0,1
0.486,0,0,1,1,0,1
0.487,0,0,1,1,0,1
0.488,0,0,1,1,0,1
0.489,0,0,1,1,0,1
0.49,0,0,1,1,0,1
0.491,0,0,1,1,0,1
0.492,0,0,1,1,0,1
0.493,0,0,1,1,0,1
0.494,0,0,1,1,0,1
0.495,0,0,1,1,0,1
0.496,0,0,1,1,0,1
0.497,0,0,1,1,0,1
0.498,0,0,1,1,0,1
0.499,0,0,1,1,0,1
0.5,0,0,1,1,0,1
0.501,0,0,1,1,0,1
0.502,0,0,1,1,0,1
0.503,0,0,1,1,0,1
0.504,0,0,1,1,0,1
0.505,0,0,1,1,0,1
0.506,0,0,1,1,0,1
0.507,0,0,1,1,0,1
0.508,0,0,1,1,0,1
0.509,0,0,1,1,0,1
0.51,0,0,1,1,0,1
0.511,0,0,1,1,0,1
0.512,0,0,1,1,0,1
0.513,0,0,1,1,0,1
0.514,0,0,1,1,0,1
0.515,0,0,1,1,0,1
0.516,0,0,1,1,0,1
0.517,0,0,1,1,0,1
0.518,0,0,1,1,0,1
0.519,0,0,1,1,0,1
0.52,0,0,1,1,0,1
0.521,0,0,1,1,0,1
0.522,0,0,1,1,0,1
0.523,0,0,1,1,0,1
0.524,0,0,1,1,0,1
0.525,0,0,1,1,0,1
0.526,0,0,1,1,0,1
0.527,0,0,1,1,0,1
0.528,0,0,1,1,0,1
0.529,0,0,1,1,0,1
0.53,0,0,1,1,0,1
0.531,0,0,1,1,0,1
0.532,0,0,1,1,0,1
0.533,0,0,1,1,0,1
0.534,0,0,1,1,0,1
0.535,0,0,1,1,0,1
0.536,0,0,1,1,0,1
0.537,0,0,1,1,0,1
0.538,0,0,1,1,0,1
0.539,0,0,1,1,0,1
0.54,0,0,1,1,0,1
0.541,0,0,1,1,0,1
0.542,0,0,1,1,0,1
0.543,0,0,1,1,0,1
0.544,0,0,1,1,0,1
0.545,0,0,1,1,0,1
0.546,0,0,1,1,0,1
0.547,0,0,1,1,0,1
0.548,0,0,1,1,0,1
0.549,0,0,1,1,0,1
0.55,0,0,1,1,0,1
0.551,0,0,1,1,0,1
0.552,0,0,1,1,0,1
0.553,0,0,1,1,0,1
0.554,0,0,1,1,0,1
0.555,0,0,1,1,0,1
0.556,0,0,1,1,0,1
0.557,0,0,1,1,0,1
0.558,0,0,1,1,0,1
0.559,0,0,1,1,0,1
0.56,0,0,1,1,0,1
0.561,0,0,1,1,0,1
0.562,0,0,1,1,0,1
0.563,0,0,1,1,0,1
0.564,0,0,1,1,0,1
0.565,0,0,1,1,0,1
0.566,0,0,1,1,0,1
0.567,0,0,1,1,0,1
0.568,0,0,1,1,0,1
0.569,0,0,1,1,0,1
0.57,0,0,1,1,0,1
0.571,0,0,1,1,0,1
0.572,0,0,1,1,0,1
0.573,0,0,1,1,0,1
0.574,0,0,1,1,0,1
0.575,0,0,1,1,0,1
0.576,0,0,1,1,0,1
0.577,0,0,1,1,0,1
0.578,0,0,1,1,0,1
0.579,0,0,1,1,0,1
0.58,0,0,1,1,0,1
0.581,0,0,1,1,0,1
0.582,0,0,1,1,0,1
0.583,0,0,1,1,0,1
0.584,0,0,1,1,0,1
0.585,0,0,1,1,0,1
0.586,0,0,1,1,0,1
0.587,0,0,1,1,0,1
0.588,0,0,1,1,0,1
0.589,0,0,1,1,0,1
0.59,0,0,1,1,0,1
0.591,0,0,1,1,0,1
0.592,0,0,1,1,0,1
0.593,0,0,1,1,0,1
0.594,0,0,1,1,0,1
0.595,0,0,1,1,0,1
0.596,0,0,1,1,0,1
0.597,0,0,1,1,0,1
0.598,0,0,1,1,0,1
0.599,0,0,1,1,0,1
0.6,0,0,1,1,0,1
